"utility","property","component","file","line","column","bucket"
"max-w-3","Tailwind built-in scale","App","apps/web/src/app/App.tsx","247","37","direct"
"space-y-5","Tailwind built-in scale","App","apps/web/src/app/App.tsx","247","47","direct"
"px-4","Tailwind built-in scale","App","apps/web/src/app/App.tsx","247","57","direct"
"py-6","Tailwind built-in scale","App","apps/web/src/app/App.tsx","247","62","direct"
"space-y-3","Tailwind built-in scale","App","apps/web/src/app/App.tsx","269","38","direct"
"max-w-xl","Tailwind built-in scale","App","apps/web/src/app/App.tsx","287","42","direct"
"gap-4","Tailwind built-in scale","App","apps/web/src/app/App.tsx","287","88","direct"
"px-6","Tailwind built-in scale","App","apps/web/src/app/App.tsx","287","94","direct"
"mt-2","Tailwind built-in scale","App","apps/web/src/app/App.tsx","298","24","direct"
"max-w-xl","Tailwind built-in scale","App","apps/web/src/app/App.tsx","317","45","direct"
"gap-4","Tailwind built-in scale","App","apps/web/src/app/App.tsx","317","91","direct"
"px-6","Tailwind built-in scale","App","apps/web/src/app/App.tsx","317","97","direct"
"mt-2","Tailwind built-in scale","App","apps/web/src/app/App.tsx","326","24","direct"
"w-full","Tailwind built-in scale","App","apps/web/src/app/App.tsx","350","29","direct"
"focus:left-3","Tailwind built-in scale","App","apps/web/src/app/App.tsx","355","59","direct"
"focus:top-3","Tailwind built-in scale","App","apps/web/src/app/App.tsx","355","72","direct"
"focus:rounded-lg","Tailwind built-in scale","App","apps/web/src/app/App.tsx","355","98","direct"
"focus:px-4","Tailwind built-in scale","App","apps/web/src/app/App.tsx","355","146","direct"
"focus:py-3","Tailwind built-in scale","App","apps/web/src/app/App.tsx","355","157","direct"
"md:pl-16","Tailwind built-in scale","App","apps/web/src/app/App.tsx","372","69","direct"
"md:pl-64","Tailwind built-in scale","App","apps/web/src/app/App.tsx","372","82","direct"
"max-w-6","Tailwind built-in scale","App","apps/web/src/app/App.tsx","374","34","direct"
"px-3","Tailwind built-in scale","App","apps/web/src/app/App.tsx","374","44","direct"
"pb-44","Tailwind built-in scale","App","apps/web/src/app/App.tsx","374","49","direct"
"sm:px-4","Tailwind built-in scale","App","apps/web/src/app/App.tsx","374","55","direct"
"sm:pb-28","Tailwind built-in scale","App","apps/web/src/app/App.tsx","374","63","direct"
"md:px-6","Tailwind built-in scale","App","apps/web/src/app/App.tsx","374","72","direct"
"md:pb-20","Tailwind built-in scale","App","apps/web/src/app/App.tsx","374","80","direct"
"lg:px-8","Tailwind built-in scale","App","apps/web/src/app/App.tsx","374","89","direct"
"min-w-0","Tailwind built-in scale","App","apps/web/src/app/App.tsx","423","25","direct"
"gap-x-3","Tailwind built-in scale","App","apps/web/src/app/App.tsx","423","77","direct"
"gap-y-1","Tailwind built-in scale","App","apps/web/src/app/App.tsx","423","85","direct"
"min-w-0","Tailwind built-in scale","App","apps/web/src/app/App.tsx","425","20","direct"
"max-w-full","Tailwind built-in scale","App","apps/web/src/app/App.tsx","425","27","direct"
"rounded-full","Tailwind built-in scale","App","apps/web/src/app/App.tsx","438","45","direct"
"px-3","Tailwind built-in scale","App","apps/web/src/app/App.tsx","438","58","direct"
"py-1","Tailwind built-in scale","App","apps/web/src/app/App.tsx","438","63","direct"
"min-w-0","Tailwind built-in scale","App","apps/web/src/app/App.tsx","449","20","direct"
"max-w-full","Tailwind built-in scale","App","apps/web/src/app/App.tsx","449","27","direct"
"md:mt-1","Tailwind built-in scale","App","apps/web/src/app/App.tsx","449","61","direct"
"gap-1.5","Tailwind built-in scale","App","apps/web/src/app/App.tsx","461","70","direct"
"rounded-full","Tailwind built-in scale","App","apps/web/src/app/App.tsx","461","78","direct"
"px-3","Tailwind built-in scale","App","apps/web/src/app/App.tsx","461","91","direct"
"py-1","Tailwind built-in scale","App","apps/web/src/app/App.tsx","461","96","direct"
"w-full","Tailwind built-in scale","App","apps/web/src/app/App.tsx","634","29","direct"
"focus:left-3","Tailwind built-in scale","App","apps/web/src/app/App.tsx","639","59","direct"
"focus:top-3","Tailwind built-in scale","App","apps/web/src/app/App.tsx","639","72","direct"
"focus:rounded-lg","Tailwind built-in scale","App","apps/web/src/app/App.tsx","639","98","direct"
"focus:px-4","Tailwind built-in scale","App","apps/web/src/app/App.tsx","639","146","direct"
"focus:py-3","Tailwind built-in scale","App","apps/web/src/app/App.tsx","639","157","direct"
"md:pl-16","Tailwind built-in scale","App","apps/web/src/app/App.tsx","657","69","direct"
"md:pl-64","Tailwind built-in scale","App","apps/web/src/app/App.tsx","657","82","direct"
"max-w-6","Tailwind built-in scale","App","apps/web/src/app/App.tsx","660","31","direct"
"px-3","Tailwind built-in scale","App","apps/web/src/app/App.tsx","660","41","direct"
"pb-44","Tailwind built-in scale","App","apps/web/src/app/App.tsx","660","46","direct"
"sm:px-4","Tailwind built-in scale","App","apps/web/src/app/App.tsx","660","52","direct"
"sm:pb-28","Tailwind built-in scale","App","apps/web/src/app/App.tsx","660","60","direct"
"md:px-6","Tailwind built-in scale","App","apps/web/src/app/App.tsx","660","69","direct"
"lg:px-8","Tailwind built-in scale","App","apps/web/src/app/App.tsx","660","77","direct"
"lg:pb-20","Tailwind built-in scale","App","apps/web/src/app/App.tsx","660","85","direct"
"mb-2","Tailwind built-in scale","App","apps/web/src/app/App.tsx","667","54","direct"
"md:mb-5","Tailwind built-in scale","App","apps/web/src/app/App.tsx","667","58","direct"
"mb-5","Tailwind built-in scale","App","apps/web/src/app/App.tsx","667","71","direct"
"w-full","Tailwind built-in scale","components/AlertBanner","apps/web/src/app/components/AlertBanner.tsx","38","18","direct"
"rounded-3","Tailwind built-in scale","components/AlertBanner","apps/web/src/app/components/AlertBanner.tsx","38","49","direct"
"px-5","Tailwind built-in scale","components/AlertBanner","apps/web/src/app/components/AlertBanner.tsx","38","61","direct"
"py-4","Tailwind built-in scale","components/AlertBanner","apps/web/src/app/components/AlertBanner.tsx","38","66","direct"
"gap-4","Tailwind built-in scale","components/AlertBanner","apps/web/src/app/components/AlertBanner.tsx","38","89","direct"
"min-w-0","Tailwind built-in scale","components/AlertBanner","apps/web/src/app/components/AlertBanner.tsx","54","23","direct"
"bottom-0","Tailwind built-in scale","components/AppSidebar","apps/web/src/app/components/AppSidebar.tsx","132","27","direct"
"left-0","Tailwind built-in scale","components/AppSidebar","apps/web/src/app/components/AppSidebar.tsx","132","36","direct"
"right-0","Tailwind built-in scale","components/AppSidebar","apps/web/src/app/components/AppSidebar.tsx","132","43","direct"
"px-2","Tailwind built-in scale","components/AppSidebar","apps/web/src/app/components/AppSidebar.tsx","132","99","direct"
"min-w-0","Tailwind built-in scale","components/AppSidebar","apps/web/src/app/components/AppSidebar.tsx","149","41","direct"
"gap-1","Tailwind built-in scale","components/AppSidebar","apps/web/src/app/components/AppSidebar.tsx","149","116","direct"
"py-1.5","Tailwind built-in scale","components/AppSidebar","apps/web/src/app/components/AppSidebar.tsx","149","122","direct"
"h-8","Tailwind built-in scale","components/AppSidebar","apps/web/src/app/components/AppSidebar.tsx","154","34","direct"
"w-11","Tailwind built-in scale","components/AppSidebar","apps/web/src/app/components/AppSidebar.tsx","154","38","direct"
"max-w-full","Tailwind built-in scale","components/AppSidebar","apps/web/src/app/components/AppSidebar.tsx","154","43","direct"
"max-[19rem]:w-8","Tailwind built-in scale","components/AppSidebar","apps/web/src/app/components/AppSidebar.tsx","154","54","direct"
"rounded-2","Tailwind built-in scale","components/AppSidebar","apps/web/src/app/components/AppSidebar.tsx","154","98","direct"
"max-w-full","Tailwind built-in scale","components/AppSidebar","apps/web/src/app/components/AppSidebar.tsx","168","30","direct"
"right-4","Tailwind built-in scale","components/AppSidebar","apps/web/src/app/components/AppSidebar.tsx","186","40","direct"
"top-1","Tailwind built-in scale","components/AppSidebar","apps/web/src/app/components/AppSidebar.tsx","186","48","direct"
"h-4","Tailwind built-in scale","components/AppSidebar","apps/web/src/app/components/AppSidebar.tsx","186","59","direct"
"min-w-4","Tailwind built-in scale","components/AppSidebar","apps/web/src/app/components/AppSidebar.tsx","186","63","direct"
"rounded-full","Tailwind built-in scale","components/AppSidebar","apps/web/src/app/components/AppSidebar.tsx","186","99","direct"
"px-1","Tailwind built-in scale","components/AppSidebar","apps/web/src/app/components/AppSidebar.tsx","186","112","direct"
"min-w-0","Tailwind built-in scale","components/AppSidebar","apps/web/src/app/components/AppSidebar.tsx","208","37","direct"
"gap-1","Tailwind built-in scale","components/AppSidebar","apps/web/src/app/components/AppSidebar.tsx","208","112","direct"
"py-1.5","Tailwind built-in scale","components/AppSidebar","apps/web/src/app/components/AppSidebar.tsx","208","118","direct"
"h-8","Tailwind built-in scale","components/AppSidebar","apps/web/src/app/components/AppSidebar.tsx","215","30","direct"
"w-11","Tailwind built-in scale","components/AppSidebar","apps/web/src/app/components/AppSidebar.tsx","215","34","direct"
"max-w-full","Tailwind built-in scale","components/AppSidebar","apps/web/src/app/components/AppSidebar.tsx","215","39","direct"
"max-[19rem]:w-8","Tailwind built-in scale","components/AppSidebar","apps/web/src/app/components/AppSidebar.tsx","215","50","direct"
"rounded-2","Tailwind built-in scale","components/AppSidebar","apps/web/src/app/components/AppSidebar.tsx","215","94","direct"
"max-w-full","Tailwind built-in scale","components/AppSidebar","apps/web/src/app/components/AppSidebar.tsx","235","26","direct"
"right-4","Tailwind built-in scale","components/AppSidebar","apps/web/src/app/components/AppSidebar.tsx","255","36","direct"
"top-1","Tailwind built-in scale","components/AppSidebar","apps/web/src/app/components/AppSidebar.tsx","255","44","direct"
"h-4","Tailwind built-in scale","components/AppSidebar","apps/web/src/app/components/AppSidebar.tsx","255","55","direct"
"min-w-4","Tailwind built-in scale","components/AppSidebar","apps/web/src/app/components/AppSidebar.tsx","255","59","direct"
"rounded-full","Tailwind built-in scale","components/AppSidebar","apps/web/src/app/components/AppSidebar.tsx","255","95","direct"
"px-1","Tailwind built-in scale","components/AppSidebar","apps/web/src/app/components/AppSidebar.tsx","255","108","direct"
"right-2","Tailwind built-in scale","components/AppSidebar","apps/web/src/app/components/AppSidebar.tsx","300","29","direct"
"w-52","Tailwind built-in scale","components/AppSidebar","apps/web/src/app/components/AppSidebar.tsx","300","42","direct"
"rounded-2","Tailwind built-in scale","components/AppSidebar","apps/web/src/app/components/AppSidebar.tsx","300","82","direct"
"p-2","Tailwind built-in scale","components/AppSidebar","apps/web/src/app/components/AppSidebar.tsx","300","101","direct"
"w-full","Tailwind built-in scale","components/AppSidebar","apps/web/src/app/components/AppSidebar.tsx","320","72","direct"
"gap-3","Tailwind built-in scale","components/AppSidebar","apps/web/src/app/components/AppSidebar.tsx","320","107","direct"
"rounded-xl","Tailwind built-in scale","components/AppSidebar","apps/web/src/app/components/AppSidebar.tsx","320","113","direct"
"px-3","Tailwind built-in scale","components/AppSidebar","apps/web/src/app/components/AppSidebar.tsx","320","124","direct"
"py-2.5","Tailwind built-in scale","components/AppSidebar","apps/web/src/app/components/AppSidebar.tsx","320","129","direct"
"h-5","Tailwind built-in scale","components/AppSidebar","apps/web/src/app/components/AppSidebar.tsx","338","38","direct"
"min-w-5","Tailwind built-in scale","components/AppSidebar","apps/web/src/app/components/AppSidebar.tsx","338","42","direct"
"rounded-full","Tailwind built-in scale","components/AppSidebar","apps/web/src/app/components/AppSidebar.tsx","338","78","direct"
"px-1.5","Tailwind built-in scale","components/AppSidebar","apps/web/src/app/components/AppSidebar.tsx","338","91","direct"
"min-h-11","Tailwind built-in scale","components/AppSidebar","apps/web/src/app/components/AppSidebar.tsx","361","30","direct"
"w-full","Tailwind built-in scale","components/AppSidebar","apps/web/src/app/components/AppSidebar.tsx","361","39","direct"
"gap-3","Tailwind built-in scale","components/AppSidebar","apps/web/src/app/components/AppSidebar.tsx","361","74","direct"
"rounded-xl","Tailwind built-in scale","components/AppSidebar","apps/web/src/app/components/AppSidebar.tsx","361","80","direct"
"px-3","Tailwind built-in scale","components/AppSidebar","apps/web/src/app/components/AppSidebar.tsx","361","91","direct"
"py-2.5","Tailwind built-in scale","components/AppSidebar","apps/web/src/app/components/AppSidebar.tsx","361","96","direct"
"mt-1","Tailwind built-in scale","components/AppSidebar","apps/web/src/app/components/AppSidebar.tsx","373","26","direct"
"w-full","Tailwind built-in scale","components/AppSidebar","apps/web/src/app/components/AppSidebar.tsx","373","73","direct"
"gap-3","Tailwind built-in scale","components/AppSidebar","apps/web/src/app/components/AppSidebar.tsx","373","108","direct"
"rounded-xl","Tailwind built-in scale","components/AppSidebar","apps/web/src/app/components/AppSidebar.tsx","373","114","direct"
"px-3","Tailwind built-in scale","components/AppSidebar","apps/web/src/app/components/AppSidebar.tsx","373","134","direct"
"py-2.5","Tailwind built-in scale","components/AppSidebar","apps/web/src/app/components/AppSidebar.tsx","373","139","direct"
"rounded-full","Tailwind built-in scale","components/AppSidebar","apps/web/src/app/components/AppSidebar.tsx","397","79","direct"
"gap-3","Tailwind built-in scale","components/AppSidebar","apps/web/src/app/components/AppSidebar.tsx","436","62","direct"
"rounded-xl","Tailwind built-in scale","components/AppSidebar","apps/web/src/app/components/AppSidebar.tsx","436","68","direct"
"px-3","Tailwind built-in scale","components/AppSidebar","apps/web/src/app/components/AppSidebar.tsx","436","86","direct"
"h-5","Tailwind built-in scale","components/AppSidebar","apps/web/src/app/components/AppSidebar.tsx","452","28","direct"
"min-w-5","Tailwind built-in scale","components/AppSidebar","apps/web/src/app/components/AppSidebar.tsx","452","32","direct"
"rounded-full","Tailwind built-in scale","components/AppSidebar","apps/web/src/app/components/AppSidebar.tsx","452","68","direct"
"px-1.5","Tailwind built-in scale","components/AppSidebar","apps/web/src/app/components/AppSidebar.tsx","452","81","direct"
"left-0","Tailwind built-in scale","components/AppSidebar","apps/web/src/app/components/AppSidebar.tsx","475","25","direct"
"top-0","Tailwind built-in scale","components/AppSidebar","apps/web/src/app/components/AppSidebar.tsx","475","32","direct"
"h-full","Tailwind built-in scale","components/AppSidebar","apps/web/src/app/components/AppSidebar.tsx","475","48","direct"
"pt-5","Tailwind built-in scale","components/AppSidebar","apps/web/src/app/components/AppSidebar.tsx","486","57","direct"
"rounded-lg","Tailwind built-in scale","components/AppSidebar","apps/web/src/app/components/AppSidebar.tsx","494","80","direct"
"mt-8","Tailwind built-in scale","components/AppSidebar","apps/web/src/app/components/AppSidebar.tsx","534","22","direct"
"rounded-xl","Tailwind built-in scale","components/AppSidebar","apps/web/src/app/components/AppSidebar.tsx","544","84","direct"
"rounded-full","Tailwind built-in scale","components/AppSidebar","apps/web/src/app/components/AppSidebar.tsx","562","40","direct"
"gap-3","Tailwind built-in scale","components/AppSidebar","apps/web/src/app/components/AppSidebar.tsx","579","59","direct"
"pb-5","Tailwind built-in scale","components/AppSidebar","apps/web/src/app/components/AppSidebar.tsx","579","65","direct"
"rounded-xl","Tailwind built-in scale","components/AppSidebar","apps/web/src/app/components/AppSidebar.tsx","584","80","direct"
"rounded-full","Tailwind built-in scale","components/AppSidebar","apps/web/src/app/components/AppSidebar.tsx","611","80","direct"
"left-0","Tailwind built-in scale","components/AppSidebar","apps/web/src/app/components/AppSidebar.tsx","630","23","direct"
"top-0","Tailwind built-in scale","components/AppSidebar","apps/web/src/app/components/AppSidebar.tsx","630","30","direct"
"h-full","Tailwind built-in scale","components/AppSidebar","apps/web/src/app/components/AppSidebar.tsx","630","46","direct"
"gap-2.5","Tailwind built-in scale","components/AppSidebar","apps/web/src/app/components/AppSidebar.tsx","640","40","direct"
"px-4","Tailwind built-in scale","components/AppSidebar","apps/web/src/app/components/AppSidebar.tsx","640","48","direct"
"pt-6","Tailwind built-in scale","components/AppSidebar","apps/web/src/app/components/AppSidebar.tsx","640","53","direct"
"rounded-lg","Tailwind built-in scale","components/AppSidebar","apps/web/src/app/components/AppSidebar.tsx","666","78","direct"
"mt-6","Tailwind built-in scale","components/AppSidebar","apps/web/src/app/components/AppSidebar.tsx","683","20","direct"
"gap-1.5","Tailwind built-in scale","components/AppSidebar","apps/web/src/app/components/AppSidebar.tsx","683","38","direct"
"px-3","Tailwind built-in scale","components/AppSidebar","apps/web/src/app/components/AppSidebar.tsx","683","46","direct"
"px-3","Tailwind built-in scale","components/AppSidebar","apps/web/src/app/components/AppSidebar.tsx","696","44","direct"
"pb-2","Tailwind built-in scale","components/AppSidebar","apps/web/src/app/components/AppSidebar.tsx","696","49","direct"
"w-full","Tailwind built-in scale","components/AppSidebar","apps/web/src/app/components/AppSidebar.tsx","702","24","direct"
"gap-2.5","Tailwind built-in scale","components/AppSidebar","apps/web/src/app/components/AppSidebar.tsx","702","44","direct"
"rounded-full","Tailwind built-in scale","components/AppSidebar","apps/web/src/app/components/AppSidebar.tsx","710","63","direct"
"min-w-0","Tailwind built-in scale","components/AppSidebar","apps/web/src/app/components/AppSidebar.tsx","724","30","direct"
"max-w-full","Tailwind built-in scale","components/AppSidebar","apps/web/src/app/components/AppSidebar.tsx","726","24","direct"
"max-w-full","Tailwind built-in scale","components/AppSidebar","apps/web/src/app/components/AppSidebar.tsx","740","24","direct"
"h-9","Tailwind built-in scale","components/AppSidebar","apps/web/src/app/components/AppSidebar.tsx","759","26","direct"
"w-9","Tailwind built-in scale","components/AppSidebar","apps/web/src/app/components/AppSidebar.tsx","759","30","direct"
"rounded-lg","Tailwind built-in scale","components/AppSidebar","apps/web/src/app/components/AppSidebar.tsx","759","86","direct"
"h-full","Tailwind built-in scale","components/ChamberCardShell","apps/web/src/app/components/ChamberCardShell.tsx","38","29","direct"
"min-w-0","Tailwind built-in scale","components/ChamberCardShell","apps/web/src/app/components/ChamberCardShell.tsx","38","36","direct"
"rounded-2","Tailwind built-in scale","components/ChamberCardShell","apps/web/src/app/components/ChamberCardShell.tsx","38","115","direct"
"md:min-h-0","Tailwind built-in scale","components/ChamberCardShell","apps/web/src/app/components/ChamberCardShell.tsx","38","162","direct"
"h-full","Tailwind built-in scale","components/ChamberCardShell","apps/web/src/app/components/ChamberCardShell.tsx","46","27","direct"
"min-h-0","Tailwind built-in scale","components/ChamberCardShell","apps/web/src/app/components/ChamberCardShell.tsx","46","34","direct"
"p-5","Tailwind built-in scale","components/ChamberCardShell","apps/web/src/app/components/ChamberCardShell.tsx","46","58","direct"
"mb-4","Tailwind built-in scale","components/ChamberCardShell","apps/web/src/app/components/ChamberCardShell.tsx","62","28","direct"
"min-w-0","Tailwind built-in scale","components/ChamberCardShell","apps/web/src/app/components/ChamberCardShell.tsx","62","32","direct"
"min-w-0","Tailwind built-in scale","components/ChamberCardShell","apps/web/src/app/components/ChamberCardShell.tsx","63","27","direct"
"gap-3","Tailwind built-in scale","components/ChamberCardShell","apps/web/src/app/components/ChamberCardShell.tsx","63","63","direct"
"min-w-0","Tailwind built-in scale","components/ChamberCardShell","apps/web/src/app/components/ChamberCardShell.tsx","64","25","direct"
"max-w-full","Tailwind built-in scale","components/ChamberCardShell","apps/web/src/app/components/ChamberCardShell.tsx","67","28","direct"
"mt-0.5","Tailwind built-in scale","components/ChamberCardShell","apps/web/src/app/components/ChamberCardShell.tsx","82","18","direct"
"min-w-0","Tailwind built-in scale","components/ChamberCardShell","apps/web/src/app/components/ChamberCardShell.tsx","82","24","direct"
"gap-2","Tailwind built-in scale","components/ChamberCardShell","apps/web/src/app/components/ChamberCardShell.tsx","83","71","direct"
"max-w-full","Tailwind built-in scale","components/ChamberCardShell","apps/web/src/app/components/ChamberCardShell.tsx","88","20","direct"
"min-w-0","Tailwind built-in scale","components/ChamberCardShell","apps/web/src/app/components/ChamberCardShell.tsx","89","40","direct"
"mt-4","Tailwind built-in scale","components/ChamberCardShell","apps/web/src/app/components/ChamberCardShell.tsx","121","10","direct"
"gap-2","Tailwind built-in scale","components/ChamberCardShell","apps/web/src/app/components/ChamberCardShell.tsx","121","48","direct"
"rounded-full","Tailwind built-in scale","components/ChamberCardShell","apps/web/src/app/components/ChamberCardShell.tsx","121","54","direct"
"p-1.5","Tailwind built-in scale","components/ChamberCardShell","apps/web/src/app/components/ChamberCardShell.tsx","121","67","direct"
"mb-4","Tailwind built-in scale","components/FarmDataStatus","apps/web/src/app/components/FarmDataStatus.tsx","35","20","direct"
"gap-2","Tailwind built-in scale","components/FarmDataStatus","apps/web/src/app/components/FarmDataStatus.tsx","35","41","direct"
"rounded-xl","Tailwind built-in scale","components/FarmDataStatus","apps/web/src/app/components/FarmDataStatus.tsx","35","47","direct"
"px-3","Tailwind built-in scale","components/FarmDataStatus","apps/web/src/app/components/FarmDataStatus.tsx","35","65","direct"
"py-2.5","Tailwind built-in scale","components/FarmDataStatus","apps/web/src/app/components/FarmDataStatus.tsx","35","70","direct"
"mt-0.5","Tailwind built-in scale","components/FarmDataStatus","apps/web/src/app/components/FarmDataStatus.tsx","47","22","direct"
"text-sm","Tailwind built-in scale","components/FarmDataStatus","apps/web/src/app/components/FarmDataStatus.tsx","50","23","direct"
"mb-4","Tailwind built-in scale","components/FarmDataStatus","apps/web/src/app/components/FarmDataStatus.tsx","61","20","direct"
"gap-3","Tailwind built-in scale","components/FarmDataStatus","apps/web/src/app/components/FarmDataStatus.tsx","61","68","direct"
"rounded-xl","Tailwind built-in scale","components/FarmDataStatus","apps/web/src/app/components/FarmDataStatus.tsx","61","74","direct"
"px-3","Tailwind built-in scale","components/FarmDataStatus","apps/web/src/app/components/FarmDataStatus.tsx","61","92","direct"
"py-2.5","Tailwind built-in scale","components/FarmDataStatus","apps/web/src/app/components/FarmDataStatus.tsx","61","97","direct"
"min-w-0","Tailwind built-in scale","components/FarmDataStatus","apps/web/src/app/components/FarmDataStatus.tsx","69","29","direct"
"gap-2","Tailwind built-in scale","components/FarmDataStatus","apps/web/src/app/components/FarmDataStatus.tsx","69","49","direct"
"mt-0.5","Tailwind built-in scale","components/FarmDataStatus","apps/web/src/app/components/FarmDataStatus.tsx","73","24","direct"
"min-w-0","Tailwind built-in scale","components/FarmDataStatus","apps/web/src/app/components/FarmDataStatus.tsx","76","25","direct"
"text-sm","Tailwind built-in scale","components/FarmDataStatus","apps/web/src/app/components/FarmDataStatus.tsx","76","32","direct"
"py-3","Tailwind built-in scale","components/FeatureDataStatus","apps/web/src/app/components/FeatureDataStatus.tsx","13","35","direct"
"text-sm","Tailwind built-in scale","components/FeatureDataStatus","apps/web/src/app/components/FeatureDataStatus.tsx","13","39","direct"
"my-3","Tailwind built-in scale","components/FeatureDataStatus","apps/web/src/app/components/FeatureDataStatus.tsx","21","18","direct"
"gap-3","Tailwind built-in scale","components/FeatureDataStatus","apps/web/src/app/components/FeatureDataStatus.tsx","21","66","direct"
"rounded-xl","Tailwind built-in scale","components/FeatureDataStatus","apps/web/src/app/components/FeatureDataStatus.tsx","21","72","direct"
"p-3","Tailwind built-in scale","components/FeatureDataStatus","apps/web/src/app/components/FeatureDataStatus.tsx","21","154","direct"
"min-w-0","Tailwind built-in scale","components/FeatureDataStatus","apps/web/src/app/components/FeatureDataStatus.tsx","23","23","direct"
"text-sm","Tailwind built-in scale","components/FeatureDataStatus","apps/web/src/app/components/FeatureDataStatus.tsx","23","37","direct"
"gap-2","Tailwind built-in scale","components/FieldCounterLabel","apps/web/src/app/components/FieldCounterLabel.tsx","26","56","direct"
"mt-1","Tailwind built-in scale","components/GaugeDial","apps/web/src/app/components/GaugeDial.tsx","170","23","direct"
"p-0","Tailwind built-in scale","components/HarvestModal","apps/web/src/app/components/HarvestModal.tsx","74","92","direct"
"px-5","Tailwind built-in scale","components/HarvestModal","apps/web/src/app/components/HarvestModal.tsx","81","34","direct"
"pt-5","Tailwind built-in scale","components/HarvestModal","apps/web/src/app/components/HarvestModal.tsx","81","38","direct"
"mt-1.5","Tailwind built-in scale","components/HarvestModal","apps/web/src/app/components/HarvestModal.tsx","105","24","direct"
"space-y-4","Tailwind built-in scale","components/HarvestModal","apps/web/src/app/components/HarvestModal.tsx","117","25","direct"
"px-5","Tailwind built-in scale","components/HarvestModal","apps/web/src/app/components/HarvestModal.tsx","117","34","direct"
"mt-1.5","Tailwind built-in scale","components/HarvestModal","apps/web/src/app/components/HarvestModal.tsx","138","26","direct"
"rounded-xl","Tailwind built-in scale","components/HarvestModal","apps/web/src/app/components/HarvestModal.tsx","138","32","direct"
"mt-1.5","Tailwind built-in scale","components/HarvestModal","apps/web/src/app/components/HarvestModal.tsx","150","28","direct"
"mt-1.5","Tailwind built-in scale","components/HarvestModal","apps/web/src/app/components/HarvestModal.tsx","162","28","direct"
"rounded-xl","Tailwind built-in scale","components/HarvestModal","apps/web/src/app/components/HarvestModal.tsx","174","57","direct"
"px-3.5","Tailwind built-in scale","components/HarvestModal","apps/web/src/app/components/HarvestModal.tsx","174","68","direct"
"py-2.5","Tailwind built-in scale","components/HarvestModal","apps/web/src/app/components/HarvestModal.tsx","174","75","direct"
"bottom-0","Tailwind built-in scale","components/HarvestModal","apps/web/src/app/components/HarvestModal.tsx","234","28","direct"
"px-5","Tailwind built-in scale","components/HarvestModal","apps/web/src/app/components/HarvestModal.tsx","234","37","direct"
"py-4","Tailwind built-in scale","components/HarvestModal","apps/web/src/app/components/HarvestModal.tsx","234","42","direct"
"gap-2","Tailwind built-in scale","components/HarvestModal","apps/web/src/app/components/HarvestModal.tsx","240","60","direct"
"rounded-full","Tailwind built-in scale","components/HarvestModal","apps/web/src/app/components/HarvestModal.tsx","243","26","direct"
"rounded-full","Tailwind built-in scale","components/HarvestModal","apps/web/src/app/components/HarvestModal.tsx","257","26","direct"
"px-5","Tailwind built-in scale","components/HarvestModal","apps/web/src/app/components/HarvestModal.tsx","257","38","direct"
"bottom-6","Tailwind built-in scale","components/HelpWidget","apps/web/src/app/components/HelpWidget.tsx","52","27","direct"
"right-6","Tailwind built-in scale","components/HelpWidget","apps/web/src/app/components/HelpWidget.tsx","52","36","direct"
"h-14","Tailwind built-in scale","components/HelpWidget","apps/web/src/app/components/HelpWidget.tsx","52","56","direct"
"w-14","Tailwind built-in scale","components/HelpWidget","apps/web/src/app/components/HelpWidget.tsx","52","61","direct"
"rounded-2","Tailwind built-in scale","components/HelpWidget","apps/web/src/app/components/HelpWidget.tsx","52","109","direct"
"h-11","Tailwind built-in scale","components/HelpWidget","apps/web/src/app/components/HelpWidget.tsx","64","24","direct"
"w-11","Tailwind built-in scale","components/HelpWidget","apps/web/src/app/components/HelpWidget.tsx","64","28","direct"
"rounded-xl","Tailwind built-in scale","components/HelpWidget","apps/web/src/app/components/HelpWidget.tsx","64","33","direct"
"-right-1","Tailwind built-in scale","components/HelpWidget","apps/web/src/app/components/HelpWidget.tsx","67","32","direct"
"-top-1","Tailwind built-in scale","components/HelpWidget","apps/web/src/app/components/HelpWidget.tsx","67","41","direct"
"h-5","Tailwind built-in scale","components/HelpWidget","apps/web/src/app/components/HelpWidget.tsx","67","53","direct"
"w-5","Tailwind built-in scale","components/HelpWidget","apps/web/src/app/components/HelpWidget.tsx","67","57","direct"
"rounded-full","Tailwind built-in scale","components/HelpWidget","apps/web/src/app/components/HelpWidget.tsx","67","89","direct"
"gap-0","Tailwind built-in scale","components/HelpWidget","apps/web/src/app/components/HelpWidget.tsx","76","20","direct"
"rounded-2","Tailwind built-in scale","components/HelpWidget","apps/web/src/app/components/HelpWidget.tsx","76","25","direct"
"p-0","Tailwind built-in scale","components/HelpWidget","apps/web/src/app/components/HelpWidget.tsx","76","37","direct"
"md:max-w-sm","Tailwind built-in scale","components/HelpWidget","apps/web/src/app/components/HelpWidget.tsx","76","41","direct"
"md:p-0","Tailwind built-in scale","components/HelpWidget","apps/web/src/app/components/HelpWidget.tsx","76","53","direct"
"top-0","Tailwind built-in scale","components/HelpWidget","apps/web/src/app/components/HelpWidget.tsx","89","28","direct"
"gap-3","Tailwind built-in scale","components/HelpWidget","apps/web/src/app/components/HelpWidget.tsx","89","73","direct"
"px-4","Tailwind built-in scale","components/HelpWidget","apps/web/src/app/components/HelpWidget.tsx","89","88","direct"
"py-3","Tailwind built-in scale","components/HelpWidget","apps/web/src/app/components/HelpWidget.tsx","89","93","direct"
"min-w-0","Tailwind built-in scale","components/HelpWidget","apps/web/src/app/components/HelpWidget.tsx","95","27","direct"
"mt-1","Tailwind built-in scale","components/HelpWidget","apps/web/src/app/components/HelpWidget.tsx","99","43","direct"
"min-h-11","Tailwind built-in scale","components/HelpWidget","apps/web/src/app/components/HelpWidget.tsx","103","39","direct"
"rounded-lg","Tailwind built-in scale","components/HelpWidget","apps/web/src/app/components/HelpWidget.tsx","103","100","direct"
"px-3","Tailwind built-in scale","components/HelpWidget","apps/web/src/app/components/HelpWidget.tsx","103","111","direct"
"space-y-4","Tailwind built-in scale","components/HelpWidget","apps/web/src/app/components/HelpWidget.tsx","107","25","direct"
"p-4","Tailwind built-in scale","components/HelpWidget","apps/web/src/app/components/HelpWidget.tsx","107","34","direct"
"space-y-2","Tailwind built-in scale","components/HelpWidget","apps/web/src/app/components/HelpWidget.tsx","109","27","direct"
"min-h-11","Tailwind built-in scale","components/HelpWidget","apps/web/src/app/components/HelpWidget.tsx","117","34","direct"
"w-full","Tailwind built-in scale","components/HelpWidget","apps/web/src/app/components/HelpWidget.tsx","117","43","direct"
"gap-3","Tailwind built-in scale","components/HelpWidget","apps/web/src/app/components/HelpWidget.tsx","117","94","direct"
"rounded-xl","Tailwind built-in scale","components/HelpWidget","apps/web/src/app/components/HelpWidget.tsx","117","100","direct"
"px-3","Tailwind built-in scale","components/HelpWidget","apps/web/src/app/components/HelpWidget.tsx","117","118","direct"
"py-3","Tailwind built-in scale","components/HelpWidget","apps/web/src/app/components/HelpWidget.tsx","117","123","direct"
"px-3","Tailwind built-in scale","components/HelpWidget","apps/web/src/app/components/HelpWidget.tsx","135","30","direct"
"py-3","Tailwind built-in scale","components/HelpWidget","apps/web/src/app/components/HelpWidget.tsx","135","34","direct"
"min-w-0","Tailwind built-in scale","components/IncubatorCard","apps/web/src/app/components/IncubatorCard.tsx","272","18","direct"
"min-w-0","Tailwind built-in scale","components/IncubatorCard","apps/web/src/app/components/IncubatorCard.tsx","295","24","direct"
"gap-1","Tailwind built-in scale","components/IncubatorCard","apps/web/src/app/components/IncubatorCard.tsx","295","45","direct"
"min-w-0","Tailwind built-in scale","components/IncubatorCard","apps/web/src/app/components/IncubatorCard.tsx","307","22","direct"
"inset-0","Tailwind built-in scale","components/IncubatorCard","apps/web/src/app/components/IncubatorCard.tsx","402","28","direct"
"min-w-0","Tailwind built-in scale","components/IncubatorCard","apps/web/src/app/components/IncubatorCard.tsx","409","26","direct"
"gap-1.5","Tailwind built-in scale","components/IncubatorCard","apps/web/src/app/components/IncubatorCard.tsx","438","59","direct"
"rounded-full","Tailwind built-in scale","components/IncubatorCard","apps/web/src/app/components/IncubatorCard.tsx","446","61","direct"
"px-2.5","Tailwind built-in scale","components/IncubatorCard","apps/web/src/app/components/IncubatorCard.tsx","446","74","direct"
"py-0.5","Tailwind built-in scale","components/IncubatorCard","apps/web/src/app/components/IncubatorCard.tsx","446","81","direct"
"px-4","Tailwind built-in scale","components/IncubatorCard","apps/web/src/app/components/IncubatorCard.tsx","474","101","direct"
"py-5","Tailwind built-in scale","components/IncubatorCard","apps/web/src/app/components/IncubatorCard.tsx","474","106","direct"
"gap-2","Tailwind built-in scale","components/IncubatorCard","apps/web/src/app/components/IncubatorCard.tsx","503","43","direct"
"gap-2","Tailwind built-in scale","components/IncubatorCard","apps/web/src/app/components/IncubatorCard.tsx","538","59","direct"
"w-full","Tailwind built-in scale","components/IncubatorCard","apps/web/src/app/components/IncubatorCard.tsx","567","26","direct"
"rounded-full","Tailwind built-in scale","components/IncubatorCard","apps/web/src/app/components/IncubatorCard.tsx","567","48","direct"
"min-w-0","Tailwind built-in scale","components/IncubatorCard","apps/web/src/app/components/IncubatorCard.tsx","597","29","direct"
"gap-2","Tailwind built-in scale","components/IncubatorCard","apps/web/src/app/components/IncubatorCard.tsx","597","50","direct"
"pl-1.5","Tailwind built-in scale","components/IncubatorCard","apps/web/src/app/components/IncubatorCard.tsx","597","56","direct"
"ml-1","Tailwind built-in scale","components/IncubatorCard","apps/web/src/app/components/IncubatorCard.tsx","612","26","direct"
"h-3","Tailwind built-in scale","components/IncubatorCard","apps/web/src/app/components/IncubatorCard.tsx","612","30","direct"
"w-3","Tailwind built-in scale","components/IncubatorCard","apps/web/src/app/components/IncubatorCard.tsx","612","34","direct"
"rounded-full","Tailwind built-in scale","components/IncubatorCard","apps/web/src/app/components/IncubatorCard.tsx","612","47","direct"
"rounded-full","Tailwind built-in scale","components/IncubatorCard","apps/web/src/app/components/IncubatorCard.tsx","636","52","direct"
"rounded-full","Tailwind built-in scale","components/IncubatorCard","apps/web/src/app/components/IncubatorCard.tsx","658","52","direct"
"px-3","Tailwind built-in scale","components/KpiCard","apps/web/src/app/components/KpiCard.tsx","73","44","direct"
"py-2","Tailwind built-in scale","components/KpiCard","apps/web/src/app/components/KpiCard.tsx","73","49","direct"
"sm:px-4","Tailwind built-in scale","components/KpiCard","apps/web/src/app/components/KpiCard.tsx","73","54","direct"
"sm:py-2","Tailwind built-in scale","components/KpiCard","apps/web/src/app/components/KpiCard.tsx","73","62","direct"
"gap-3","Tailwind built-in scale","components/KpiCard","apps/web/src/app/components/KpiCard.tsx","77","34","direct"
"gap-3","Tailwind built-in scale","components/KpiCard","apps/web/src/app/components/KpiCard.tsx","78","34","direct"
"h-11","Tailwind built-in scale","components/KpiCard","apps/web/src/app/components/KpiCard.tsx","85","26","direct"
"w-11","Tailwind built-in scale","components/KpiCard","apps/web/src/app/components/KpiCard.tsx","85","31","direct"
"h-11","Tailwind built-in scale","components/KpiCard","apps/web/src/app/components/KpiCard.tsx","86","24","direct"
"w-11","Tailwind built-in scale","components/KpiCard","apps/web/src/app/components/KpiCard.tsx","86","29","direct"
"min-w-0","Tailwind built-in scale","components/KpiCard","apps/web/src/app/components/KpiCard.tsx","92","27","direct"
"mt-0.5","Tailwind built-in scale","components/KpiCard","apps/web/src/app/components/KpiCard.tsx","107","31","direct"
"gap-1.5","Tailwind built-in scale","components/KpiCard","apps/web/src/app/components/KpiCard.tsx","107","55","direct"
"h-5","Tailwind built-in scale","components/KpiCard","apps/web/src/app/components/KpiCard.tsx","110","30","direct"
"w-1","Tailwind built-in scale","components/KpiCard","apps/web/src/app/components/KpiCard.tsx","110","33","direct"
"rounded-full","Tailwind built-in scale","components/KpiCard","apps/web/src/app/components/KpiCard.tsx","110","46","direct"
"mt-0.5","Tailwind built-in scale","components/KpiCard","apps/web/src/app/components/KpiCard.tsx","129","28","direct"
"mt-1","Tailwind built-in scale","components/KpiCard","apps/web/src/app/components/KpiCard.tsx","145","27","direct"
"gap-2","Tailwind built-in scale","components/KpiCard","apps/web/src/app/components/KpiCard.tsx","145","50","direct"
"pt-2","Tailwind built-in scale","components/KpiCard","apps/web/src/app/components/KpiCard.tsx","145","95","direct"
"w-1.5","Tailwind built-in scale","components/KpiCard","apps/web/src/app/components/KpiCard.tsx","148","26","direct"
"rounded-full","Tailwind built-in scale","components/KpiCard","apps/web/src/app/components/KpiCard.tsx","148","40","direct"
"min-w-0","Tailwind built-in scale","components/KpiCard","apps/web/src/app/components/KpiCard.tsx","151","29","direct"
"gap-1","Tailwind built-in scale","components/KpiCard","apps/web/src/app/components/KpiCard.tsx","153","45","direct"
"right-3","Tailwind built-in scale","components/KpiCard","apps/web/src/app/components/KpiCard.tsx","186","32","direct"
"top-3","Tailwind built-in scale","components/KpiCard","apps/web/src/app/components/KpiCard.tsx","186","40","direct"
"gap-1","Tailwind built-in scale","components/KpiCard","apps/web/src/app/components/KpiCard.tsx","186","71","direct"
"rounded-full","Tailwind built-in scale","components/KpiCard","apps/web/src/app/components/KpiCard.tsx","186","77","direct"
"px-2","Tailwind built-in scale","components/KpiCard","apps/web/src/app/components/KpiCard.tsx","186","97","direct"
"py-0.5","Tailwind built-in scale","components/KpiCard","apps/web/src/app/components/KpiCard.tsx","186","102","direct"
"gap-1.5","Tailwind built-in scale","components/LiveDateTime","apps/web/src/app/components/LiveDateTime.tsx","50","37","direct"
"leading-none","Tailwind built-in scale","components/LiveDateTime","apps/web/src/app/components/LiveDateTime.tsx","50","55","direct"
"leading-none","Tailwind built-in scale","components/LiveDateTime","apps/web/src/app/components/LiveDateTime.tsx","72","61","direct"
"mb-2","Tailwind built-in scale","components/PageHeader","apps/web/src/app/components/PageHeader.tsx","90","27","direct"
"gap-2","Tailwind built-in scale","components/PageHeader","apps/web/src/app/components/PageHeader.tsx","90","65","direct"
"-ml-2","Tailwind built-in scale","components/PageHeader","apps/web/src/app/components/PageHeader.tsx","94","26","direct"
"min-w-0","Tailwind built-in scale","components/PageHeader","apps/web/src/app/components/PageHeader.tsx","94","43","direct"
"gap-1.5","Tailwind built-in scale","components/PageHeader","apps/web/src/app/components/PageHeader.tsx","94","79","direct"
"rounded-lg","Tailwind built-in scale","components/PageHeader","apps/web/src/app/components/PageHeader.tsx","94","87","direct"
"px-2","Tailwind built-in scale","components/PageHeader","apps/web/src/app/components/PageHeader.tsx","94","98","direct"
"py-1","Tailwind built-in scale","components/PageHeader","apps/web/src/app/components/PageHeader.tsx","94","103","direct"
"min-w-0","Tailwind built-in scale","components/PageHeader","apps/web/src/app/components/PageHeader.tsx","104","32","direct"
"pt-0.5","Tailwind built-in scale","components/PageHeader","apps/web/src/app/components/PageHeader.tsx","106","37","direct"
"gap-3","Tailwind built-in scale","components/PageHeader","apps/web/src/app/components/PageHeader.tsx","121","57","direct"
"min-w-0","Tailwind built-in scale","components/PageHeader","apps/web/src/app/components/PageHeader.tsx","122","27","direct"
"gap-x-3","Tailwind built-in scale","components/PageHeader","apps/web/src/app/components/PageHeader.tsx","127","60","direct"
"gap-y-1","Tailwind built-in scale","components/PageHeader","apps/web/src/app/components/PageHeader.tsx","127","68","direct"
"min-w-0","Tailwind built-in scale","components/PageHeader","apps/web/src/app/components/PageHeader.tsx","131","32","direct"
"max-w-full","Tailwind built-in scale","components/PageHeader","apps/web/src/app/components/PageHeader.tsx","131","39","direct"
"min-w-0","Tailwind built-in scale","components/PageHeader","apps/web/src/app/components/PageHeader.tsx","140","30","direct"
"max-w-full","Tailwind built-in scale","components/PageHeader","apps/web/src/app/components/PageHeader.tsx","140","37","direct"
"pt-0.5","Tailwind built-in scale","components/PageHeader","apps/web/src/app/components/PageHeader.tsx","153","37","direct"
"mb-2","Tailwind built-in scale","components/PageHeader","apps/web/src/app/components/PageHeader.tsx","176","25","direct"
"gap-2","Tailwind built-in scale","components/PageHeader","apps/web/src/app/components/PageHeader.tsx","176","63","direct"
"-ml-2","Tailwind built-in scale","components/PageHeader","apps/web/src/app/components/PageHeader.tsx","180","24","direct"
"min-w-0","Tailwind built-in scale","components/PageHeader","apps/web/src/app/components/PageHeader.tsx","180","41","direct"
"gap-1.5","Tailwind built-in scale","components/PageHeader","apps/web/src/app/components/PageHeader.tsx","180","77","direct"
"rounded-lg","Tailwind built-in scale","components/PageHeader","apps/web/src/app/components/PageHeader.tsx","180","85","direct"
"px-2","Tailwind built-in scale","components/PageHeader","apps/web/src/app/components/PageHeader.tsx","180","96","direct"
"py-1","Tailwind built-in scale","components/PageHeader","apps/web/src/app/components/PageHeader.tsx","180","101","direct"
"min-w-0","Tailwind built-in scale","components/PageHeader","apps/web/src/app/components/PageHeader.tsx","190","30","direct"
"gap-4","Tailwind built-in scale","components/PageHeader","apps/web/src/app/components/PageHeader.tsx","207","58","direct"
"min-w-0","Tailwind built-in scale","components/PageHeader","apps/web/src/app/components/PageHeader.tsx","208","25","direct"
"gap-x-3","Tailwind built-in scale","components/PageHeader","apps/web/src/app/components/PageHeader.tsx","211","58","direct"
"gap-y-2","Tailwind built-in scale","components/PageHeader","apps/web/src/app/components/PageHeader.tsx","211","66","direct"
"min-w-0","Tailwind built-in scale","components/PageHeader","apps/web/src/app/components/PageHeader.tsx","215","30","direct"
"max-w-full","Tailwind built-in scale","components/PageHeader","apps/web/src/app/components/PageHeader.tsx","215","37","direct"
"min-w-0","Tailwind built-in scale","components/PageHeader","apps/web/src/app/components/PageHeader.tsx","224","28","direct"
"gap-3","Tailwind built-in scale","components/PageHeader","apps/web/src/app/components/PageHeader.tsx","233","53","direct"
"pt-0.5","Tailwind built-in scale","components/PageHeader","apps/web/src/app/components/PageHeader.tsx","233","59","direct"
"gap-1","Tailwind built-in scale","components/PowerIndicator","apps/web/src/app/components/PowerIndicator.tsx","47","51","direct"
"rounded-full","Tailwind built-in scale","components/PowerIndicator","apps/web/src/app/components/PowerIndicator.tsx","47","57","direct"
"px-2","Tailwind built-in scale","components/PowerIndicator","apps/web/src/app/components/PowerIndicator.tsx","47","70","direct"
"py-1","Tailwind built-in scale","components/PowerIndicator","apps/web/src/app/components/PowerIndicator.tsx","47","75","direct"
"rounded-2","Tailwind built-in scale","components/RawReadingsDialog","apps/web/src/app/components/RawReadingsDialog.tsx","85","62","direct"
"md:max-w-2","Tailwind built-in scale","components/RawReadingsDialog","apps/web/src/app/components/RawReadingsDialog.tsx","85","74","direct"
"pt-8","Tailwind built-in scale","components/RawReadingsDialog","apps/web/src/app/components/RawReadingsDialog.tsx","86","34","direct"
"gap-3","Tailwind built-in scale","components/RawReadingsDialog","apps/web/src/app/components/RawReadingsDialog.tsx","95","52","direct"
"gap-2","Tailwind built-in scale","components/RawReadingsDialog","apps/web/src/app/components/RawReadingsDialog.tsx","106","69","direct"
"rounded-xl","Tailwind built-in scale","components/RawReadingsDialog","apps/web/src/app/components/RawReadingsDialog.tsx","119","53","direct"
"max-w-xl","Tailwind built-in scale","components/RecoveryBoundary","apps/web/src/app/components/RecoveryBoundary.tsx","32","27","direct"
"space-y-4","Tailwind built-in scale","components/RecoveryBoundary","apps/web/src/app/components/RecoveryBoundary.tsx","32","36","direct"
"rounded-2","Tailwind built-in scale","components/RecoveryBoundary","apps/web/src/app/components/RecoveryBoundary.tsx","32","46","direct"
"p-6","Tailwind built-in scale","components/RecoveryBoundary","apps/web/src/app/components/RecoveryBoundary.tsx","32","121","direct"
"text-xl","Tailwind built-in scale","components/RecoveryBoundary","apps/web/src/app/components/RecoveryBoundary.tsx","34","24","direct"
"gap-3","Tailwind built-in scale","components/RecoveryBoundary","apps/web/src/app/components/RecoveryBoundary.tsx","44","39","direct"
"min-h-11","Tailwind built-in scale","components/RecoveryBoundary","apps/web/src/app/components/RecoveryBoundary.tsx","69","35","direct"
"rounded-lg","Tailwind built-in scale","components/RecoveryBoundary","apps/web/src/app/components/RecoveryBoundary.tsx","69","57","direct"
"px-3","Tailwind built-in scale","components/RecoveryBoundary","apps/web/src/app/components/RecoveryBoundary.tsx","69","68","direct"
"gap-1","Tailwind built-in scale","components/StatusBadge","apps/web/src/app/components/StatusBadge.tsx","31","51","direct"
"rounded-full","Tailwind built-in scale","components/StatusBadge","apps/web/src/app/components/StatusBadge.tsx","31","75","direct"
"rounded-full","Tailwind built-in scale","components/StatusIconBadge","apps/web/src/app/components/StatusIconBadge.tsx","60","60","direct"
"max-w-6","Tailwind built-in scale","components/SuspenseFallback","apps/web/src/app/components/SuspenseFallback.tsx","4","25","direct"
"px-4","Tailwind built-in scale","components/SuspenseFallback","apps/web/src/app/components/SuspenseFallback.tsx","4","35","direct"
"py-12","Tailwind built-in scale","components/SuspenseFallback","apps/web/src/app/components/SuspenseFallback.tsx","4","40","direct"
"mb-4","Tailwind built-in scale","components/SuspenseFallback","apps/web/src/app/components/SuspenseFallback.tsx","11","23","direct"
"h-6","Tailwind built-in scale","components/SuspenseFallback","apps/web/src/app/components/SuspenseFallback.tsx","11","27","direct"
"w-full","Tailwind built-in scale","components/SuspenseFallback","apps/web/src/app/components/SuspenseFallback.tsx","11","31","direct"
"max-w-48","Tailwind built-in scale","components/SuspenseFallback","apps/web/src/app/components/SuspenseFallback.tsx","11","38","direct"
"h-40","Tailwind built-in scale","components/SuspenseFallback","apps/web/src/app/components/SuspenseFallback.tsx","12","23","direct"
"rounded-2","Tailwind built-in scale","components/SuspenseFallback","apps/web/src/app/components/SuspenseFallback.tsx","12","27","direct"
"mt-3","Tailwind built-in scale","components/SuspenseFallback","apps/web/src/app/components/SuspenseFallback.tsx","13","21","direct"
"text-sm","Tailwind built-in scale","components/SuspenseFallback","apps/web/src/app/components/SuspenseFallback.tsx","13","25","direct"
"right-4","Tailwind built-in scale","components/ToastStack","apps/web/src/app/components/ToastStack.tsx","65","87","direct"
"gap-2","Tailwind built-in scale","components/ToastStack","apps/web/src/app/components/ToastStack.tsx","65","124","direct"
"md:bottom-6","Tailwind built-in scale","components/ToastStack","apps/web/src/app/components/ToastStack.tsx","65","130","direct"
"md:right-6","Tailwind built-in scale","components/ToastStack","apps/web/src/app/components/ToastStack.tsx","65","142","direct"
"gap-2.5","Tailwind built-in scale","components/ToastStack","apps/web/src/app/components/ToastStack.tsx","76","101","direct"
"rounded-xl","Tailwind built-in scale","components/ToastStack","apps/web/src/app/components/ToastStack.tsx","76","109","direct"
"px-4","Tailwind built-in scale","components/ToastStack","apps/web/src/app/components/ToastStack.tsx","76","120","direct"
"py-3","Tailwind built-in scale","components/ToastStack","apps/web/src/app/components/ToastStack.tsx","76","125","direct"
"rounded-2","Tailwind built-in scale","components/UtilityHeader","apps/web/src/app/components/UtilityHeader.tsx","14","83","direct"
"rounded-full","Tailwind built-in scale","components/UtilityHeader","apps/web/src/app/components/UtilityHeader.tsx","28","63","direct"
"gap-1","Tailwind built-in scale","components/ViewToggle","apps/web/src/app/components/ViewToggle.tsx","22","35","direct"
"rounded-full","Tailwind built-in scale","components/ViewToggle","apps/web/src/app/components/ViewToggle.tsx","22","41","direct"
"p-0.5","Tailwind built-in scale","components/ViewToggle","apps/web/src/app/components/ViewToggle.tsx","22","54","direct"
"h-8","Tailwind built-in scale","components/ViewToggle","apps/web/src/app/components/ViewToggle.tsx","35","29","direct"
"w-8","Tailwind built-in scale","components/ViewToggle","apps/web/src/app/components/ViewToggle.tsx","35","33","direct"
"rounded-full","Tailwind built-in scale","components/ViewToggle","apps/web/src/app/components/ViewToggle.tsx","35","80","direct"
"inset-0","Tailwind built-in scale","components/WaterDroplet","apps/web/src/app/components/WaterDroplet.tsx","72","50","direct"
"mt-1","Tailwind built-in scale","components/WaterDroplet","apps/web/src/app/components/WaterDroplet.tsx","116","23","direct"
"mt-1","Tailwind built-in scale","components/alerts/AlertConditionStatus","apps/web/src/app/components/alerts/AlertConditionStatus.tsx","16","18","direct"
"text-xs","Tailwind built-in scale","components/alerts/AlertConditionStatus","apps/web/src/app/components/alerts/AlertConditionStatus.tsx","16","34","direct"
"rounded-full","Tailwind built-in scale","components/alerts/NotificationPopover","apps/web/src/app/components/alerts/NotificationPopover.tsx","66","67","direct"
"p-0","Tailwind built-in scale","components/alerts/NotificationPopover","apps/web/src/app/components/alerts/NotificationPopover.tsx","90","76","direct"
"gap-3","Tailwind built-in scale","components/alerts/NotificationPopover","apps/web/src/app/components/alerts/NotificationPopover.tsx","99","55","direct"
"px-4","Tailwind built-in scale","components/alerts/NotificationPopover","apps/web/src/app/components/alerts/NotificationPopover.tsx","99","61","direct"
"py-3","Tailwind built-in scale","components/alerts/NotificationPopover","apps/web/src/app/components/alerts/NotificationPopover.tsx","99","66","direct"
"min-w-0","Tailwind built-in scale","components/alerts/NotificationPopover","apps/web/src/app/components/alerts/NotificationPopover.tsx","105","24","direct"
"min-h-11","Tailwind built-in scale","components/alerts/NotificationPopover","apps/web/src/app/components/alerts/NotificationPopover.tsx","120","24","direct"
"px-2","Tailwind built-in scale","components/alerts/NotificationPopover","apps/web/src/app/components/alerts/NotificationPopover.tsx","120","67","direct"
"px-4","Tailwind built-in scale","components/alerts/NotificationPopover","apps/web/src/app/components/alerts/NotificationPopover.tsx","133","27","direct"
"px-4","Tailwind built-in scale","components/alerts/NotificationPopover","apps/web/src/app/components/alerts/NotificationPopover.tsx","141","27","direct"
"py-10","Tailwind built-in scale","components/alerts/NotificationPopover","apps/web/src/app/components/alerts/NotificationPopover.tsx","141","31","direct"
"mt-1","Tailwind built-in scale","components/alerts/NotificationPopover","apps/web/src/app/components/alerts/NotificationPopover.tsx","153","26","direct"
"gap-3","Tailwind built-in scale","components/alerts/NotificationPopover","apps/web/src/app/components/alerts/NotificationPopover.tsx","170","61","direct"
"px-4","Tailwind built-in scale","components/alerts/NotificationPopover","apps/web/src/app/components/alerts/NotificationPopover.tsx","170","67","direct"
"py-3","Tailwind built-in scale","components/alerts/NotificationPopover","apps/web/src/app/components/alerts/NotificationPopover.tsx","170","72","direct"
"pr-14","Tailwind built-in scale","components/alerts/NotificationPopover","apps/web/src/app/components/alerts/NotificationPopover.tsx","170","77","direct"
"md:pr-4","Tailwind built-in scale","components/alerts/NotificationPopover","apps/web/src/app/components/alerts/NotificationPopover.tsx","170","131","direct"
"rounded-lg","Tailwind built-in scale","components/alerts/NotificationPopover","apps/web/src/app/components/alerts/NotificationPopover.tsx","176","73","direct"
"min-w-0","Tailwind built-in scale","components/alerts/NotificationPopover","apps/web/src/app/components/alerts/NotificationPopover.tsx","187","35","direct"
"gap-1.5","Tailwind built-in scale","components/alerts/NotificationPopover","apps/web/src/app/components/alerts/NotificationPopover.tsx","188","54","direct"
"min-w-0","Tailwind built-in scale","components/alerts/NotificationPopover","apps/web/src/app/components/alerts/NotificationPopover.tsx","190","36","direct"
"h-1.5","Tailwind built-in scale","components/alerts/NotificationPopover","apps/web/src/app/components/alerts/NotificationPopover.tsx","202","38","direct"
"w-1.5","Tailwind built-in scale","components/alerts/NotificationPopover","apps/web/src/app/components/alerts/NotificationPopover.tsx","202","43","direct"
"rounded-full","Tailwind built-in scale","components/alerts/NotificationPopover","apps/web/src/app/components/alerts/NotificationPopover.tsx","202","58","direct"
"min-w-0","Tailwind built-in scale","components/alerts/NotificationPopover","apps/web/src/app/components/alerts/NotificationPopover.tsx","210","34","direct"
"mt-1","Tailwind built-in scale","components/alerts/NotificationPopover","apps/web/src/app/components/alerts/NotificationPopover.tsx","221","34","direct"
"right-2","Tailwind built-in scale","components/alerts/NotificationPopover","apps/web/src/app/components/alerts/NotificationPopover.tsx","242","40","direct"
"top-2","Tailwind built-in scale","components/alerts/NotificationPopover","apps/web/src/app/components/alerts/NotificationPopover.tsx","242","48","direct"
"h-11","Tailwind built-in scale","components/alerts/NotificationPopover","apps/web/src/app/components/alerts/NotificationPopover.tsx","242","59","direct"
"w-11","Tailwind built-in scale","components/alerts/NotificationPopover","apps/web/src/app/components/alerts/NotificationPopover.tsx","242","64","direct"
"md:h-8","Tailwind built-in scale","components/alerts/NotificationPopover","apps/web/src/app/components/alerts/NotificationPopover.tsx","242","322","direct"
"md:w-8","Tailwind built-in scale","components/alerts/NotificationPopover","apps/web/src/app/components/alerts/NotificationPopover.tsx","242","329","direct"
"w-full","Tailwind built-in scale","components/alerts/NotificationPopover","apps/web/src/app/components/alerts/NotificationPopover.tsx","262","64","direct"
"gap-1.5","Tailwind built-in scale","components/alerts/NotificationPopover","apps/web/src/app/components/alerts/NotificationPopover.tsx","262","114","direct"
"rounded-b-xl","Tailwind built-in scale","components/alerts/NotificationPopover","apps/web/src/app/components/alerts/NotificationPopover.tsx","262","122","direct"
"py-3","Tailwind built-in scale","components/alerts/NotificationPopover","apps/web/src/app/components/alerts/NotificationPopover.tsx","262","135","direct"
"p-4","Tailwind built-in scale","components/auth/AuthCard","apps/web/src/app/components/auth/AuthCard.tsx","5","88","direct"
"sm:p-6","Tailwind built-in scale","components/auth/AuthCard","apps/web/src/app/components/auth/AuthCard.tsx","5","92","direct"
"w-full","Tailwind built-in scale","components/auth/AuthCard","apps/web/src/app/components/auth/AuthCard.tsx","6","23","direct"
"rounded-3","Tailwind built-in scale","components/auth/AuthCard","apps/web/src/app/components/auth/AuthCard.tsx","6","60","direct"
"p-6","Tailwind built-in scale","components/auth/AuthCard","apps/web/src/app/components/auth/AuthCard.tsx","6","134","direct"
"sm:p-8","Tailwind built-in scale","components/auth/AuthCard","apps/web/src/app/components/auth/AuthCard.tsx","6","148","direct"
"mb-6","Tailwind built-in scale","components/auth/AuthCard","apps/web/src/app/components/auth/AuthCard.tsx","7","25","direct"
"gap-2","Tailwind built-in scale","components/auth/AuthCard","apps/web/src/app/components/auth/AuthCard.tsx","7","56","direct"
"h-14","Tailwind built-in scale","components/auth/AuthCard","apps/web/src/app/components/auth/AuthCard.tsx","11","24","direct"
"w-14","Tailwind built-in scale","components/auth/AuthCard","apps/web/src/app/components/auth/AuthCard.tsx","11","28","direct"
"text-xl","Tailwind built-in scale","components/auth/CreateAccountScreen","apps/web/src/app/components/auth/CreateAccountScreen.tsx","70","26","direct"
"mt-3","Tailwind built-in scale","components/auth/CreateAccountScreen","apps/web/src/app/components/auth/CreateAccountScreen.tsx","73","25","direct"
"text-sm","Tailwind built-in scale","components/auth/CreateAccountScreen","apps/web/src/app/components/auth/CreateAccountScreen.tsx","73","29","direct"
"mt-6","Tailwind built-in scale","components/auth/CreateAccountScreen","apps/web/src/app/components/auth/CreateAccountScreen.tsx","80","22","direct"
"w-full","Tailwind built-in scale","components/auth/CreateAccountScreen","apps/web/src/app/components/auth/CreateAccountScreen.tsx","80","26","direct"
"rounded-xl","Tailwind built-in scale","components/auth/CreateAccountScreen","apps/web/src/app/components/auth/CreateAccountScreen.tsx","80","33","direct"
"py-3","Tailwind built-in scale","components/auth/CreateAccountScreen","apps/web/src/app/components/auth/CreateAccountScreen.tsx","80","82","direct"
"mb-2","Tailwind built-in scale","components/auth/CreateAccountScreen","apps/web/src/app/components/auth/CreateAccountScreen.tsx","90","23","direct"
"mt-1","Tailwind built-in scale","components/auth/CreateAccountScreen","apps/web/src/app/components/auth/CreateAccountScreen.tsx","104","22","direct"
"mt-1.5","Tailwind built-in scale","components/auth/CreateAccountScreen","apps/web/src/app/components/auth/CreateAccountScreen.tsx","116","22","direct"
"mt-2","Tailwind built-in scale","components/auth/CreateAccountScreen","apps/web/src/app/components/auth/CreateAccountScreen.tsx","127","22","direct"
"mt-4","Tailwind built-in scale","components/auth/CreateAccountScreen","apps/web/src/app/components/auth/CreateAccountScreen.tsx","138","23","direct"
"gap-4","Tailwind built-in scale","components/auth/CreateAccountScreen","apps/web/src/app/components/auth/CreateAccountScreen.tsx","138","41","direct"
"h-11","Tailwind built-in scale","components/auth/CreateAccountScreen","apps/web/src/app/components/auth/CreateAccountScreen.tsx","186","30","direct"
"w-11","Tailwind built-in scale","components/auth/CreateAccountScreen","apps/web/src/app/components/auth/CreateAccountScreen.tsx","186","35","direct"
"md:h-8","Tailwind built-in scale","components/auth/CreateAccountScreen","apps/web/src/app/components/auth/CreateAccountScreen.tsx","186","186","direct"
"md:w-8","Tailwind built-in scale","components/auth/CreateAccountScreen","apps/web/src/app/components/auth/CreateAccountScreen.tsx","186","193","direct"
"mt-3","Tailwind built-in scale","components/auth/CreateAccountScreen","apps/web/src/app/components/auth/CreateAccountScreen.tsx","205","23","direct"
"text-sm","Tailwind built-in scale","components/auth/CreateAccountScreen","apps/web/src/app/components/auth/CreateAccountScreen.tsx","205","27","direct"
"mt-6","Tailwind built-in scale","components/auth/CreateAccountScreen","apps/web/src/app/components/auth/CreateAccountScreen.tsx","213","20","direct"
"h-12","Tailwind built-in scale","components/auth/CreateAccountScreen","apps/web/src/app/components/auth/CreateAccountScreen.tsx","213","29","direct"
"w-full","Tailwind built-in scale","components/auth/CreateAccountScreen","apps/web/src/app/components/auth/CreateAccountScreen.tsx","213","34","direct"
"gap-2","Tailwind built-in scale","components/auth/CreateAccountScreen","apps/web/src/app/components/auth/CreateAccountScreen.tsx","213","84","direct"
"rounded-xl","Tailwind built-in scale","components/auth/CreateAccountScreen","apps/web/src/app/components/auth/CreateAccountScreen.tsx","213","90","direct"
"mt-3","Tailwind built-in scale","components/auth/CreateAccountScreen","apps/web/src/app/components/auth/CreateAccountScreen.tsx","220","20","direct"
"w-full","Tailwind built-in scale","components/auth/CreateAccountScreen","apps/web/src/app/components/auth/CreateAccountScreen.tsx","220","24","direct"
"rounded-xl","Tailwind built-in scale","components/auth/CreateAccountScreen","apps/web/src/app/components/auth/CreateAccountScreen.tsx","220","31","direct"
"py-3","Tailwind built-in scale","components/auth/CreateAccountScreen","apps/web/src/app/components/auth/CreateAccountScreen.tsx","220","80","direct"
"gap-1.5","Tailwind built-in scale","components/auth/FormInput","apps/web/src/app/components/auth/FormInput.tsx","22","34","direct"
"left-3.5","Tailwind built-in scale","components/auth/FormInput","apps/web/src/app/components/auth/FormInput.tsx","40","52","direct"
"top-1","Tailwind built-in scale","components/auth/FormInput","apps/web/src/app/components/auth/FormInput.tsx","40","61","direct"
"-translate-y-1","Tailwind built-in scale","components/auth/FormInput","apps/web/src/app/components/auth/FormInput.tsx","40","69","direct"
"w-full","Tailwind built-in scale","components/auth/FormInput","apps/web/src/app/components/auth/FormInput.tsx","49","23","direct"
"rounded-xl","Tailwind built-in scale","components/auth/FormInput","apps/web/src/app/components/auth/FormInput.tsx","49","29","direct"
"px-3.5","Tailwind built-in scale","components/auth/FormInput","apps/web/src/app/components/auth/FormInput.tsx","49","73","direct"
"py-2.5","Tailwind built-in scale","components/auth/FormInput","apps/web/src/app/components/auth/FormInput.tsx","49","80","direct"
"pl-10","Tailwind built-in scale","components/auth/FormInput","apps/web/src/app/components/auth/FormInput.tsx","50","21","direct"
"pr-14","Tailwind built-in scale","components/auth/FormInput","apps/web/src/app/components/auth/FormInput.tsx","51","27","direct"
"right-3.5","Tailwind built-in scale","components/auth/FormInput","apps/web/src/app/components/auth/FormInput.tsx","63","35","direct"
"top-1","Tailwind built-in scale","components/auth/FormInput","apps/web/src/app/components/auth/FormInput.tsx","63","45","direct"
"-translate-y-1","Tailwind built-in scale","components/auth/FormInput","apps/web/src/app/components/auth/FormInput.tsx","63","53","direct"
"mt-4","Tailwind built-in scale","components/auth/OnboardingStep1","apps/web/src/app/components/auth/OnboardingStep1.tsx","66","23","direct"
"gap-4","Tailwind built-in scale","components/auth/OnboardingStep1","apps/web/src/app/components/auth/OnboardingStep1.tsx","66","41","direct"
"mt-6","Tailwind built-in scale","components/auth/OnboardingStep1","apps/web/src/app/components/auth/OnboardingStep1.tsx","98","20","direct"
"h-12","Tailwind built-in scale","components/auth/OnboardingStep1","apps/web/src/app/components/auth/OnboardingStep1.tsx","98","29","direct"
"w-full","Tailwind built-in scale","components/auth/OnboardingStep1","apps/web/src/app/components/auth/OnboardingStep1.tsx","98","34","direct"
"gap-2","Tailwind built-in scale","components/auth/OnboardingStep1","apps/web/src/app/components/auth/OnboardingStep1.tsx","98","84","direct"
"rounded-xl","Tailwind built-in scale","components/auth/OnboardingStep1","apps/web/src/app/components/auth/OnboardingStep1.tsx","98","90","direct"
"mt-4","Tailwind built-in scale","components/auth/OnboardingStep2","apps/web/src/app/components/auth/OnboardingStep2.tsx","90","23","direct"
"mt-2","Tailwind built-in scale","components/auth/OnboardingStep2","apps/web/src/app/components/auth/OnboardingStep2.tsx","103","25","direct"
"gap-2.5","Tailwind built-in scale","components/auth/OnboardingStep2","apps/web/src/app/components/auth/OnboardingStep2.tsx","103","46","direct"
"gap-2.5","Tailwind built-in scale","components/auth/OnboardingStep2","apps/web/src/app/components/auth/OnboardingStep2.tsx","113","98","direct"
"rounded-2","Tailwind built-in scale","components/auth/OnboardingStep2","apps/web/src/app/components/auth/OnboardingStep2.tsx","113","106","direct"
"px-3.5","Tailwind built-in scale","components/auth/OnboardingStep2","apps/web/src/app/components/auth/OnboardingStep2.tsx","113","125","direct"
"py-3","Tailwind built-in scale","components/auth/OnboardingStep2","apps/web/src/app/components/auth/OnboardingStep2.tsx","113","132","direct"
"min-w-0","Tailwind built-in scale","components/auth/OnboardingStep2","apps/web/src/app/components/auth/OnboardingStep2.tsx","128","30","direct"
"mt-5","Tailwind built-in scale","components/auth/OnboardingStep2","apps/web/src/app/components/auth/OnboardingStep2.tsx","143","23","direct"
"mt-2","Tailwind built-in scale","components/auth/OnboardingStep2","apps/web/src/app/components/auth/OnboardingStep2.tsx","156","25","direct"
"gap-2","Tailwind built-in scale","components/auth/OnboardingStep2","apps/web/src/app/components/auth/OnboardingStep2.tsx","156","44","direct"
"min-h-11","Tailwind built-in scale","components/auth/OnboardingStep2","apps/web/src/app/components/auth/OnboardingStep2.tsx","165","28","direct"
"rounded-full","Tailwind built-in scale","components/auth/OnboardingStep2","apps/web/src/app/components/auth/OnboardingStep2.tsx","165","51","direct"
"px-3","Tailwind built-in scale","components/auth/OnboardingStep2","apps/web/src/app/components/auth/OnboardingStep2.tsx","165","71","direct"
"py-1.5","Tailwind built-in scale","components/auth/OnboardingStep2","apps/web/src/app/components/auth/OnboardingStep2.tsx","165","76","direct"
"text-sm","Tailwind built-in scale","components/auth/OnboardingStep2","apps/web/src/app/components/auth/OnboardingStep2.tsx","165","83","direct"
"md:min-h-9","Tailwind built-in scale","components/auth/OnboardingStep2","apps/web/src/app/components/auth/OnboardingStep2.tsx","165","256","direct"
"mt-2","Tailwind built-in scale","components/auth/OnboardingStep2","apps/web/src/app/components/auth/OnboardingStep2.tsx","184","24","direct"
"mt-6","Tailwind built-in scale","components/auth/OnboardingStep2","apps/web/src/app/components/auth/OnboardingStep2.tsx","196","23","direct"
"gap-3","Tailwind built-in scale","components/auth/OnboardingStep2","apps/web/src/app/components/auth/OnboardingStep2.tsx","196","32","direct"
"h-12","Tailwind built-in scale","components/auth/OnboardingStep2","apps/web/src/app/components/auth/OnboardingStep2.tsx","200","26","direct"
"rounded-xl","Tailwind built-in scale","components/auth/OnboardingStep2","apps/web/src/app/components/auth/OnboardingStep2.tsx","200","81","direct"
"h-12","Tailwind built-in scale","components/auth/OnboardingStep2","apps/web/src/app/components/auth/OnboardingStep2.tsx","211","26","direct"
"rounded-xl","Tailwind built-in scale","components/auth/OnboardingStep2","apps/web/src/app/components/auth/OnboardingStep2.tsx","211","81","direct"
"mt-4","Tailwind built-in scale","components/auth/OnboardingStep3","apps/web/src/app/components/auth/OnboardingStep3.tsx","68","23","direct"
"mt-5","Tailwind built-in scale","components/auth/OnboardingStep3","apps/web/src/app/components/auth/OnboardingStep3.tsx","80","23","direct"
"mt-2","Tailwind built-in scale","components/auth/OnboardingStep3","apps/web/src/app/components/auth/OnboardingStep3.tsx","93","25","direct"
"rounded-2","Tailwind built-in scale","components/auth/OnboardingStep3","apps/web/src/app/components/auth/OnboardingStep3.tsx","93","29","direct"
"p-4","Tailwind built-in scale","components/auth/OnboardingStep3","apps/web/src/app/components/auth/OnboardingStep3.tsx","93","117","direct"
"gap-3","Tailwind built-in scale","components/auth/OnboardingStep3","apps/web/src/app/components/auth/OnboardingStep3.tsx","96","44","direct"
"h-9","Tailwind built-in scale","components/auth/OnboardingStep3","apps/web/src/app/components/auth/OnboardingStep3.tsx","97","34","direct"
"w-9","Tailwind built-in scale","components/auth/OnboardingStep3","apps/web/src/app/components/auth/OnboardingStep3.tsx","97","38","direct"
"rounded-full","Tailwind built-in scale","components/auth/OnboardingStep3","apps/web/src/app/components/auth/OnboardingStep3.tsx","97","70","direct"
"mt-3.5","Tailwind built-in scale","components/auth/OnboardingStep3","apps/web/src/app/components/auth/OnboardingStep3.tsx","123","27","direct"
"gap-3","Tailwind built-in scale","components/auth/OnboardingStep3","apps/web/src/app/components/auth/OnboardingStep3.tsx","123","50","direct"
"gap-1","Tailwind built-in scale","components/auth/OnboardingStep3","apps/web/src/app/components/auth/OnboardingStep3.tsx","124","42","direct"
"rounded-xl","Tailwind built-in scale","components/auth/OnboardingStep3","apps/web/src/app/components/auth/OnboardingStep3.tsx","124","48","direct"
"p-3","Tailwind built-in scale","components/auth/OnboardingStep3","apps/web/src/app/components/auth/OnboardingStep3.tsx","124","121","direct"
"gap-1.5","Tailwind built-in scale","components/auth/OnboardingStep3","apps/web/src/app/components/auth/OnboardingStep3.tsx","126","45","direct"
"gap-1","Tailwind built-in scale","components/auth/OnboardingStep3","apps/web/src/app/components/auth/OnboardingStep3.tsx","156","42","direct"
"rounded-xl","Tailwind built-in scale","components/auth/OnboardingStep3","apps/web/src/app/components/auth/OnboardingStep3.tsx","156","48","direct"
"p-3","Tailwind built-in scale","components/auth/OnboardingStep3","apps/web/src/app/components/auth/OnboardingStep3.tsx","156","121","direct"
"gap-1.5","Tailwind built-in scale","components/auth/OnboardingStep3","apps/web/src/app/components/auth/OnboardingStep3.tsx","158","45","direct"
"mt-6","Tailwind built-in scale","components/auth/OnboardingStep3","apps/web/src/app/components/auth/OnboardingStep3.tsx","189","23","direct"
"gap-3","Tailwind built-in scale","components/auth/OnboardingStep3","apps/web/src/app/components/auth/OnboardingStep3.tsx","189","32","direct"
"h-12","Tailwind built-in scale","components/auth/OnboardingStep3","apps/web/src/app/components/auth/OnboardingStep3.tsx","194","26","direct"
"rounded-xl","Tailwind built-in scale","components/auth/OnboardingStep3","apps/web/src/app/components/auth/OnboardingStep3.tsx","194","81","direct"
"h-12","Tailwind built-in scale","components/auth/OnboardingStep3","apps/web/src/app/components/auth/OnboardingStep3.tsx","207","26","direct"
"rounded-xl","Tailwind built-in scale","components/auth/OnboardingStep3","apps/web/src/app/components/auth/OnboardingStep3.tsx","207","81","direct"
"mb-2","Tailwind built-in scale","components/auth/SignInScreen","apps/web/src/app/components/auth/SignInScreen.tsx","60","23","direct"
"mt-1","Tailwind built-in scale","components/auth/SignInScreen","apps/web/src/app/components/auth/SignInScreen.tsx","74","22","direct"
"mt-1.5","Tailwind built-in scale","components/auth/SignInScreen","apps/web/src/app/components/auth/SignInScreen.tsx","86","22","direct"
"mt-4","Tailwind built-in scale","components/auth/SignInScreen","apps/web/src/app/components/auth/SignInScreen.tsx","97","23","direct"
"gap-4","Tailwind built-in scale","components/auth/SignInScreen","apps/web/src/app/components/auth/SignInScreen.tsx","97","41","direct"
"h-11","Tailwind built-in scale","components/auth/SignInScreen","apps/web/src/app/components/auth/SignInScreen.tsx","121","30","direct"
"w-11","Tailwind built-in scale","components/auth/SignInScreen","apps/web/src/app/components/auth/SignInScreen.tsx","121","35","direct"
"md:h-8","Tailwind built-in scale","components/auth/SignInScreen","apps/web/src/app/components/auth/SignInScreen.tsx","121","274","direct"
"md:w-8","Tailwind built-in scale","components/auth/SignInScreen","apps/web/src/app/components/auth/SignInScreen.tsx","121","281","direct"
"mt-3","Tailwind built-in scale","components/auth/SignInScreen","apps/web/src/app/components/auth/SignInScreen.tsx","129","23","direct"
"min-h-11","Tailwind built-in scale","components/auth/SignInScreen","apps/web/src/app/components/auth/SignInScreen.tsx","131","26","direct"
"gap-2","Tailwind built-in scale","components/auth/SignInScreen","apps/web/src/app/components/auth/SignInScreen.tsx","131","63","direct"
"text-sm","Tailwind built-in scale","components/auth/SignInScreen","apps/web/src/app/components/auth/SignInScreen.tsx","131","69","direct"
"min-h-11","Tailwind built-in scale","components/auth/SignInScreen","apps/web/src/app/components/auth/SignInScreen.tsx","149","26","direct"
"px-1","Tailwind built-in scale","components/auth/SignInScreen","apps/web/src/app/components/auth/SignInScreen.tsx","149","71","direct"
"text-sm","Tailwind built-in scale","components/auth/SignInScreen","apps/web/src/app/components/auth/SignInScreen.tsx","149","76","direct"
"md:min-h-8","Tailwind built-in scale","components/auth/SignInScreen","apps/web/src/app/components/auth/SignInScreen.tsx","149","251","direct"
"mt-2","Tailwind built-in scale","components/auth/SignInScreen","apps/web/src/app/components/auth/SignInScreen.tsx","155","23","direct"
"text-sm","Tailwind built-in scale","components/auth/SignInScreen","apps/web/src/app/components/auth/SignInScreen.tsx","155","27","direct"
"mt-6","Tailwind built-in scale","components/auth/SignInScreen","apps/web/src/app/components/auth/SignInScreen.tsx","163","20","direct"
"h-12","Tailwind built-in scale","components/auth/SignInScreen","apps/web/src/app/components/auth/SignInScreen.tsx","163","29","direct"
"w-full","Tailwind built-in scale","components/auth/SignInScreen","apps/web/src/app/components/auth/SignInScreen.tsx","163","34","direct"
"gap-2","Tailwind built-in scale","components/auth/SignInScreen","apps/web/src/app/components/auth/SignInScreen.tsx","163","84","direct"
"rounded-xl","Tailwind built-in scale","components/auth/SignInScreen","apps/web/src/app/components/auth/SignInScreen.tsx","163","90","direct"
"my-4","Tailwind built-in scale","components/auth/SignInScreen","apps/web/src/app/components/auth/SignInScreen.tsx","169","27","direct"
"gap-3","Tailwind built-in scale","components/auth/SignInScreen","apps/web/src/app/components/auth/SignInScreen.tsx","169","49","direct"
"h-px","Tailwind built-in scale","components/auth/SignInScreen","apps/web/src/app/components/auth/SignInScreen.tsx","170","29","direct"
"h-px","Tailwind built-in scale","components/auth/SignInScreen","apps/web/src/app/components/auth/SignInScreen.tsx","180","29","direct"
"w-full","Tailwind built-in scale","components/auth/SignInScreen","apps/web/src/app/components/auth/SignInScreen.tsx","185","24","direct"
"rounded-xl","Tailwind built-in scale","components/auth/SignInScreen","apps/web/src/app/components/auth/SignInScreen.tsx","185","45","direct"
"py-3","Tailwind built-in scale","components/auth/SignInScreen","apps/web/src/app/components/auth/SignInScreen.tsx","185","94","direct"
"mt-4","Tailwind built-in scale","components/auth/SignInScreen","apps/web/src/app/components/auth/SignInScreen.tsx","191","23","direct"
"text-sm","Tailwind built-in scale","components/auth/SignInScreen","apps/web/src/app/components/auth/SignInScreen.tsx","191","39","direct"
"mb-6","Tailwind built-in scale","components/auth/StepperBar","apps/web/src/app/components/auth/StepperBar.tsx","9","21","direct"
"mb-3","Tailwind built-in scale","components/auth/StepperBar","apps/web/src/app/components/auth/StepperBar.tsx","10","23","direct"
"min-h-11","Tailwind built-in scale","components/auth/StepperBar","apps/web/src/app/components/auth/StepperBar.tsx","26","26","direct"
"px-1","Tailwind built-in scale","components/auth/StepperBar","apps/web/src/app/components/auth/StepperBar.tsx","26","71","direct"
"text-sm","Tailwind built-in scale","components/auth/StepperBar","apps/web/src/app/components/auth/StepperBar.tsx","26","76","direct"
"md:min-h-8","Tailwind built-in scale","components/auth/StepperBar","apps/web/src/app/components/auth/StepperBar.tsx","26","251","direct"
"gap-1.5","Tailwind built-in scale","components/auth/StepperBar","apps/web/src/app/components/auth/StepperBar.tsx","32","24","direct"
"h-1.5","Tailwind built-in scale","components/auth/StepperBar","apps/web/src/app/components/auth/StepperBar.tsx","42","24","direct"
"rounded-full","Tailwind built-in scale","components/auth/StepperBar","apps/web/src/app/components/auth/StepperBar.tsx","42","36","direct"
"gap-1.5","Tailwind built-in scale","components/candling/EggIcons","apps/web/src/app/components/candling/EggIcons.tsx","139","42","direct"
"rounded-full","Tailwind built-in scale","components/candling/EggIcons","apps/web/src/app/components/candling/EggIcons.tsx","139","68","direct"
"px-2.5","Tailwind built-in scale","components/candling/EggIcons","apps/web/src/app/components/candling/EggIcons.tsx","139","81","direct"
"py-1","Tailwind built-in scale","components/candling/EggIcons","apps/web/src/app/components/candling/EggIcons.tsx","139","88","direct"
"mb-3","Tailwind built-in scale","components/detail/CandlingJournalTab","apps/web/src/app/components/detail/CandlingJournalTab.tsx","163","27","direct"
"gap-2","Tailwind built-in scale","components/detail/CandlingJournalTab","apps/web/src/app/components/detail/CandlingJournalTab.tsx","163","59","direct"
"mb-3.5","Tailwind built-in scale","components/detail/CandlingJournalTab","apps/web/src/app/components/detail/CandlingJournalTab.tsx","223","29","direct"
"gap-1.5","Tailwind built-in scale","components/detail/CandlingJournalTab","apps/web/src/app/components/detail/CandlingJournalTab.tsx","223","50","direct"
"gap-1","Tailwind built-in scale","components/detail/CandlingJournalTab","apps/web/src/app/components/detail/CandlingJournalTab.tsx","227","54","direct"
"rounded-full","Tailwind built-in scale","components/detail/CandlingJournalTab","apps/web/src/app/components/detail/CandlingJournalTab.tsx","227","78","direct"
"px-2","Tailwind built-in scale","components/detail/CandlingJournalTab","apps/web/src/app/components/detail/CandlingJournalTab.tsx","227","91","direct"
"py-1","Tailwind built-in scale","components/detail/CandlingJournalTab","apps/web/src/app/components/detail/CandlingJournalTab.tsx","227","96","direct"
"space-y-3","Tailwind built-in scale","components/detail/CandlingJournalTab","apps/web/src/app/components/detail/CandlingJournalTab.tsx","261","27","direct"
"w-full","Tailwind built-in scale","components/detail/CandlingJournalTab","apps/web/src/app/components/detail/CandlingJournalTab.tsx","262","29","direct"
"w-full","Tailwind built-in scale","components/detail/CandlingJournalTab","apps/web/src/app/components/detail/CandlingJournalTab.tsx","273","32","direct"
"rounded-xl","Tailwind built-in scale","components/detail/CandlingJournalTab","apps/web/src/app/components/detail/CandlingJournalTab.tsx","273","50","direct"
"px-3.5","Tailwind built-in scale","components/detail/CandlingJournalTab","apps/web/src/app/components/detail/CandlingJournalTab.tsx","273","61","direct"
"py-3","Tailwind built-in scale","components/detail/CandlingJournalTab","apps/web/src/app/components/detail/CandlingJournalTab.tsx","273","68","direct"
"mt-2","Tailwind built-in scale","components/detail/CandlingJournalTab","apps/web/src/app/components/detail/CandlingJournalTab.tsx","281","35","direct"
"gap-2","Tailwind built-in scale","components/detail/CandlingJournalTab","apps/web/src/app/components/detail/CandlingJournalTab.tsx","281","56","direct"
"rounded-full","Tailwind built-in scale","components/detail/CandlingJournalTab","apps/web/src/app/components/detail/CandlingJournalTab.tsx","285","34","direct"
"rounded-full","Tailwind built-in scale","components/detail/CandlingJournalTab","apps/web/src/app/components/detail/CandlingJournalTab.tsx","296","34","direct"
"w-full","Tailwind built-in scale","components/detail/CandlingJournalTab","apps/web/src/app/components/detail/CandlingJournalTab.tsx","323","30","direct"
"rounded-xl","Tailwind built-in scale","components/detail/CandlingJournalTab","apps/web/src/app/components/detail/CandlingJournalTab.tsx","323","36","direct"
"px-3.5","Tailwind built-in scale","components/detail/CandlingJournalTab","apps/web/src/app/components/detail/CandlingJournalTab.tsx","323","47","direct"
"py-3","Tailwind built-in scale","components/detail/CandlingJournalTab","apps/web/src/app/components/detail/CandlingJournalTab.tsx","323","54","direct"
"gap-2","Tailwind built-in scale","components/detail/CandlingJournalTab","apps/web/src/app/components/detail/CandlingJournalTab.tsx","360","56","direct"
"rounded-lg","Tailwind built-in scale","components/detail/CandlingJournalTab","apps/web/src/app/components/detail/CandlingJournalTab.tsx","370","54","direct"
"h-full","Tailwind built-in scale","components/detail/CandlingJournalTab","apps/web/src/app/components/detail/CandlingJournalTab.tsx","382","32","direct"
"w-full","Tailwind built-in scale","components/detail/CandlingJournalTab","apps/web/src/app/components/detail/CandlingJournalTab.tsx","382","38","direct"
"rounded-lg","Tailwind built-in scale","components/detail/CandlingJournalTab","apps/web/src/app/components/detail/CandlingJournalTab.tsx","398","54","direct"
"h-full","Tailwind built-in scale","components/detail/CandlingJournalTab","apps/web/src/app/components/detail/CandlingJournalTab.tsx","410","32","direct"
"w-full","Tailwind built-in scale","components/detail/CandlingJournalTab","apps/web/src/app/components/detail/CandlingJournalTab.tsx","410","38","direct"
"inset-0","Tailwind built-in scale","components/detail/CandlingJournalTab","apps/web/src/app/components/detail/CandlingJournalTab.tsx","416","40","direct"
"gap-0.5","Tailwind built-in scale","components/detail/CandlingJournalTab","apps/web/src/app/components/detail/CandlingJournalTab.tsx","430","69","direct"
"rounded-lg","Tailwind built-in scale","components/detail/CandlingJournalTab","apps/web/src/app/components/detail/CandlingJournalTab.tsx","430","77","direct"
"gap-2","Tailwind built-in scale","components/detail/CandlingJournalTab","apps/web/src/app/components/detail/CandlingJournalTab.tsx","527","80","direct"
"p-0","Tailwind built-in scale","components/detail/CandlingJournalTab","apps/web/src/app/components/detail/CandlingJournalTab.tsx","527","102","direct"
"gap-1","Tailwind built-in scale","components/detail/CandlingJournalTab","apps/web/src/app/components/detail/CandlingJournalTab.tsx","809","34","direct"
"px-5","Tailwind built-in scale","components/detail/CandlingJournalTab","apps/web/src/app/components/detail/CandlingJournalTab.tsx","809","39","direct"
"pt-5","Tailwind built-in scale","components/detail/CandlingJournalTab","apps/web/src/app/components/detail/CandlingJournalTab.tsx","809","44","direct"
"space-y-0.5","Tailwind built-in scale","components/detail/CandlingJournalTab","apps/web/src/app/components/detail/CandlingJournalTab.tsx","824","35","direct"
"px-5","Tailwind built-in scale","components/detail/CandlingJournalTab","apps/web/src/app/components/detail/CandlingJournalTab.tsx","842","25","direct"
"pt-1","Tailwind built-in scale","components/detail/CandlingJournalTab","apps/web/src/app/components/detail/CandlingJournalTab.tsx","842","29","direct"
"gap-2","Tailwind built-in scale","components/detail/CandlingJournalTab","apps/web/src/app/components/detail/CandlingJournalTab.tsx","843","40","direct"
"min-w-0","Tailwind built-in scale","components/detail/CandlingJournalTab","apps/web/src/app/components/detail/CandlingJournalTab.tsx","851","30","direct"
"h-full","Tailwind built-in scale","components/detail/CandlingJournalTab","apps/web/src/app/components/detail/CandlingJournalTab.tsx","854","36","direct"
"min-h-11","Tailwind built-in scale","components/detail/CandlingJournalTab","apps/web/src/app/components/detail/CandlingJournalTab.tsx","854","43","direct"
"gap-1.5","Tailwind built-in scale","components/detail/CandlingJournalTab","apps/web/src/app/components/detail/CandlingJournalTab.tsx","854","65","direct"
"rounded-xl","Tailwind built-in scale","components/detail/CandlingJournalTab","apps/web/src/app/components/detail/CandlingJournalTab.tsx","854","73","direct"
"px-2","Tailwind built-in scale","components/detail/CandlingJournalTab","apps/web/src/app/components/detail/CandlingJournalTab.tsx","854","91","direct"
"py-2","Tailwind built-in scale","components/detail/CandlingJournalTab","apps/web/src/app/components/detail/CandlingJournalTab.tsx","854","96","direct"
"md:gap-2","Tailwind built-in scale","components/detail/CandlingJournalTab","apps/web/src/app/components/detail/CandlingJournalTab.tsx","854","101","direct"
"md:px-2.5","Tailwind built-in scale","components/detail/CandlingJournalTab","apps/web/src/app/components/detail/CandlingJournalTab.tsx","854","110","direct"
"h-5","Tailwind built-in scale","components/detail/CandlingJournalTab","apps/web/src/app/components/detail/CandlingJournalTab.tsx","869","38","direct"
"w-5","Tailwind built-in scale","components/detail/CandlingJournalTab","apps/web/src/app/components/detail/CandlingJournalTab.tsx","869","42","direct"
"rounded-full","Tailwind built-in scale","components/detail/CandlingJournalTab","apps/web/src/app/components/detail/CandlingJournalTab.tsx","869","83","direct"
"text-xs","Tailwind built-in scale","components/detail/CandlingJournalTab","apps/web/src/app/components/detail/CandlingJournalTab.tsx","869","96","direct"
"md:h-6","Tailwind built-in scale","components/detail/CandlingJournalTab","apps/web/src/app/components/detail/CandlingJournalTab.tsx","869","114","direct"
"md:w-6","Tailwind built-in scale","components/detail/CandlingJournalTab","apps/web/src/app/components/detail/CandlingJournalTab.tsx","869","121","direct"
"min-w-0","Tailwind built-in scale","components/detail/CandlingJournalTab","apps/web/src/app/components/detail/CandlingJournalTab.tsx","890","34","direct"
"min-h-0","Tailwind built-in scale","components/detail/CandlingJournalTab","apps/web/src/app/components/detail/CandlingJournalTab.tsx","907","43","direct"
"px-5","Tailwind built-in scale","components/detail/CandlingJournalTab","apps/web/src/app/components/detail/CandlingJournalTab.tsx","908","25","direct"
"mt-0.5","Tailwind built-in scale","components/detail/CandlingJournalTab","apps/web/src/app/components/detail/CandlingJournalTab.tsx","922","24","direct"
"space-y-4","Tailwind built-in scale","components/detail/CandlingJournalTab","apps/web/src/app/components/detail/CandlingJournalTab.tsx","932","25","direct"
"px-5","Tailwind built-in scale","components/detail/CandlingJournalTab","apps/web/src/app/components/detail/CandlingJournalTab.tsx","932","34","direct"
"pb-1","Tailwind built-in scale","components/detail/CandlingJournalTab","apps/web/src/app/components/detail/CandlingJournalTab.tsx","932","39","direct"
"mt-1.5","Tailwind built-in scale","components/detail/CandlingJournalTab","apps/web/src/app/components/detail/CandlingJournalTab.tsx","945","30","direct"
"rounded-xl","Tailwind built-in scale","components/detail/CandlingJournalTab","apps/web/src/app/components/detail/CandlingJournalTab.tsx","945","70","direct"
"px-3","Tailwind built-in scale","components/detail/CandlingJournalTab","apps/web/src/app/components/detail/CandlingJournalTab.tsx","945","81","direct"
"py-2.5","Tailwind built-in scale","components/detail/CandlingJournalTab","apps/web/src/app/components/detail/CandlingJournalTab.tsx","945","86","direct"
"rounded-full","Tailwind built-in scale","components/detail/CandlingJournalTab","apps/web/src/app/components/detail/CandlingJournalTab.tsx","962","32","direct"
"px-2","Tailwind built-in scale","components/detail/CandlingJournalTab","apps/web/src/app/components/detail/CandlingJournalTab.tsx","962","44","direct"
"py-0.5","Tailwind built-in scale","components/detail/CandlingJournalTab","apps/web/src/app/components/detail/CandlingJournalTab.tsx","962","49","direct"
"mt-1.5","Tailwind built-in scale","components/detail/CandlingJournalTab","apps/web/src/app/components/detail/CandlingJournalTab.tsx","989","32","direct"
"rounded-xl","Tailwind built-in scale","components/detail/CandlingJournalTab","apps/web/src/app/components/detail/CandlingJournalTab.tsx","989","71","direct"
"mt-3","Tailwind built-in scale","components/detail/CandlingJournalTab","apps/web/src/app/components/detail/CandlingJournalTab.tsx","1009","33","direct"
"mt-1.5","Tailwind built-in scale","components/detail/CandlingJournalTab","apps/web/src/app/components/detail/CandlingJournalTab.tsx","1019","35","direct"
"gap-2","Tailwind built-in scale","components/detail/CandlingJournalTab","apps/web/src/app/components/detail/CandlingJournalTab.tsx","1019","59","direct"
"w-24","Tailwind built-in scale","components/detail/CandlingJournalTab","apps/web/src/app/components/detail/CandlingJournalTab.tsx","1048","34","direct"
"rounded-xl","Tailwind built-in scale","components/detail/CandlingJournalTab","apps/web/src/app/components/detail/CandlingJournalTab.tsx","1048","38","direct"
"mt-1.5","Tailwind built-in scale","components/detail/CandlingJournalTab","apps/web/src/app/components/detail/CandlingJournalTab.tsx","1060","34","direct"
"gap-1","Tailwind built-in scale","components/detail/CandlingJournalTab","apps/web/src/app/components/detail/CandlingJournalTab.tsx","1060","58","direct"
"mt-1.5","Tailwind built-in scale","components/detail/CandlingJournalTab","apps/web/src/app/components/detail/CandlingJournalTab.tsx","1088","32","direct"
"mt-1","Tailwind built-in scale","components/detail/CandlingJournalTab","apps/web/src/app/components/detail/CandlingJournalTab.tsx","1107","28","direct"
"mt-3","Tailwind built-in scale","components/detail/CandlingJournalTab","apps/web/src/app/components/detail/CandlingJournalTab.tsx","1118","28","direct"
"space-y-1.5","Tailwind built-in scale","components/detail/CandlingJournalTab","apps/web/src/app/components/detail/CandlingJournalTab.tsx","1118","32","direct"
"px-3","Tailwind built-in scale","components/detail/CandlingJournalTab","apps/web/src/app/components/detail/CandlingJournalTab.tsx","1123","63","direct"
"gap-4","Tailwind built-in scale","components/detail/CandlingJournalTab","apps/web/src/app/components/detail/CandlingJournalTab.tsx","1132","65","direct"
"rounded-xl","Tailwind built-in scale","components/detail/CandlingJournalTab","apps/web/src/app/components/detail/CandlingJournalTab.tsx","1132","71","direct"
"px-3.5","Tailwind built-in scale","components/detail/CandlingJournalTab","apps/web/src/app/components/detail/CandlingJournalTab.tsx","1132","89","direct"
"py-1.5","Tailwind built-in scale","components/detail/CandlingJournalTab","apps/web/src/app/components/detail/CandlingJournalTab.tsx","1132","96","direct"
"min-w-0","Tailwind built-in scale","components/detail/CandlingJournalTab","apps/web/src/app/components/detail/CandlingJournalTab.tsx","1140","34","direct"
"leading-5","Tailwind built-in scale","components/detail/CandlingJournalTab","apps/web/src/app/components/detail/CandlingJournalTab.tsx","1140","41","direct"
"h-8","Tailwind built-in scale","components/detail/CandlingJournalTab","apps/web/src/app/components/detail/CandlingJournalTab.tsx","1165","34","direct"
"w-28","Tailwind built-in scale","components/detail/CandlingJournalTab","apps/web/src/app/components/detail/CandlingJournalTab.tsx","1165","37","direct"
"rounded-xl","Tailwind built-in scale","components/detail/CandlingJournalTab","apps/web/src/app/components/detail/CandlingJournalTab.tsx","1165","51","direct"
"mt-3","Tailwind built-in scale","components/detail/CandlingJournalTab","apps/web/src/app/components/detail/CandlingJournalTab.tsx","1192","30","direct"
"mt-3","Tailwind built-in scale","components/detail/CandlingJournalTab","apps/web/src/app/components/detail/CandlingJournalTab.tsx","1201","30","direct"
"mt-3","Tailwind built-in scale","components/detail/CandlingJournalTab","apps/web/src/app/components/detail/CandlingJournalTab.tsx","1215","30","direct"
"w-full","Tailwind built-in scale","components/detail/CandlingJournalTab","apps/web/src/app/components/detail/CandlingJournalTab.tsx","1227","34","direct"
"rounded-lg","Tailwind built-in scale","components/detail/CandlingJournalTab","apps/web/src/app/components/detail/CandlingJournalTab.tsx","1227","55","direct"
"mt-3","Tailwind built-in scale","components/detail/CandlingJournalTab","apps/web/src/app/components/detail/CandlingJournalTab.tsx","1238","30","direct"
"mt-3","Tailwind built-in scale","components/detail/CandlingJournalTab","apps/web/src/app/components/detail/CandlingJournalTab.tsx","1253","30","direct"
"mt-1.5","Tailwind built-in scale","components/detail/CandlingJournalTab","apps/web/src/app/components/detail/CandlingJournalTab.tsx","1271","33","direct"
"gap-2","Tailwind built-in scale","components/detail/CandlingJournalTab","apps/web/src/app/components/detail/CandlingJournalTab.tsx","1271","54","direct"
"gap-1.5","Tailwind built-in scale","components/detail/CandlingJournalTab","apps/web/src/app/components/detail/CandlingJournalTab.tsx","1290","98","direct"
"rounded-full","Tailwind built-in scale","components/detail/CandlingJournalTab","apps/web/src/app/components/detail/CandlingJournalTab.tsx","1290","106","direct"
"px-3","Tailwind built-in scale","components/detail/CandlingJournalTab","apps/web/src/app/components/detail/CandlingJournalTab.tsx","1290","119","direct"
"py-1.5","Tailwind built-in scale","components/detail/CandlingJournalTab","apps/web/src/app/components/detail/CandlingJournalTab.tsx","1290","124","direct"
"md:min-h-8","Tailwind built-in scale","components/detail/CandlingJournalTab","apps/web/src/app/components/detail/CandlingJournalTab.tsx","1290","225","direct"
"mt-1.5","Tailwind built-in scale","components/detail/CandlingJournalTab","apps/web/src/app/components/detail/CandlingJournalTab.tsx","1334","30","direct"
"w-full","Tailwind built-in scale","components/detail/CandlingJournalTab","apps/web/src/app/components/detail/CandlingJournalTab.tsx","1334","36","direct"
"rounded-xl","Tailwind built-in scale","components/detail/CandlingJournalTab","apps/web/src/app/components/detail/CandlingJournalTab.tsx","1334","55","direct"
"px-3","Tailwind built-in scale","components/detail/CandlingJournalTab","apps/web/src/app/components/detail/CandlingJournalTab.tsx","1334","66","direct"
"py-2.5","Tailwind built-in scale","components/detail/CandlingJournalTab","apps/web/src/app/components/detail/CandlingJournalTab.tsx","1334","71","direct"
"mt-1.5","Tailwind built-in scale","components/detail/CandlingJournalTab","apps/web/src/app/components/detail/CandlingJournalTab.tsx","1364","30","direct"
"w-full","Tailwind built-in scale","components/detail/CandlingJournalTab","apps/web/src/app/components/detail/CandlingJournalTab.tsx","1364","41","direct"
"gap-1","Tailwind built-in scale","components/detail/CandlingJournalTab","apps/web/src/app/components/detail/CandlingJournalTab.tsx","1364","100","direct"
"rounded-xl","Tailwind built-in scale","components/detail/CandlingJournalTab","apps/web/src/app/components/detail/CandlingJournalTab.tsx","1364","106","direct"
"py-5","Tailwind built-in scale","components/detail/CandlingJournalTab","apps/web/src/app/components/detail/CandlingJournalTab.tsx","1364","117","direct"
"mt-2","Tailwind built-in scale","components/detail/CandlingJournalTab","apps/web/src/app/components/detail/CandlingJournalTab.tsx","1406","35","direct"
"gap-2","Tailwind built-in scale","components/detail/CandlingJournalTab","apps/web/src/app/components/detail/CandlingJournalTab.tsx","1406","54","direct"
"rounded-lg","Tailwind built-in scale","components/detail/CandlingJournalTab","apps/web/src/app/components/detail/CandlingJournalTab.tsx","1412","38","direct"
"-top-2","Tailwind built-in scale","components/detail/CandlingJournalTab","apps/web/src/app/components/detail/CandlingJournalTab.tsx","1428","46","direct"
"-right-2","Tailwind built-in scale","components/detail/CandlingJournalTab","apps/web/src/app/components/detail/CandlingJournalTab.tsx","1428","53","direct"
"h-11","Tailwind built-in scale","components/detail/CandlingJournalTab","apps/web/src/app/components/detail/CandlingJournalTab.tsx","1428","67","direct"
"w-11","Tailwind built-in scale","components/detail/CandlingJournalTab","apps/web/src/app/components/detail/CandlingJournalTab.tsx","1428","72","direct"
"rounded-full","Tailwind built-in scale","components/detail/CandlingJournalTab","apps/web/src/app/components/detail/CandlingJournalTab.tsx","1428","120","direct"
"md:h-7","Tailwind built-in scale","components/detail/CandlingJournalTab","apps/web/src/app/components/detail/CandlingJournalTab.tsx","1428","242","direct"
"md:w-7","Tailwind built-in scale","components/detail/CandlingJournalTab","apps/web/src/app/components/detail/CandlingJournalTab.tsx","1428","249","direct"
"h-5","Tailwind built-in scale","components/detail/CandlingJournalTab","apps/web/src/app/components/detail/CandlingJournalTab.tsx","1431","48","direct"
"w-5","Tailwind built-in scale","components/detail/CandlingJournalTab","apps/web/src/app/components/detail/CandlingJournalTab.tsx","1431","52","direct"
"rounded-full","Tailwind built-in scale","components/detail/CandlingJournalTab","apps/web/src/app/components/detail/CandlingJournalTab.tsx","1431","84","direct"
"mt-3","Tailwind built-in scale","components/detail/CandlingJournalTab","apps/web/src/app/components/detail/CandlingJournalTab.tsx","1447","30","direct"
"mt-2.5","Tailwind built-in scale","components/detail/CandlingJournalTab","apps/web/src/app/components/detail/CandlingJournalTab.tsx","1463","28","direct"
"bottom-0","Tailwind built-in scale","components/detail/CandlingJournalTab","apps/web/src/app/components/detail/CandlingJournalTab.tsx","1471","35","direct"
"px-5","Tailwind built-in scale","components/detail/CandlingJournalTab","apps/web/src/app/components/detail/CandlingJournalTab.tsx","1471","52","direct"
"py-4","Tailwind built-in scale","components/detail/CandlingJournalTab","apps/web/src/app/components/detail/CandlingJournalTab.tsx","1471","57","direct"
"inset-x-0","Tailwind built-in scale","components/detail/CandlingJournalTab","apps/web/src/app/components/detail/CandlingJournalTab.tsx","1479","51","direct"
"-top-6","Tailwind built-in scale","components/detail/CandlingJournalTab","apps/web/src/app/components/detail/CandlingJournalTab.tsx","1479","61","direct"
"h-6","Tailwind built-in scale","components/detail/CandlingJournalTab","apps/web/src/app/components/detail/CandlingJournalTab.tsx","1479","68","direct"
"gap-2","Tailwind built-in scale","components/detail/CandlingJournalTab","apps/web/src/app/components/detail/CandlingJournalTab.tsx","1481","58","direct"
"rounded-full","Tailwind built-in scale","components/detail/CandlingJournalTab","apps/web/src/app/components/detail/CandlingJournalTab.tsx","1484","24","direct"
"rounded-full","Tailwind built-in scale","components/detail/CandlingJournalTab","apps/web/src/app/components/detail/CandlingJournalTab.tsx","1501","26","direct"
"rounded-full","Tailwind built-in scale","components/detail/CandlingJournalTab","apps/web/src/app/components/detail/CandlingJournalTab.tsx","1514","26","direct"
"rounded-2","Tailwind built-in scale","components/detail/CandlingJournalTab","apps/web/src/app/components/detail/CandlingJournalTab.tsx","1540","22","direct"
"mt-2","Tailwind built-in scale","components/detail/CandlingJournalTab","apps/web/src/app/components/detail/CandlingJournalTab.tsx","1557","31","direct"
"rounded-full","Tailwind built-in scale","components/detail/CandlingJournalTab","apps/web/src/app/components/detail/CandlingJournalTab.tsx","1569","26","direct"
"rounded-full","Tailwind built-in scale","components/detail/CandlingJournalTab","apps/web/src/app/components/detail/CandlingJournalTab.tsx","1580","26","direct"
"rounded-lg","Tailwind built-in scale","components/detail/CandlingJournalTab","apps/web/src/app/components/detail/CandlingJournalTab.tsx","1627","90","direct"
"p-2","Tailwind built-in scale","components/detail/CandlingJournalTab","apps/web/src/app/components/detail/CandlingJournalTab.tsx","1627","101","direct"
"md:min-w-0","Tailwind built-in scale","components/detail/CandlingJournalTab","apps/web/src/app/components/detail/CandlingJournalTab.tsx","1627","124","direct"
"md:p-2.5","Tailwind built-in scale","components/detail/CandlingJournalTab","apps/web/src/app/components/detail/CandlingJournalTab.tsx","1627","135","direct"
"mt-1.5","Tailwind built-in scale","components/detail/CandlingJournalTab","apps/web/src/app/components/detail/CandlingJournalTab.tsx","1644","27","direct"
"gap-1.5","Tailwind built-in scale","components/detail/CandlingJournalTab","apps/web/src/app/components/detail/CandlingJournalTab.tsx","1644","51","direct"
"md:mt-2","Tailwind built-in scale","components/detail/CandlingJournalTab","apps/web/src/app/components/detail/CandlingJournalTab.tsx","1644","59","direct"
"h-5","Tailwind built-in scale","components/detail/CandlingJournalTab","apps/web/src/app/components/detail/CandlingJournalTab.tsx","1647","26","direct"
"w-1","Tailwind built-in scale","components/detail/CandlingJournalTab","apps/web/src/app/components/detail/CandlingJournalTab.tsx","1647","29","direct"
"rounded-full","Tailwind built-in scale","components/detail/CandlingJournalTab","apps/web/src/app/components/detail/CandlingJournalTab.tsx","1647","42","direct"
"space-y-3","Tailwind built-in scale","components/detail/CandlingJournalTab","apps/web/src/app/components/detail/CandlingJournalTab.tsx","2065","21","direct"
"md:space-y-5","Tailwind built-in scale","components/detail/CandlingJournalTab","apps/web/src/app/components/detail/CandlingJournalTab.tsx","2065","30","direct"
"my-4","Tailwind built-in scale","components/detail/CandlingJournalTab","apps/web/src/app/components/detail/CandlingJournalTab.tsx","2077","22","direct"
"space-y-4","Tailwind built-in scale","components/detail/CandlingJournalTab","apps/web/src/app/components/detail/CandlingJournalTab.tsx","2081","27","direct"
"gap-4","Tailwind built-in scale","components/detail/CandlingJournalTab","apps/web/src/app/components/detail/CandlingJournalTab.tsx","2082","45","direct"
"md:gap-3","Tailwind built-in scale","components/detail/CandlingJournalTab","apps/web/src/app/components/detail/CandlingJournalTab.tsx","2082","66","direct"
"gap-3","Tailwind built-in scale","components/detail/CandlingJournalTab","apps/web/src/app/components/detail/CandlingJournalTab.tsx","2083","74","direct"
"md:min-w-0","Tailwind built-in scale","components/detail/CandlingJournalTab","apps/web/src/app/components/detail/CandlingJournalTab.tsx","2084","46","direct"
"rounded-lg","Tailwind built-in scale","components/detail/CandlingJournalTab","apps/web/src/app/components/detail/CandlingJournalTab.tsx","2119","98","direct"
"px-3.5","Tailwind built-in scale","components/detail/CandlingJournalTab","apps/web/src/app/components/detail/CandlingJournalTab.tsx","2119","109","direct"
"py-3","Tailwind built-in scale","components/detail/CandlingJournalTab","apps/web/src/app/components/detail/CandlingJournalTab.tsx","2119","116","direct"
"md:min-w-0","Tailwind built-in scale","components/detail/CandlingJournalTab","apps/web/src/app/components/detail/CandlingJournalTab.tsx","2119","150","direct"
"md:p-3.5","Tailwind built-in scale","components/detail/CandlingJournalTab","apps/web/src/app/components/detail/CandlingJournalTab.tsx","2119","161","direct"
"gap-2","Tailwind built-in scale","components/detail/CandlingJournalTab","apps/web/src/app/components/detail/CandlingJournalTab.tsx","2165","47","direct"
"gap-x-3","Tailwind built-in scale","components/detail/CandlingJournalTab","apps/web/src/app/components/detail/CandlingJournalTab.tsx","2188","74","direct"
"gap-y-1","Tailwind built-in scale","components/detail/CandlingJournalTab","apps/web/src/app/components/detail/CandlingJournalTab.tsx","2188","82","direct"
"pt-4","Tailwind built-in scale","components/detail/CandlingJournalTab","apps/web/src/app/components/detail/CandlingJournalTab.tsx","2188","99","direct"
"gap-2","Tailwind built-in scale","components/detail/CandlingJournalTab","apps/web/src/app/components/detail/CandlingJournalTab.tsx","2191","70","direct"
"rounded-full","Tailwind built-in scale","components/detail/CandlingJournalTab","apps/web/src/app/components/detail/CandlingJournalTab.tsx","2207","56","direct"
"px-2.5","Tailwind built-in scale","components/detail/CandlingJournalTab","apps/web/src/app/components/detail/CandlingJournalTab.tsx","2207","69","direct"
"py-0.5","Tailwind built-in scale","components/detail/CandlingJournalTab","apps/web/src/app/components/detail/CandlingJournalTab.tsx","2207","76","direct"
"gap-1","Tailwind built-in scale","components/detail/CandlingJournalTab","apps/web/src/app/components/detail/CandlingJournalTab.tsx","2234","125","direct"
"rounded-full","Tailwind built-in scale","components/detail/CandlingJournalTab","apps/web/src/app/components/detail/CandlingJournalTab.tsx","2234","143","direct"
"px-6","Tailwind built-in scale","components/detail/CandlingJournalTab","apps/web/src/app/components/detail/CandlingJournalTab.tsx","2234","156","direct"
"md:text-sm","Tailwind built-in scale","components/detail/CandlingJournalTab","apps/web/src/app/components/detail/CandlingJournalTab.tsx","2234","242","direct"
"mt-1","Tailwind built-in scale","components/detail/CandlingJournalTab","apps/web/src/app/components/detail/CandlingJournalTab.tsx","2240","42","direct"
"w-full","Tailwind built-in scale","components/detail/CandlingJournalTab","apps/web/src/app/components/detail/CandlingJournalTab.tsx","2255","40","direct"
"space-y-4","Tailwind built-in scale","components/detail/CandlingJournalTab","apps/web/src/app/components/detail/CandlingJournalTab.tsx","2267","27","direct"
"gap-2","Tailwind built-in scale","components/detail/CandlingJournalTab","apps/web/src/app/components/detail/CandlingJournalTab.tsx","2268","45","direct"
"gap-x-3","Tailwind built-in scale","components/detail/CandlingJournalTab","apps/web/src/app/components/detail/CandlingJournalTab.tsx","2288","74","direct"
"gap-y-1","Tailwind built-in scale","components/detail/CandlingJournalTab","apps/web/src/app/components/detail/CandlingJournalTab.tsx","2288","82","direct"
"pt-4","Tailwind built-in scale","components/detail/CandlingJournalTab","apps/web/src/app/components/detail/CandlingJournalTab.tsx","2288","99","direct"
"gap-2","Tailwind built-in scale","components/detail/CandlingJournalTab","apps/web/src/app/components/detail/CandlingJournalTab.tsx","2291","70","direct"
"rounded-full","Tailwind built-in scale","components/detail/CandlingJournalTab","apps/web/src/app/components/detail/CandlingJournalTab.tsx","2307","56","direct"
"px-2.5","Tailwind built-in scale","components/detail/CandlingJournalTab","apps/web/src/app/components/detail/CandlingJournalTab.tsx","2307","69","direct"
"py-0.5","Tailwind built-in scale","components/detail/CandlingJournalTab","apps/web/src/app/components/detail/CandlingJournalTab.tsx","2307","76","direct"
"gap-1","Tailwind built-in scale","components/detail/CandlingJournalTab","apps/web/src/app/components/detail/CandlingJournalTab.tsx","2335","125","direct"
"rounded-full","Tailwind built-in scale","components/detail/CandlingJournalTab","apps/web/src/app/components/detail/CandlingJournalTab.tsx","2335","143","direct"
"px-6","Tailwind built-in scale","components/detail/CandlingJournalTab","apps/web/src/app/components/detail/CandlingJournalTab.tsx","2335","156","direct"
"md:text-sm","Tailwind built-in scale","components/detail/CandlingJournalTab","apps/web/src/app/components/detail/CandlingJournalTab.tsx","2335","242","direct"
"mt-1","Tailwind built-in scale","components/detail/CandlingJournalTab","apps/web/src/app/components/detail/CandlingJournalTab.tsx","2341","42","direct"
"w-full","Tailwind built-in scale","components/detail/CandlingJournalTab","apps/web/src/app/components/detail/CandlingJournalTab.tsx","2356","40","direct"
"gap-5","Tailwind built-in scale","components/detail/CandlingJournalTab","apps/web/src/app/components/detail/CandlingJournalTab.tsx","2388","39","direct"
"space-y-2","Tailwind built-in scale","components/detail/CandlingJournalTab","apps/web/src/app/components/detail/CandlingJournalTab.tsx","2390","25","direct"
"gap-3","Tailwind built-in scale","components/detail/CandlingJournalTab","apps/web/src/app/components/detail/CandlingJournalTab.tsx","2391","60","direct"
"h-11","Tailwind built-in scale","components/detail/CandlingJournalTab","apps/web/src/app/components/detail/CandlingJournalTab.tsx","2406","37","direct"
"w-11","Tailwind built-in scale","components/detail/CandlingJournalTab","apps/web/src/app/components/detail/CandlingJournalTab.tsx","2406","42","direct"
"rounded-lg","Tailwind built-in scale","components/detail/CandlingJournalTab","apps/web/src/app/components/detail/CandlingJournalTab.tsx","2406","99","direct"
"h-6","Tailwind built-in scale","components/detail/CandlingJournalTab","apps/web/src/app/components/detail/CandlingJournalTab.tsx","2413","37","direct"
"left-0","Tailwind built-in scale","components/detail/CandlingJournalTab","apps/web/src/app/components/detail/CandlingJournalTab.tsx","2415","36","direct"
"top-0","Tailwind built-in scale","components/detail/CandlingJournalTab","apps/web/src/app/components/detail/CandlingJournalTab.tsx","2415","43","direct"
"w-10","Tailwind built-in scale","components/detail/CandlingJournalTab","apps/web/src/app/components/detail/CandlingJournalTab.tsx","2415","54","direct"
"top-0","Tailwind built-in scale","components/detail/CandlingJournalTab","apps/web/src/app/components/detail/CandlingJournalTab.tsx","2431","36","direct"
"bottom-0","Tailwind built-in scale","components/detail/CandlingJournalTab","apps/web/src/app/components/detail/CandlingJournalTab.tsx","2431","42","direct"
"left-0","Tailwind built-in scale","components/detail/CandlingJournalTab","apps/web/src/app/components/detail/CandlingJournalTab.tsx","2431","51","direct"
"w-0.5","Tailwind built-in scale","components/detail/CandlingJournalTab","apps/web/src/app/components/detail/CandlingJournalTab.tsx","2435","30","direct"
"space-y-5","Tailwind built-in scale","components/detail/CandlingJournalTab","apps/web/src/app/components/detail/CandlingJournalTab.tsx","2443","30","direct"
"rounded-full","Tailwind built-in scale","components/detail/CandlingJournalTab","apps/web/src/app/components/detail/CandlingJournalTab.tsx","2461","70","direct"
"min-w-0","Tailwind built-in scale","components/detail/CandlingJournalTab","apps/web/src/app/components/detail/CandlingJournalTab.tsx","2476","45","direct"
"pl-3","Tailwind built-in scale","components/detail/CandlingJournalTab","apps/web/src/app/components/detail/CandlingJournalTab.tsx","2476","53","direct"
"gap-2","Tailwind built-in scale","components/detail/CandlingJournalTab","apps/web/src/app/components/detail/CandlingJournalTab.tsx","2478","71","direct"
"min-w-0","Tailwind built-in scale","components/detail/CandlingJournalTab","apps/web/src/app/components/detail/CandlingJournalTab.tsx","2495","82","direct"
"gap-1.5","Tailwind built-in scale","components/detail/CandlingJournalTab","apps/web/src/app/components/detail/CandlingJournalTab.tsx","2495","128","direct"
"rounded-lg","Tailwind built-in scale","components/detail/CandlingJournalTab","apps/web/src/app/components/detail/CandlingJournalTab.tsx","2495","136","direct"
"px-2","Tailwind built-in scale","components/detail/CandlingJournalTab","apps/web/src/app/components/detail/CandlingJournalTab.tsx","2495","147","direct"
"py-1","Tailwind built-in scale","components/detail/CandlingJournalTab","apps/web/src/app/components/detail/CandlingJournalTab.tsx","2495","152","direct"
"md:min-h-8","Tailwind built-in scale","components/detail/CandlingJournalTab","apps/web/src/app/components/detail/CandlingJournalTab.tsx","2495","336","direct"
"ml-0.5","Tailwind built-in scale","components/detail/CandlingJournalTab","apps/web/src/app/components/detail/CandlingJournalTab.tsx","2523","43","direct"
"gap-1.5","Tailwind built-in scale","components/detail/CandlingJournalTab","apps/web/src/app/components/detail/CandlingJournalTab.tsx","2527","69","direct"
"mr-3","Tailwind built-in scale","components/detail/CandlingJournalTab","apps/web/src/app/components/detail/CandlingJournalTab.tsx","2529","42","direct"
"h-5","Tailwind built-in scale","components/detail/CandlingJournalTab","apps/web/src/app/components/detail/CandlingJournalTab.tsx","2543","53","direct"
"w-5","Tailwind built-in scale","components/detail/CandlingJournalTab","apps/web/src/app/components/detail/CandlingJournalTab.tsx","2543","57","direct"
"rounded-lg","Tailwind built-in scale","components/detail/CandlingJournalTab","apps/web/src/app/components/detail/CandlingJournalTab.tsx","2543","113","direct"
"md:h-8","Tailwind built-in scale","components/detail/CandlingJournalTab","apps/web/src/app/components/detail/CandlingJournalTab.tsx","2543","316","direct"
"md:w-8","Tailwind built-in scale","components/detail/CandlingJournalTab","apps/web/src/app/components/detail/CandlingJournalTab.tsx","2543","323","direct"
"h-5","Tailwind built-in scale","components/detail/CandlingJournalTab","apps/web/src/app/components/detail/CandlingJournalTab.tsx","2552","53","direct"
"w-5","Tailwind built-in scale","components/detail/CandlingJournalTab","apps/web/src/app/components/detail/CandlingJournalTab.tsx","2552","57","direct"
"rounded-lg","Tailwind built-in scale","components/detail/CandlingJournalTab","apps/web/src/app/components/detail/CandlingJournalTab.tsx","2552","113","direct"
"md:h-8","Tailwind built-in scale","components/detail/CandlingJournalTab","apps/web/src/app/components/detail/CandlingJournalTab.tsx","2552","315","direct"
"md:w-8","Tailwind built-in scale","components/detail/CandlingJournalTab","apps/web/src/app/components/detail/CandlingJournalTab.tsx","2552","322","direct"
"mt-3","Tailwind built-in scale","components/detail/CandlingJournalTab","apps/web/src/app/components/detail/CandlingJournalTab.tsx","2566","41","direct"
"group-hover:mt-3","Tailwind built-in scale","components/detail/CandlingJournalTab","apps/web/src/app/components/detail/CandlingJournalTab.tsx","2567","89","direct"
"min-h-0","Tailwind built-in scale","components/detail/CandlingJournalTab","apps/web/src/app/components/detail/CandlingJournalTab.tsx","2570","43","direct"
"rounded-full","Tailwind built-in scale","components/detail/CandlingJournalTab","apps/web/src/app/components/detail/CandlingJournalTab.tsx","2595","74","direct"
"min-w-0","Tailwind built-in scale","components/detail/CandlingJournalTab","apps/web/src/app/components/detail/CandlingJournalTab.tsx","2615","49","direct"
"pl-3","Tailwind built-in scale","components/detail/CandlingJournalTab","apps/web/src/app/components/detail/CandlingJournalTab.tsx","2615","57","direct"
"gap-1.5","Tailwind built-in scale","components/detail/CandlingJournalTab","apps/web/src/app/components/detail/CandlingJournalTab.tsx","2618","71","direct"
"mt-6","Tailwind built-in scale","components/detail/CandlingJournalTab","apps/web/src/app/components/detail/CandlingJournalTab.tsx","2654","38","direct"
"max-w-lg","Tailwind built-in scale","components/detail/CandlingJournalTab","apps/web/src/app/components/detail/CandlingJournalTab.tsx","2654","43","direct"
"rounded-2","Tailwind built-in scale","components/detail/CandlingJournalTab","apps/web/src/app/components/detail/CandlingJournalTab.tsx","2672","28","direct"
"mt-2","Tailwind built-in scale","components/detail/CandlingJournalTab","apps/web/src/app/components/detail/CandlingJournalTab.tsx","2689","37","direct"
"rounded-full","Tailwind built-in scale","components/detail/CandlingJournalTab","apps/web/src/app/components/detail/CandlingJournalTab.tsx","2701","32","direct"
"rounded-full","Tailwind built-in scale","components/detail/CandlingJournalTab","apps/web/src/app/components/detail/CandlingJournalTab.tsx","2712","32","direct"
"space-y-5","Tailwind built-in scale","components/detail/CandlingJournalTab","apps/web/src/app/components/detail/CandlingJournalTab.tsx","2741","31","direct"
"rounded-2","Tailwind built-in scale","components/detail/CandlingJournalTab","apps/web/src/app/components/detail/CandlingJournalTab.tsx","2751","62","direct"
"border-0","Tailwind built-in scale","components/detail/CandlingJournalTab","apps/web/src/app/components/detail/CandlingJournalTab.tsx","2751","74","direct"
"p-4","Tailwind built-in scale","components/detail/CandlingJournalTab","apps/web/src/app/components/detail/CandlingJournalTab.tsx","2751","108","direct"
"min-w-0","Tailwind built-in scale","components/detail/DeviceSettingsTab","apps/web/src/app/components/detail/DeviceSettingsTab.tsx","128","20","direct"
"rounded-2","Tailwind built-in scale","components/detail/DeviceSettingsTab","apps/web/src/app/components/detail/DeviceSettingsTab.tsx","128","27","direct"
"p-4","Tailwind built-in scale","components/detail/DeviceSettingsTab","apps/web/src/app/components/detail/DeviceSettingsTab.tsx","128","39","direct"
"md:p-6","Tailwind built-in scale","components/detail/DeviceSettingsTab","apps/web/src/app/components/detail/DeviceSettingsTab.tsx","128","43","direct"
"mb-4","Tailwind built-in scale","components/detail/DeviceSettingsTab","apps/web/src/app/components/detail/DeviceSettingsTab.tsx","136","22","direct"
"w-full","Tailwind built-in scale","components/detail/DeviceSettingsTab","apps/web/src/app/components/detail/DeviceSettingsTab.tsx","136","26","direct"
"min-w-0","Tailwind built-in scale","components/detail/DeviceSettingsTab","apps/web/src/app/components/detail/DeviceSettingsTab.tsx","136","33","direct"
"border-0","Tailwind built-in scale","components/detail/DeviceSettingsTab","apps/web/src/app/components/detail/DeviceSettingsTab.tsx","136","41","direct"
"p-0","Tailwind built-in scale","components/detail/DeviceSettingsTab","apps/web/src/app/components/detail/DeviceSettingsTab.tsx","136","50","direct"
"w-full","Tailwind built-in scale","components/detail/DeviceSettingsTab","apps/web/src/app/components/detail/DeviceSettingsTab.tsx","139","46","direct"
"min-w-0","Tailwind built-in scale","components/detail/DeviceSettingsTab","apps/web/src/app/components/detail/DeviceSettingsTab.tsx","169","30","direct"
"min-w-0","Tailwind built-in scale","components/detail/DeviceSettingsTab","apps/web/src/app/components/detail/DeviceSettingsTab.tsx","176","36","direct"
"min-w-0","Tailwind built-in scale","components/detail/DeviceSettingsTab","apps/web/src/app/components/detail/DeviceSettingsTab.tsx","179","42","direct"
"pb-5","Tailwind built-in scale","components/detail/DeviceSettingsTab","apps/web/src/app/components/detail/DeviceSettingsTab.tsx","190","26","direct"
"mt-1","Tailwind built-in scale","components/detail/DeviceSettingsTab","apps/web/src/app/components/detail/DeviceSettingsTab.tsx","209","28","direct"
"pt-5","Tailwind built-in scale","components/detail/DeviceSettingsTab","apps/web/src/app/components/detail/DeviceSettingsTab.tsx","220","29","direct"
"space-y-4","Tailwind built-in scale","components/detail/DeviceSettingsTab","apps/web/src/app/components/detail/DeviceSettingsTab.tsx","220","33","direct"
"gap-4","Tailwind built-in scale","components/detail/DeviceSettingsTab","apps/web/src/app/components/detail/DeviceSettingsTab.tsx","222","41","direct"
"p-4","Tailwind built-in scale","components/detail/DeviceSettingsTab","apps/web/src/app/components/detail/DeviceSettingsTab.tsx","222","78","direct"
"gap-4","Tailwind built-in scale","components/detail/DeviceSettingsTab","apps/web/src/app/components/detail/DeviceSettingsTab.tsx","228","46","direct"
"min-w-0","Tailwind built-in scale","components/detail/DeviceSettingsTab","apps/web/src/app/components/detail/DeviceSettingsTab.tsx","229","39","direct"
"gap-3","Tailwind built-in scale","components/detail/DeviceSettingsTab","apps/web/src/app/components/detail/DeviceSettingsTab.tsx","229","60","direct"
"h-10","Tailwind built-in scale","components/detail/DeviceSettingsTab","apps/web/src/app/components/detail/DeviceSettingsTab.tsx","232","38","direct"
"w-10","Tailwind built-in scale","components/detail/DeviceSettingsTab","apps/web/src/app/components/detail/DeviceSettingsTab.tsx","232","43","direct"
"rounded-xl","Tailwind built-in scale","components/detail/DeviceSettingsTab","apps/web/src/app/components/detail/DeviceSettingsTab.tsx","232","85","direct"
"min-w-0","Tailwind built-in scale","components/detail/DeviceSettingsTab","apps/web/src/app/components/detail/DeviceSettingsTab.tsx","245","37","direct"
"mt-0.5","Tailwind built-in scale","components/detail/DeviceSettingsTab","apps/web/src/app/components/detail/DeviceSettingsTab.tsx","256","39","direct"
"min-w-0","Tailwind built-in scale","components/detail/DeviceSettingsTab","apps/web/src/app/components/detail/DeviceSettingsTab.tsx","256","50","direct"
"gap-2","Tailwind built-in scale","components/detail/DeviceSettingsTab","apps/web/src/app/components/detail/DeviceSettingsTab.tsx","256","81","direct"
"w-full","Tailwind built-in scale","components/detail/DeviceSettingsTab","apps/web/src/app/components/detail/DeviceSettingsTab.tsx","284","36","direct"
"rounded-xl","Tailwind built-in scale","components/detail/DeviceSettingsTab","apps/web/src/app/components/detail/DeviceSettingsTab.tsx","284","42","direct"
"p-4","Tailwind built-in scale","components/detail/DeviceSettingsTab","apps/web/src/app/components/detail/DeviceSettingsTab.tsx","356","33","direct"
"mt-1","Tailwind built-in scale","components/detail/DeviceSettingsTab","apps/web/src/app/components/detail/DeviceSettingsTab.tsx","373","34","direct"
"gap-1.5","Tailwind built-in scale","components/detail/DeviceSettingsTab","apps/web/src/app/components/detail/DeviceSettingsTab.tsx","395","105","direct"
"rounded-lg","Tailwind built-in scale","components/detail/DeviceSettingsTab","apps/web/src/app/components/detail/DeviceSettingsTab.tsx","395","113","direct"
"px-1","Tailwind built-in scale","components/detail/DeviceSettingsTab","apps/web/src/app/components/detail/DeviceSettingsTab.tsx","395","124","direct"
"md:min-h-10","Tailwind built-in scale","components/detail/DeviceSettingsTab","apps/web/src/app/components/detail/DeviceSettingsTab.tsx","395","263","direct"
"pb-5","Tailwind built-in scale","components/detail/DeviceSettingsTab","apps/web/src/app/components/detail/DeviceSettingsTab.tsx","412","26","direct"
"mt-1","Tailwind built-in scale","components/detail/DeviceSettingsTab","apps/web/src/app/components/detail/DeviceSettingsTab.tsx","431","28","direct"
"pt-5","Tailwind built-in scale","components/detail/DeviceSettingsTab","apps/web/src/app/components/detail/DeviceSettingsTab.tsx","442","29","direct"
"space-y-4","Tailwind built-in scale","components/detail/DeviceSettingsTab","apps/web/src/app/components/detail/DeviceSettingsTab.tsx","442","33","direct"
"gap-2","Tailwind built-in scale","components/detail/DeviceSettingsTab","apps/web/src/app/components/detail/DeviceSettingsTab.tsx","443","64","direct"
"gap-2","Tailwind built-in scale","components/detail/DeviceSettingsTab","apps/web/src/app/components/detail/DeviceSettingsTab.tsx","487","64","direct"
"rounded-xl","Tailwind built-in scale","components/detail/DeviceSettingsTab","apps/web/src/app/components/detail/DeviceSettingsTab.tsx","509","75","direct"
"md:h-9","Tailwind built-in scale","components/detail/DeviceSettingsTab","apps/web/src/app/components/detail/DeviceSettingsTab.tsx","509","86","direct"
"gap-2","Tailwind built-in scale","components/detail/DeviceSettingsTab","apps/web/src/app/components/detail/DeviceSettingsTab.tsx","528","64","direct"
"min-w-0","Tailwind built-in scale","components/detail/DeviceSettingsTab","apps/web/src/app/components/detail/DeviceSettingsTab.tsx","530","30","direct"
"rounded-full","Tailwind built-in scale","components/detail/DeviceSettingsTab","apps/web/src/app/components/detail/DeviceSettingsTab.tsx","565","38","direct"
"pb-5","Tailwind built-in scale","components/detail/DeviceSettingsTab","apps/web/src/app/components/detail/DeviceSettingsTab.tsx","583","26","direct"
"mt-1","Tailwind built-in scale","components/detail/DeviceSettingsTab","apps/web/src/app/components/detail/DeviceSettingsTab.tsx","602","28","direct"
"pt-5","Tailwind built-in scale","components/detail/DeviceSettingsTab","apps/web/src/app/components/detail/DeviceSettingsTab.tsx","613","29","direct"
"space-y-4","Tailwind built-in scale","components/detail/DeviceSettingsTab","apps/web/src/app/components/detail/DeviceSettingsTab.tsx","613","33","direct"
"gap-1.5","Tailwind built-in scale","components/detail/DeviceSettingsTab","apps/web/src/app/components/detail/DeviceSettingsTab.tsx","619","63","direct"
"min-h-9","Tailwind built-in scale","components/detail/DeviceSettingsTab","apps/web/src/app/components/detail/DeviceSettingsTab.tsx","633","42","direct"
"max-w-full","Tailwind built-in scale","components/detail/DeviceSettingsTab","apps/web/src/app/components/detail/DeviceSettingsTab.tsx","633","50","direct"
"rounded-full","Tailwind built-in scale","components/detail/DeviceSettingsTab","apps/web/src/app/components/detail/DeviceSettingsTab.tsx","633","79","direct"
"py-2","Tailwind built-in scale","components/detail/DeviceSettingsTab","apps/web/src/app/components/detail/DeviceSettingsTab.tsx","633","92","direct"
"min-w-0","Tailwind built-in scale","components/detail/DeviceSettingsTab","apps/web/src/app/components/detail/DeviceSettingsTab.tsx","641","42","direct"
"rounded-xl","Tailwind built-in scale","components/detail/DeviceSettingsTab","apps/web/src/app/components/detail/DeviceSettingsTab.tsx","650","28","direct"
"p-3.5","Tailwind built-in scale","components/detail/DeviceSettingsTab","apps/web/src/app/components/detail/DeviceSettingsTab.tsx","650","38","direct"
"mt-1.5","Tailwind built-in scale","components/detail/DeviceSettingsTab","apps/web/src/app/components/detail/DeviceSettingsTab.tsx","680","62","direct"
"h-2","Tailwind built-in scale","components/detail/DeviceSettingsTab","apps/web/src/app/components/detail/DeviceSettingsTab.tsx","680","68","direct"
"rounded-xl","Tailwind built-in scale","components/detail/DeviceSettingsTab","apps/web/src/app/components/detail/DeviceSettingsTab.tsx","683","28","direct"
"px-4","Tailwind built-in scale","components/detail/DeviceSettingsTab","apps/web/src/app/components/detail/DeviceSettingsTab.tsx","683","38","direct"
"py-3","Tailwind built-in scale","components/detail/DeviceSettingsTab","apps/web/src/app/components/detail/DeviceSettingsTab.tsx","683","43","direct"
"mt-1","Tailwind built-in scale","components/detail/DeviceSettingsTab","apps/web/src/app/components/detail/DeviceSettingsTab.tsx","701","30","direct"
"mt-2","Tailwind built-in scale","components/detail/DeviceSettingsTab","apps/web/src/app/components/detail/DeviceSettingsTab.tsx","712","30","direct"
"rounded-lg","Tailwind built-in scale","components/detail/DeviceSettingsTab","apps/web/src/app/components/detail/DeviceSettingsTab.tsx","712","34","direct"
"mb-2","Tailwind built-in scale","components/detail/IncubationCalendar","apps/web/src/app/components/detail/IncubationCalendar.tsx","142","22","direct"
"gap-2","Tailwind built-in scale","components/detail/IncubationCalendar","apps/web/src/app/components/detail/IncubationCalendar.tsx","142","44","direct"
"rounded-xl","Tailwind built-in scale","components/detail/IncubationCalendar","apps/web/src/app/components/detail/IncubationCalendar.tsx","142","50","direct"
"px-3","Tailwind built-in scale","components/detail/IncubationCalendar","apps/web/src/app/components/detail/IncubationCalendar.tsx","142","61","direct"
"py-2","Tailwind built-in scale","components/detail/IncubationCalendar","apps/web/src/app/components/detail/IncubationCalendar.tsx","142","66","direct"
"h-2","Tailwind built-in scale","components/detail/IncubationCalendar","apps/web/src/app/components/detail/IncubationCalendar.tsx","147","24","direct"
"w-2","Tailwind built-in scale","components/detail/IncubationCalendar","apps/web/src/app/components/detail/IncubationCalendar.tsx","147","27","direct"
"rounded-full","Tailwind built-in scale","components/detail/IncubationCalendar","apps/web/src/app/components/detail/IncubationCalendar.tsx","147","40","direct"
"mb-3","Tailwind built-in scale","components/detail/IncubationCalendar","apps/web/src/app/components/detail/IncubationCalendar.tsx","166","20","direct"
"gap-1","Tailwind built-in scale","components/detail/IncubationCalendar","apps/web/src/app/components/detail/IncubationCalendar.tsx","166","41","direct"
"min-w-0","Tailwind built-in scale","components/detail/IncubationCalendar","apps/web/src/app/components/detail/IncubationCalendar.tsx","183","30","direct"
"gap-0.5","Tailwind built-in scale","components/detail/IncubationCalendar","apps/web/src/app/components/detail/IncubationCalendar.tsx","183","67","direct"
"rounded-xl","Tailwind built-in scale","components/detail/IncubationCalendar","apps/web/src/app/components/detail/IncubationCalendar.tsx","183","75","direct"
"py-2","Tailwind built-in scale","components/detail/IncubationCalendar","apps/web/src/app/components/detail/IncubationCalendar.tsx","183","86","direct"
"h-1","Tailwind built-in scale","components/detail/IncubationCalendar","apps/web/src/app/components/detail/IncubationCalendar.tsx","218","28","direct"
"w-1","Tailwind built-in scale","components/detail/IncubationCalendar","apps/web/src/app/components/detail/IncubationCalendar.tsx","218","31","direct"
"rounded-full","Tailwind built-in scale","components/detail/IncubationCalendar","apps/web/src/app/components/detail/IncubationCalendar.tsx","218","35","direct"
"mb-3","Tailwind built-in scale","components/detail/IncubationCalendar","apps/web/src/app/components/detail/IncubationCalendar.tsx","271","23","direct"
"gap-2","Tailwind built-in scale","components/detail/IncubationCalendar","apps/web/src/app/components/detail/IncubationCalendar.tsx","271","60","direct"
"rounded-full","Tailwind built-in scale","components/detail/IncubationCalendar","apps/web/src/app/components/detail/IncubationCalendar.tsx","275","135","direct"
"rounded-full","Tailwind built-in scale","components/detail/IncubationCalendar","apps/web/src/app/components/detail/IncubationCalendar.tsx","294","135","direct"
"gap-1","Tailwind built-in scale","components/detail/IncubationCalendar","apps/web/src/app/components/detail/IncubationCalendar.tsx","302","39","direct"
"mt-1","Tailwind built-in scale","components/detail/IncubationCalendar","apps/web/src/app/components/detail/IncubationCalendar.tsx","321","23","direct"
"gap-y-1","Tailwind built-in scale","components/detail/IncubationCalendar","apps/web/src/app/components/detail/IncubationCalendar.tsx","321","44","direct"
"mt-3","Tailwind built-in scale","components/detail/IncubationCalendar","apps/web/src/app/components/detail/IncubationCalendar.tsx","481","20","direct"
"gap-x-2","Tailwind built-in scale","components/detail/IncubationCalendar","apps/web/src/app/components/detail/IncubationCalendar.tsx","481","67","direct"
"gap-y-1","Tailwind built-in scale","components/detail/IncubationCalendar","apps/web/src/app/components/detail/IncubationCalendar.tsx","481","75","direct"
"pt-2.5","Tailwind built-in scale","components/detail/IncubationCalendar","apps/web/src/app/components/detail/IncubationCalendar.tsx","481","92","direct"
"rounded-sm","Tailwind built-in scale","components/detail/IncubationCalendar","apps/web/src/app/components/detail/IncubationCalendar.tsx","488","28","direct"
"rounded-sm","Tailwind built-in scale","components/detail/IncubationCalendar","apps/web/src/app/components/detail/IncubationCalendar.tsx","501","28","direct"
"rounded-sm","Tailwind built-in scale","components/detail/IncubationCalendar","apps/web/src/app/components/detail/IncubationCalendar.tsx","514","28","direct"
"rounded-sm","Tailwind built-in scale","components/detail/IncubationCalendar","apps/web/src/app/components/detail/IncubationCalendar.tsx","527","28","direct"
"gap-1","Tailwind built-in scale","components/detail/IncubationCalendar","apps/web/src/app/components/detail/IncubationCalendar.tsx","540","53","direct"
"gap-2.5","Tailwind built-in scale","components/detail/IncubationCalendar","apps/web/src/app/components/detail/IncubationCalendar.tsx","597","39","direct"
"py-2","Tailwind built-in scale","components/detail/IncubationCalendar","apps/web/src/app/components/detail/IncubationCalendar.tsx","597","86","direct"
"last:border-b-0","Tailwind built-in scale","components/detail/IncubationCalendar","apps/web/src/app/components/detail/IncubationCalendar.tsx","597","91","direct"
"h-2.5","Tailwind built-in scale","components/detail/IncubationCalendar","apps/web/src/app/components/detail/IncubationCalendar.tsx","601","24","direct"
"w-2.5","Tailwind built-in scale","components/detail/IncubationCalendar","apps/web/src/app/components/detail/IncubationCalendar.tsx","601","29","direct"
"rounded-full","Tailwind built-in scale","components/detail/IncubationCalendar","apps/web/src/app/components/detail/IncubationCalendar.tsx","601","44","direct"
"min-w-0","Tailwind built-in scale","components/detail/IncubationCalendar","apps/web/src/app/components/detail/IncubationCalendar.tsx","604","27","direct"
"mt-3.5","Tailwind built-in scale","components/detail/IncubationCalendar","apps/web/src/app/components/detail/IncubationCalendar.tsx","684","20","direct"
"pt-3","Tailwind built-in scale","components/detail/IncubationCalendar","apps/web/src/app/components/detail/IncubationCalendar.tsx","684","35","direct"
"mb-2","Tailwind built-in scale","components/detail/IncubationCalendar","apps/web/src/app/components/detail/IncubationCalendar.tsx","687","25","direct"
"gap-2","Tailwind built-in scale","components/detail/IncubationCalendar","apps/web/src/app/components/detail/IncubationCalendar.tsx","687","63","direct"
"rounded-full","Tailwind built-in scale","components/detail/IncubationCalendar","apps/web/src/app/components/detail/IncubationCalendar.tsx","713","24","direct"
"px-2","Tailwind built-in scale","components/detail/IncubationCalendar","apps/web/src/app/components/detail/IncubationCalendar.tsx","713","36","direct"
"py-0.5","Tailwind built-in scale","components/detail/IncubationCalendar","apps/web/src/app/components/detail/IncubationCalendar.tsx","713","41","direct"
"gap-2","Tailwind built-in scale","components/detail/IncubationCalendar","apps/web/src/app/components/detail/IncubationCalendar.tsx","741","43","direct"
"rounded-xl","Tailwind built-in scale","components/detail/IncubationCalendar","apps/web/src/app/components/detail/IncubationCalendar.tsx","743","24","direct"
"p-2","Tailwind built-in scale","components/detail/IncubationCalendar","apps/web/src/app/components/detail/IncubationCalendar.tsx","743","34","direct"
"rounded-xl","Tailwind built-in scale","components/detail/IncubationCalendar","apps/web/src/app/components/detail/IncubationCalendar.tsx","790","24","direct"
"p-2","Tailwind built-in scale","components/detail/IncubationCalendar","apps/web/src/app/components/detail/IncubationCalendar.tsx","790","34","direct"
"rounded-xl","Tailwind built-in scale","components/detail/IncubationCalendar","apps/web/src/app/components/detail/IncubationCalendar.tsx","849","24","direct"
"p-2","Tailwind built-in scale","components/detail/IncubationCalendar","apps/web/src/app/components/detail/IncubationCalendar.tsx","849","34","direct"
"rounded-xl","Tailwind built-in scale","components/detail/IncubationCalendar","apps/web/src/app/components/detail/IncubationCalendar.tsx","896","24","direct"
"p-2","Tailwind built-in scale","components/detail/IncubationCalendar","apps/web/src/app/components/detail/IncubationCalendar.tsx","896","34","direct"
"mt-2","Tailwind built-in scale","components/detail/IncubationCalendar","apps/web/src/app/components/detail/IncubationCalendar.tsx","1053","22","direct"
"gap-1.5","Tailwind built-in scale","components/detail/IncubationCalendar","apps/web/src/app/components/detail/IncubationCalendar.tsx","1053","59","direct"
"h-1.5","Tailwind built-in scale","components/detail/IncubationCalendar","apps/web/src/app/components/detail/IncubationCalendar.tsx","1065","26","direct"
"rounded-full","Tailwind built-in scale","components/detail/IncubationCalendar","apps/web/src/app/components/detail/IncubationCalendar.tsx","1065","46","direct"
"gap-2","Tailwind built-in scale","components/detail/LiveMonitorTab","apps/web/src/app/components/detail/LiveMonitorTab.tsx","52","84","direct"
"px-2.5","Tailwind built-in scale","components/detail/LiveMonitorTab","apps/web/src/app/components/detail/LiveMonitorTab.tsx","52","122","direct"
"py-2","Tailwind built-in scale","components/detail/LiveMonitorTab","apps/web/src/app/components/detail/LiveMonitorTab.tsx","52","129","direct"
"md:min-h-16","Tailwind built-in scale","components/detail/LiveMonitorTab","apps/web/src/app/components/detail/LiveMonitorTab.tsx","52","134","direct"
"md:gap-3","Tailwind built-in scale","components/detail/LiveMonitorTab","apps/web/src/app/components/detail/LiveMonitorTab.tsx","52","146","direct"
"md:px-3.5","Tailwind built-in scale","components/detail/LiveMonitorTab","apps/web/src/app/components/detail/LiveMonitorTab.tsx","52","155","direct"
"md:py-3","Tailwind built-in scale","components/detail/LiveMonitorTab","apps/web/src/app/components/detail/LiveMonitorTab.tsx","52","165","direct"
"h-5","Tailwind built-in scale","components/detail/LiveMonitorTab","apps/web/src/app/components/detail/LiveMonitorTab.tsx","60","24","direct"
"w-5","Tailwind built-in scale","components/detail/LiveMonitorTab","apps/web/src/app/components/detail/LiveMonitorTab.tsx","60","28","direct"
"rounded-lg","Tailwind built-in scale","components/detail/LiveMonitorTab","apps/web/src/app/components/detail/LiveMonitorTab.tsx","60","69","direct"
"text-sm","Tailwind built-in scale","components/detail/LiveMonitorTab","apps/web/src/app/components/detail/LiveMonitorTab.tsx","60","80","direct"
"[&>svg]:size-3.5","Tailwind built-in scale","components/detail/LiveMonitorTab","apps/web/src/app/components/detail/LiveMonitorTab.tsx","60","88","direct"
"min-w-0","Tailwind built-in scale","components/detail/LiveMonitorTab","apps/web/src/app/components/detail/LiveMonitorTab.tsx","65","23","direct"
"px-3","Tailwind built-in scale","components/detail/LiveMonitorTab","apps/web/src/app/components/detail/LiveMonitorTab.tsx","126","49","direct"
"py-2","Tailwind built-in scale","components/detail/LiveMonitorTab","apps/web/src/app/components/detail/LiveMonitorTab.tsx","126","54","direct"
"md:px-3.5","Tailwind built-in scale","components/detail/LiveMonitorTab","apps/web/src/app/components/detail/LiveMonitorTab.tsx","126","59","direct"
"md:py-3","Tailwind built-in scale","components/detail/LiveMonitorTab","apps/web/src/app/components/detail/LiveMonitorTab.tsx","126","69","direct"
"gap-1.5","Tailwind built-in scale","components/detail/LiveMonitorTab","apps/web/src/app/components/detail/LiveMonitorTab.tsx","132","40","direct"
"md:gap-2","Tailwind built-in scale","components/detail/LiveMonitorTab","apps/web/src/app/components/detail/LiveMonitorTab.tsx","132","48","direct"
"min-w-0","Tailwind built-in scale","components/detail/LiveMonitorTab","apps/web/src/app/components/detail/LiveMonitorTab.tsx","141","22","direct"
"mt-1.5","Tailwind built-in scale","components/detail/LiveMonitorTab","apps/web/src/app/components/detail/LiveMonitorTab.tsx","156","20","direct"
"md:mt-2","Tailwind built-in scale","components/detail/LiveMonitorTab","apps/web/src/app/components/detail/LiveMonitorTab.tsx","156","71","direct"
"mt-1","Tailwind built-in scale","components/detail/LiveMonitorTab","apps/web/src/app/components/detail/LiveMonitorTab.tsx","179","20","direct"
"md:mt-1.5","Tailwind built-in scale","components/detail/LiveMonitorTab","apps/web/src/app/components/detail/LiveMonitorTab.tsx","179","36","direct"
"text-sm","Tailwind built-in scale","components/detail/LiveMonitorTab","apps/web/src/app/components/detail/LiveMonitorTab.tsx","225","39","direct"
"gap-3","Tailwind built-in scale","components/detail/LiveMonitorTab","apps/web/src/app/components/detail/LiveMonitorTab.tsx","229","67","direct"
"text-sm","Tailwind built-in scale","components/detail/LiveMonitorTab","apps/web/src/app/components/detail/LiveMonitorTab.tsx","230","27","direct"
"text-sm","Tailwind built-in scale","components/detail/LiveMonitorTab","apps/web/src/app/components/detail/LiveMonitorTab.tsx","238","39","direct"
"gap-1","Tailwind built-in scale","components/detail/LiveMonitorTab","apps/web/src/app/components/detail/LiveMonitorTab.tsx","310","94","direct"
"rounded-lg","Tailwind built-in scale","components/detail/LiveMonitorTab","apps/web/src/app/components/detail/LiveMonitorTab.tsx","310","100","direct"
"px-2.5","Tailwind built-in scale","components/detail/LiveMonitorTab","apps/web/src/app/components/detail/LiveMonitorTab.tsx","310","111","direct"
"md:min-h-9","Tailwind built-in scale","components/detail/LiveMonitorTab","apps/web/src/app/components/detail/LiveMonitorTab.tsx","310","244","direct"
"mx-4","Tailwind built-in scale","components/detail/LiveMonitorTab","apps/web/src/app/components/detail/LiveMonitorTab.tsx","325","22","direct"
"mt-4","Tailwind built-in scale","components/detail/LiveMonitorTab","apps/web/src/app/components/detail/LiveMonitorTab.tsx","325","26","direct"
"gap-3","Tailwind built-in scale","components/detail/LiveMonitorTab","apps/web/src/app/components/detail/LiveMonitorTab.tsx","325","59","direct"
"rounded-xl","Tailwind built-in scale","components/detail/LiveMonitorTab","apps/web/src/app/components/detail/LiveMonitorTab.tsx","325","65","direct"
"p-3","Tailwind built-in scale","components/detail/LiveMonitorTab","apps/web/src/app/components/detail/LiveMonitorTab.tsx","325","83","direct"
"text-sm","Tailwind built-in scale","components/detail/LiveMonitorTab","apps/web/src/app/components/detail/LiveMonitorTab.tsx","328","25","direct"
"px-4","Tailwind built-in scale","components/detail/LiveMonitorTab","apps/web/src/app/components/detail/LiveMonitorTab.tsx","360","84","direct"
"py-3","Tailwind built-in scale","components/detail/LiveMonitorTab","apps/web/src/app/components/detail/LiveMonitorTab.tsx","360","89","direct"
"gap-3","Tailwind built-in scale","components/detail/LiveMonitorTab","apps/web/src/app/components/detail/LiveMonitorTab.tsx","361","70","direct"
"gap-1.5","Tailwind built-in scale","components/detail/LiveMonitorTab","apps/web/src/app/components/detail/LiveMonitorTab.tsx","373","59","direct"
"mt-1","Tailwind built-in scale","components/detail/LiveMonitorTab","apps/web/src/app/components/detail/LiveMonitorTab.tsx","391","24","direct"
"gap-1","Tailwind built-in scale","components/detail/LiveMonitorTab","apps/web/src/app/components/detail/LiveMonitorTab.tsx","391","33","direct"
"gap-1","Tailwind built-in scale","components/detail/LiveMonitorTab","apps/web/src/app/components/detail/LiveMonitorTab.tsx","398","54","direct"
"gap-1","Tailwind built-in scale","components/detail/LiveMonitorTab","apps/web/src/app/components/detail/LiveMonitorTab.tsx","404","54","direct"
"p-4","Tailwind built-in scale","components/detail/LiveMonitorTab","apps/web/src/app/components/detail/LiveMonitorTab.tsx","414","30","direct"
"gap-2","Tailwind built-in scale","components/detail/LiveMonitorTab","apps/web/src/app/components/detail/LiveMonitorTab.tsx","417","43","direct"
"md:gap-2.5","Tailwind built-in scale","components/detail/LiveMonitorTab","apps/web/src/app/components/detail/LiveMonitorTab.tsx","417","49","direct"
"mt-4","Tailwind built-in scale","components/detail/LiveMonitorTab","apps/web/src/app/components/detail/LiveMonitorTab.tsx","449","24","direct"
"pt-3","Tailwind built-in scale","components/detail/LiveMonitorTab","apps/web/src/app/components/detail/LiveMonitorTab.tsx","449","37","direct"
"mt-1","Tailwind built-in scale","components/detail/LiveMonitorTab","apps/web/src/app/components/detail/LiveMonitorTab.tsx","463","26","direct"
"gap-2","Tailwind built-in scale","components/detail/LiveMonitorTab","apps/web/src/app/components/detail/LiveMonitorTab.tsx","471","75","direct"
"py-2","Tailwind built-in scale","components/detail/LiveMonitorTab","apps/web/src/app/components/detail/LiveMonitorTab.tsx","471","81","direct"
"md:py-2.5","Tailwind built-in scale","components/detail/LiveMonitorTab","apps/web/src/app/components/detail/LiveMonitorTab.tsx","471","86","direct"
"gap-3","Tailwind built-in scale","components/detail/LiveMonitorTab","apps/web/src/app/components/detail/LiveMonitorTab.tsx","487","51","direct"
"gap-1","Tailwind built-in scale","components/detail/LiveMonitorTab","apps/web/src/app/components/detail/LiveMonitorTab.tsx","495","64","direct"
"gap-1","Tailwind built-in scale","components/detail/LiveMonitorTab","apps/web/src/app/components/detail/LiveMonitorTab.tsx","503","64","direct"
"space-y-3","Tailwind built-in scale","components/detail/LiveMonitorTab","apps/web/src/app/components/detail/LiveMonitorTab.tsx","590","21","direct"
"md:space-y-5","Tailwind built-in scale","components/detail/LiveMonitorTab","apps/web/src/app/components/detail/LiveMonitorTab.tsx","590","30","direct"
"text-sm","Tailwind built-in scale","components/detail/LiveMonitorTab","apps/web/src/app/components/detail/LiveMonitorTab.tsx","592","23","direct"
"my-2.5","Tailwind built-in scale","components/detail/LiveMonitorTab","apps/web/src/app/components/detail/LiveMonitorTab.tsx","614","22","direct"
"md:my-4","Tailwind built-in scale","components/detail/LiveMonitorTab","apps/web/src/app/components/detail/LiveMonitorTab.tsx","614","28","direct"
"gap-2","Tailwind built-in scale","components/detail/LiveMonitorTab","apps/web/src/app/components/detail/LiveMonitorTab.tsx","617","53","direct"
"md:gap-6","Tailwind built-in scale","components/detail/LiveMonitorTab","apps/web/src/app/components/detail/LiveMonitorTab.tsx","617","59","direct"
"gap-2","Tailwind built-in scale","components/detail/LiveMonitorTab","apps/web/src/app/components/detail/LiveMonitorTab.tsx","647","41","direct"
"md:gap-3","Tailwind built-in scale","components/detail/LiveMonitorTab","apps/web/src/app/components/detail/LiveMonitorTab.tsx","647","47","direct"
"gap-0","Tailwind built-in scale","components/detail/PhotoLightbox","apps/web/src/app/components/detail/PhotoLightbox.tsx","32","33","component constant"
"rounded-2","Tailwind built-in scale","components/detail/PhotoLightbox","apps/web/src/app/components/detail/PhotoLightbox.tsx","32","39","component constant"
"rounded-3","Tailwind built-in scale","components/detail/PhotoLightbox","apps/web/src/app/components/detail/PhotoLightbox.tsx","33","38","component constant"
"w-full","Tailwind built-in scale","components/detail/PhotoLightbox","apps/web/src/app/components/detail/PhotoLightbox.tsx","38","10","component constant"
"p-4","Tailwind built-in scale","components/detail/PhotoLightbox","apps/web/src/app/components/detail/PhotoLightbox.tsx","38","67","component constant"
"sm:p-6","Tailwind built-in scale","components/detail/PhotoLightbox","apps/web/src/app/components/detail/PhotoLightbox.tsx","38","71","component constant"
"max-w-full","Tailwind built-in scale","components/detail/PhotoLightbox","apps/web/src/app/components/detail/PhotoLightbox.tsx","41","44","component constant"
"rounded-2","Tailwind built-in scale","components/detail/PhotoLightbox","apps/web/src/app/components/detail/PhotoLightbox.tsx","41","55","component constant"
"gap-2","Tailwind built-in scale","components/detail/PhotoLightbox","apps/web/src/app/components/detail/PhotoLightbox.tsx","284","68","direct"
"px-4","Tailwind built-in scale","components/detail/PhotoLightbox","apps/web/src/app/components/detail/PhotoLightbox.tsx","284","99","direct"
"py-3","Tailwind built-in scale","components/detail/PhotoLightbox","apps/web/src/app/components/detail/PhotoLightbox.tsx","284","104","direct"
"md:px-6","Tailwind built-in scale","components/detail/PhotoLightbox","apps/web/src/app/components/detail/PhotoLightbox.tsx","284","136","direct"
"md:py-4","Tailwind built-in scale","components/detail/PhotoLightbox","apps/web/src/app/components/detail/PhotoLightbox.tsx","284","144","direct"
"text-sm","Tailwind built-in scale","components/detail/PhotoLightbox","apps/web/src/app/components/detail/PhotoLightbox.tsx","285","36","direct"
"gap-1","Tailwind built-in scale","components/detail/PhotoLightbox","apps/web/src/app/components/detail/PhotoLightbox.tsx","288","83","direct"
"md:gap-2","Tailwind built-in scale","components/detail/PhotoLightbox","apps/web/src/app/components/detail/PhotoLightbox.tsx","288","89","direct"
"h-11","Tailwind built-in scale","components/detail/PhotoLightbox","apps/web/src/app/components/detail/PhotoLightbox.tsx","292","26","direct"
"w-11","Tailwind built-in scale","components/detail/PhotoLightbox","apps/web/src/app/components/detail/PhotoLightbox.tsx","292","30","direct"
"min-h-11","Tailwind built-in scale","components/detail/PhotoLightbox","apps/web/src/app/components/detail/PhotoLightbox.tsx","292","35","direct"
"min-w-11","Tailwind built-in scale","components/detail/PhotoLightbox","apps/web/src/app/components/detail/PhotoLightbox.tsx","292","44","direct"
"rounded-full","Tailwind built-in scale","components/detail/PhotoLightbox","apps/web/src/app/components/detail/PhotoLightbox.tsx","292","53","direct"
"p-0","Tailwind built-in scale","components/detail/PhotoLightbox","apps/web/src/app/components/detail/PhotoLightbox.tsx","292","66","direct"
"md:h-8","Tailwind built-in scale","components/detail/PhotoLightbox","apps/web/src/app/components/detail/PhotoLightbox.tsx","292","130","direct"
"md:min-h-0","Tailwind built-in scale","components/detail/PhotoLightbox","apps/web/src/app/components/detail/PhotoLightbox.tsx","292","147","direct"
"md:min-w-0","Tailwind built-in scale","components/detail/PhotoLightbox","apps/web/src/app/components/detail/PhotoLightbox.tsx","292","158","direct"
"md:px-3","Tailwind built-in scale","components/detail/PhotoLightbox","apps/web/src/app/components/detail/PhotoLightbox.tsx","292","169","direct"
"h-11","Tailwind built-in scale","components/detail/PhotoLightbox","apps/web/src/app/components/detail/PhotoLightbox.tsx","307","26","direct"
"w-11","Tailwind built-in scale","components/detail/PhotoLightbox","apps/web/src/app/components/detail/PhotoLightbox.tsx","307","30","direct"
"min-h-11","Tailwind built-in scale","components/detail/PhotoLightbox","apps/web/src/app/components/detail/PhotoLightbox.tsx","307","35","direct"
"min-w-11","Tailwind built-in scale","components/detail/PhotoLightbox","apps/web/src/app/components/detail/PhotoLightbox.tsx","307","44","direct"
"rounded-full","Tailwind built-in scale","components/detail/PhotoLightbox","apps/web/src/app/components/detail/PhotoLightbox.tsx","307","53","direct"
"p-0","Tailwind built-in scale","components/detail/PhotoLightbox","apps/web/src/app/components/detail/PhotoLightbox.tsx","307","66","direct"
"md:h-8","Tailwind built-in scale","components/detail/PhotoLightbox","apps/web/src/app/components/detail/PhotoLightbox.tsx","307","130","direct"
"md:min-h-0","Tailwind built-in scale","components/detail/PhotoLightbox","apps/web/src/app/components/detail/PhotoLightbox.tsx","307","147","direct"
"md:min-w-0","Tailwind built-in scale","components/detail/PhotoLightbox","apps/web/src/app/components/detail/PhotoLightbox.tsx","307","158","direct"
"md:px-3","Tailwind built-in scale","components/detail/PhotoLightbox","apps/web/src/app/components/detail/PhotoLightbox.tsx","307","169","direct"
"h-11","Tailwind built-in scale","components/detail/PhotoLightbox","apps/web/src/app/components/detail/PhotoLightbox.tsx","318","26","direct"
"w-11","Tailwind built-in scale","components/detail/PhotoLightbox","apps/web/src/app/components/detail/PhotoLightbox.tsx","318","30","direct"
"min-h-11","Tailwind built-in scale","components/detail/PhotoLightbox","apps/web/src/app/components/detail/PhotoLightbox.tsx","318","35","direct"
"min-w-11","Tailwind built-in scale","components/detail/PhotoLightbox","apps/web/src/app/components/detail/PhotoLightbox.tsx","318","44","direct"
"rounded-full","Tailwind built-in scale","components/detail/PhotoLightbox","apps/web/src/app/components/detail/PhotoLightbox.tsx","318","53","direct"
"p-0","Tailwind built-in scale","components/detail/PhotoLightbox","apps/web/src/app/components/detail/PhotoLightbox.tsx","318","66","direct"
"md:h-8","Tailwind built-in scale","components/detail/PhotoLightbox","apps/web/src/app/components/detail/PhotoLightbox.tsx","318","122","direct"
"md:min-h-0","Tailwind built-in scale","components/detail/PhotoLightbox","apps/web/src/app/components/detail/PhotoLightbox.tsx","318","139","direct"
"md:min-w-0","Tailwind built-in scale","components/detail/PhotoLightbox","apps/web/src/app/components/detail/PhotoLightbox.tsx","318","150","direct"
"md:px-3","Tailwind built-in scale","components/detail/PhotoLightbox","apps/web/src/app/components/detail/PhotoLightbox.tsx","318","161","direct"
"ml-0","Tailwind built-in scale","components/detail/PhotoLightbox","apps/web/src/app/components/detail/PhotoLightbox.tsx","329","26","direct"
"h-11","Tailwind built-in scale","components/detail/PhotoLightbox","apps/web/src/app/components/detail/PhotoLightbox.tsx","329","35","direct"
"w-11","Tailwind built-in scale","components/detail/PhotoLightbox","apps/web/src/app/components/detail/PhotoLightbox.tsx","329","40","direct"
"min-h-11","Tailwind built-in scale","components/detail/PhotoLightbox","apps/web/src/app/components/detail/PhotoLightbox.tsx","329","45","direct"
"min-w-11","Tailwind built-in scale","components/detail/PhotoLightbox","apps/web/src/app/components/detail/PhotoLightbox.tsx","329","54","direct"
"rounded-full","Tailwind built-in scale","components/detail/PhotoLightbox","apps/web/src/app/components/detail/PhotoLightbox.tsx","329","106","direct"
"p-0","Tailwind built-in scale","components/detail/PhotoLightbox","apps/web/src/app/components/detail/PhotoLightbox.tsx","329","119","direct"
"md:ml-2","Tailwind built-in scale","components/detail/PhotoLightbox","apps/web/src/app/components/detail/PhotoLightbox.tsx","329","300","direct"
"md:h-8","Tailwind built-in scale","components/detail/PhotoLightbox","apps/web/src/app/components/detail/PhotoLightbox.tsx","329","308","direct"
"md:w-8","Tailwind built-in scale","components/detail/PhotoLightbox","apps/web/src/app/components/detail/PhotoLightbox.tsx","329","315","direct"
"md:min-h-0","Tailwind built-in scale","components/detail/PhotoLightbox","apps/web/src/app/components/detail/PhotoLightbox.tsx","329","322","direct"
"md:min-w-0","Tailwind built-in scale","components/detail/PhotoLightbox","apps/web/src/app/components/detail/PhotoLightbox.tsx","329","333","direct"
"md:p-1.5","Tailwind built-in scale","components/detail/PhotoLightbox","apps/web/src/app/components/detail/PhotoLightbox.tsx","329","344","direct"
"left-4","Tailwind built-in scale","components/detail/PhotoLightbox","apps/web/src/app/components/detail/PhotoLightbox.tsx","354","34","direct"
"h-11","Tailwind built-in scale","components/detail/PhotoLightbox","apps/web/src/app/components/detail/PhotoLightbox.tsx","354","51","direct"
"w-11","Tailwind built-in scale","components/detail/PhotoLightbox","apps/web/src/app/components/detail/PhotoLightbox.tsx","354","56","direct"
"rounded-full","Tailwind built-in scale","components/detail/PhotoLightbox","apps/web/src/app/components/detail/PhotoLightbox.tsx","354","104","direct"
"md:left-6","Tailwind built-in scale","components/detail/PhotoLightbox","apps/web/src/app/components/detail/PhotoLightbox.tsx","354","318","direct"
"p-12","Tailwind built-in scale","components/detail/PhotoLightbox","apps/web/src/app/components/detail/PhotoLightbox.tsx","399","70","direct"
"rounded-2","Tailwind built-in scale","components/detail/PhotoLightbox","apps/web/src/app/components/detail/PhotoLightbox.tsx","399","87","direct"
"mb-3","Tailwind built-in scale","components/detail/PhotoLightbox","apps/web/src/app/components/detail/PhotoLightbox.tsx","402","28","direct"
"text-xs","Tailwind built-in scale","components/detail/PhotoLightbox","apps/web/src/app/components/detail/PhotoLightbox.tsx","407","29","direct"
"mt-1","Tailwind built-in scale","components/detail/PhotoLightbox","apps/web/src/app/components/detail/PhotoLightbox.tsx","407","64","direct"
"right-4","Tailwind built-in scale","components/detail/PhotoLightbox","apps/web/src/app/components/detail/PhotoLightbox.tsx","421","34","direct"
"h-11","Tailwind built-in scale","components/detail/PhotoLightbox","apps/web/src/app/components/detail/PhotoLightbox.tsx","421","52","direct"
"w-11","Tailwind built-in scale","components/detail/PhotoLightbox","apps/web/src/app/components/detail/PhotoLightbox.tsx","421","57","direct"
"rounded-full","Tailwind built-in scale","components/detail/PhotoLightbox","apps/web/src/app/components/detail/PhotoLightbox.tsx","421","105","direct"
"md:right-6","Tailwind built-in scale","components/detail/PhotoLightbox","apps/web/src/app/components/detail/PhotoLightbox.tsx","421","319","direct"
"bottom-4","Tailwind built-in scale","components/detail/PhotoLightbox","apps/web/src/app/components/detail/PhotoLightbox.tsx","431","37","direct"
"right-4","Tailwind built-in scale","components/detail/PhotoLightbox","apps/web/src/app/components/detail/PhotoLightbox.tsx","431","46","direct"
"gap-1","Tailwind built-in scale","components/detail/PhotoLightbox","apps/web/src/app/components/detail/PhotoLightbox.tsx","431","77","direct"
"rounded-full","Tailwind built-in scale","components/detail/PhotoLightbox","apps/web/src/app/components/detail/PhotoLightbox.tsx","431","83","direct"
"py-1.5","Tailwind built-in scale","components/detail/PhotoLightbox","apps/web/src/app/components/detail/PhotoLightbox.tsx","431","108","direct"
"pl-2","Tailwind built-in scale","components/detail/PhotoLightbox","apps/web/src/app/components/detail/PhotoLightbox.tsx","431","115","direct"
"pr-1.5","Tailwind built-in scale","components/detail/PhotoLightbox","apps/web/src/app/components/detail/PhotoLightbox.tsx","431","120","direct"
"h-11","Tailwind built-in scale","components/detail/PhotoLightbox","apps/web/src/app/components/detail/PhotoLightbox.tsx","435","32","direct"
"w-11","Tailwind built-in scale","components/detail/PhotoLightbox","apps/web/src/app/components/detail/PhotoLightbox.tsx","435","37","direct"
"rounded-full","Tailwind built-in scale","components/detail/PhotoLightbox","apps/web/src/app/components/detail/PhotoLightbox.tsx","435","85","direct"
"md:h-8","Tailwind built-in scale","components/detail/PhotoLightbox","apps/web/src/app/components/detail/PhotoLightbox.tsx","435","285","direct"
"md:w-8","Tailwind built-in scale","components/detail/PhotoLightbox","apps/web/src/app/components/detail/PhotoLightbox.tsx","435","292","direct"
"text-xs","Tailwind built-in scale","components/detail/PhotoLightbox","apps/web/src/app/components/detail/PhotoLightbox.tsx","441","56","direct"
"h-11","Tailwind built-in scale","components/detail/PhotoLightbox","apps/web/src/app/components/detail/PhotoLightbox.tsx","447","32","direct"
"w-11","Tailwind built-in scale","components/detail/PhotoLightbox","apps/web/src/app/components/detail/PhotoLightbox.tsx","447","37","direct"
"rounded-full","Tailwind built-in scale","components/detail/PhotoLightbox","apps/web/src/app/components/detail/PhotoLightbox.tsx","447","85","direct"
"md:h-8","Tailwind built-in scale","components/detail/PhotoLightbox","apps/web/src/app/components/detail/PhotoLightbox.tsx","447","285","direct"
"md:w-8","Tailwind built-in scale","components/detail/PhotoLightbox","apps/web/src/app/components/detail/PhotoLightbox.tsx","447","292","direct"
"mx-1","Tailwind built-in scale","components/detail/PhotoLightbox","apps/web/src/app/components/detail/PhotoLightbox.tsx","453","32","direct"
"h-4","Tailwind built-in scale","components/detail/PhotoLightbox","apps/web/src/app/components/detail/PhotoLightbox.tsx","453","36","direct"
"w-px","Tailwind built-in scale","components/detail/PhotoLightbox","apps/web/src/app/components/detail/PhotoLightbox.tsx","453","40","direct"
"h-11","Tailwind built-in scale","components/detail/PhotoLightbox","apps/web/src/app/components/detail/PhotoLightbox.tsx","457","32","direct"
"w-11","Tailwind built-in scale","components/detail/PhotoLightbox","apps/web/src/app/components/detail/PhotoLightbox.tsx","457","37","direct"
"rounded-full","Tailwind built-in scale","components/detail/PhotoLightbox","apps/web/src/app/components/detail/PhotoLightbox.tsx","457","85","direct"
"md:h-8","Tailwind built-in scale","components/detail/PhotoLightbox","apps/web/src/app/components/detail/PhotoLightbox.tsx","457","285","direct"
"md:w-8","Tailwind built-in scale","components/detail/PhotoLightbox","apps/web/src/app/components/detail/PhotoLightbox.tsx","457","292","direct"
"rounded-2","Tailwind built-in scale","components/detail/StopCycleModal","apps/web/src/app/components/detail/StopCycleModal.tsx","37","20","direct"
"mt-2","Tailwind built-in scale","components/detail/StopCycleModal","apps/web/src/app/components/detail/StopCycleModal.tsx","54","29","direct"
"rounded-full","Tailwind built-in scale","components/detail/StopCycleModal","apps/web/src/app/components/detail/StopCycleModal.tsx","66","24","direct"
"rounded-full","Tailwind built-in scale","components/detail/StopCycleModal","apps/web/src/app/components/detail/StopCycleModal.tsx","78","24","direct"
"w-full","Tailwind built-in scale","components/detail/Timeline","apps/web/src/app/components/detail/Timeline.tsx","112","21","direct"
"max-w-full","Tailwind built-in scale","components/detail/Timeline","apps/web/src/app/components/detail/Timeline.tsx","113","23","direct"
"px-5","Tailwind built-in scale","components/detail/Timeline","apps/web/src/app/components/detail/Timeline.tsx","114","58","direct"
"md:px-6","Tailwind built-in scale","components/detail/Timeline","apps/web/src/app/components/detail/Timeline.tsx","114","63","direct"
"pt-16","Tailwind built-in scale","components/detail/Timeline","apps/web/src/app/components/detail/Timeline.tsx","115","52","direct"
"pb-9","Tailwind built-in scale","components/detail/Timeline","apps/web/src/app/components/detail/Timeline.tsx","115","58","direct"
"md:pt-18","Tailwind built-in scale","components/detail/Timeline","apps/web/src/app/components/detail/Timeline.tsx","115","63","direct"
"md:pb-10","Tailwind built-in scale","components/detail/Timeline","apps/web/src/app/components/detail/Timeline.tsx","115","72","direct"
"left-0","Tailwind built-in scale","components/detail/Timeline","apps/web/src/app/components/detail/Timeline.tsx","118","34","direct"
"right-0","Tailwind built-in scale","components/detail/Timeline","apps/web/src/app/components/detail/Timeline.tsx","118","41","direct"
"inset-0","Tailwind built-in scale","components/detail/Timeline","apps/web/src/app/components/detail/Timeline.tsx","126","36","direct"
"rounded-full","Tailwind built-in scale","components/detail/Timeline","apps/web/src/app/components/detail/Timeline.tsx","126","44","direct"
"inset-y-0","Tailwind built-in scale","components/detail/Timeline","apps/web/src/app/components/detail/Timeline.tsx","132","36","direct"
"right-0","Tailwind built-in scale","components/detail/Timeline","apps/web/src/app/components/detail/Timeline.tsx","132","46","direct"
"rounded-r-full","Tailwind built-in scale","components/detail/Timeline","apps/web/src/app/components/detail/Timeline.tsx","132","54","direct"
"inset-y-0","Tailwind built-in scale","components/detail/Timeline","apps/web/src/app/components/detail/Timeline.tsx","143","36","direct"
"left-0","Tailwind built-in scale","components/detail/Timeline","apps/web/src/app/components/detail/Timeline.tsx","143","46","direct"
"rounded-full","Tailwind built-in scale","components/detail/Timeline","apps/web/src/app/components/detail/Timeline.tsx","143","53","direct"
"rounded-xl","Tailwind built-in scale","components/detail/Timeline","apps/web/src/app/components/detail/Timeline.tsx","167","111","direct"
"px-3.5","Tailwind built-in scale","components/detail/Timeline","apps/web/src/app/components/detail/Timeline.tsx","167","122","direct"
"py-1","Tailwind built-in scale","components/detail/Timeline","apps/web/src/app/components/detail/Timeline.tsx","167","129","direct"
"w-full","Tailwind built-in scale","components/detail/Timeline","apps/web/src/app/components/detail/Timeline.tsx","199","41","direct"
"top-0","Tailwind built-in scale","components/detail/Timeline","apps/web/src/app/components/detail/Timeline.tsx","204","40","direct"
"left-1","Tailwind built-in scale","components/detail/Timeline","apps/web/src/app/components/detail/Timeline.tsx","204","46","direct"
"-translate-x-1","Tailwind built-in scale","components/detail/Timeline","apps/web/src/app/components/detail/Timeline.tsx","204","55","direct"
"h-3","Tailwind built-in scale","components/detail/Timeline","apps/web/src/app/components/detail/Timeline.tsx","423","28","direct"
"w-3","Tailwind built-in scale","components/detail/Timeline","apps/web/src/app/components/detail/Timeline.tsx","423","31","direct"
"rounded-full","Tailwind built-in scale","components/detail/Timeline","apps/web/src/app/components/detail/Timeline.tsx","423","35","direct"
"h-5","Tailwind built-in scale","components/detail/Timeline","apps/web/src/app/components/detail/Timeline.tsx","455","36","direct"
"w-5","Tailwind built-in scale","components/detail/Timeline","apps/web/src/app/components/detail/Timeline.tsx","455","40","direct"
"rounded-full","Tailwind built-in scale","components/detail/Timeline","apps/web/src/app/components/detail/Timeline.tsx","455","72","direct"
"h-5","Tailwind built-in scale","components/detail/Timeline","apps/web/src/app/components/detail/Timeline.tsx","501","32","direct"
"w-5","Tailwind built-in scale","components/detail/Timeline","apps/web/src/app/components/detail/Timeline.tsx","501","36","direct"
"rounded-full","Tailwind built-in scale","components/detail/Timeline","apps/web/src/app/components/detail/Timeline.tsx","501","68","direct"
"gap-1.5","Tailwind built-in scale","components/detail/primitives","apps/web/src/app/components/detail/primitives.tsx","21","51","direct"
"rounded-full","Tailwind built-in scale","components/detail/primitives","apps/web/src/app/components/detail/primitives.tsx","21","59","direct"
"px-2.5","Tailwind built-in scale","components/detail/primitives","apps/web/src/app/components/detail/primitives.tsx","21","72","direct"
"py-1","Tailwind built-in scale","components/detail/primitives","apps/web/src/app/components/detail/primitives.tsx","21","79","direct"
"h-1.5","Tailwind built-in scale","components/detail/primitives","apps/web/src/app/components/detail/primitives.tsx","31","23","direct"
"w-1.5","Tailwind built-in scale","components/detail/primitives","apps/web/src/app/components/detail/primitives.tsx","31","28","direct"
"rounded-full","Tailwind built-in scale","components/detail/primitives","apps/web/src/app/components/detail/primitives.tsx","31","34","direct"
"p-4","Tailwind built-in scale","components/detail/primitives","apps/web/src/app/components/detail/primitives.tsx","81","56","direct"
"p-4","Tailwind built-in scale","components/detail/primitives","apps/web/src/app/components/detail/primitives.tsx","81","64","direct"
"sm:p-5","Tailwind built-in scale","components/detail/primitives","apps/web/src/app/components/detail/primitives.tsx","81","67","direct"
"gap-3","Tailwind built-in scale","components/detail/primitives","apps/web/src/app/components/detail/primitives.tsx","83","65","direct"
"mb-3","Tailwind built-in scale","components/detail/primitives","apps/web/src/app/components/detail/primitives.tsx","83","85","direct"
"pb-2","Tailwind built-in scale","components/detail/primitives","apps/web/src/app/components/detail/primitives.tsx","83","98","direct"
"mb-4","Tailwind built-in scale","components/detail/primitives","apps/web/src/app/components/detail/primitives.tsx","83","145","direct"
"min-w-0","Tailwind built-in scale","components/detail/primitives","apps/web/src/app/components/detail/primitives.tsx","91","27","direct"
"pt-0.5","Tailwind built-in scale","components/detail/primitives","apps/web/src/app/components/detail/primitives.tsx","109","46","direct"
"rounded-2","Tailwind built-in scale","components/detail/primitives","apps/web/src/app/components/detail/primitives.tsx","131","18","direct"
"p-4","Tailwind built-in scale","components/detail/primitives","apps/web/src/app/components/detail/primitives.tsx","131","29","direct"
"rounded-xl","Tailwind built-in scale","components/detail/primitives","apps/web/src/app/components/detail/primitives.tsx","153","18","direct"
"p-3.5","Tailwind built-in scale","components/detail/primitives","apps/web/src/app/components/detail/primitives.tsx","153","28","direct"
"gap-4","Tailwind built-in scale","components/detail/primitives","apps/web/src/app/components/detail/primitives.tsx","248","14","direct"
"rounded-2","Tailwind built-in scale","components/detail/primitives","apps/web/src/app/components/detail/primitives.tsx","248","19","direct"
"p-5","Tailwind built-in scale","components/detail/primitives","apps/web/src/app/components/detail/primitives.tsx","248","31","direct"
"gap-2.5","Tailwind built-in scale","components/detail/primitives","apps/web/src/app/components/detail/primitives.tsx","250","16","direct"
"rounded-xl","Tailwind built-in scale","components/detail/primitives","apps/web/src/app/components/detail/primitives.tsx","250","23","direct"
"px-3.5","Tailwind built-in scale","components/detail/primitives","apps/web/src/app/components/detail/primitives.tsx","250","34","direct"
"py-2.5","Tailwind built-in scale","components/detail/primitives","apps/web/src/app/components/detail/primitives.tsx","250","41","direct"
"gap-3","Tailwind built-in scale","components/detail/primitives","apps/web/src/app/components/detail/primitives.tsx","251","16","direct"
"rounded-xl","Tailwind built-in scale","components/detail/primitives","apps/web/src/app/components/detail/primitives.tsx","251","21","direct"
"px-4","Tailwind built-in scale","components/detail/primitives","apps/web/src/app/components/detail/primitives.tsx","251","32","direct"
"py-3","Tailwind built-in scale","components/detail/primitives","apps/web/src/app/components/detail/primitives.tsx","251","37","direct"
"mt-0.5","Tailwind built-in scale","components/detail/primitives","apps/web/src/app/components/detail/primitives.tsx","262","32","direct"
"min-w-0","Tailwind built-in scale","components/detail/primitives","apps/web/src/app/components/detail/primitives.tsx","266","23","direct"
"mt-0.5","Tailwind built-in scale","components/detail/primitives","apps/web/src/app/components/detail/primitives.tsx","288","41","direct"
"mt-1","Tailwind built-in scale","components/detail/primitives","apps/web/src/app/components/detail/primitives.tsx","288","52","direct"
"mt-2","Tailwind built-in scale","components/detail/primitives","apps/web/src/app/components/detail/primitives.tsx","306","44","direct"
"mt-3","Tailwind built-in scale","components/detail/primitives","apps/web/src/app/components/detail/primitives.tsx","306","53","direct"
"w-full","Tailwind built-in scale","components/figma/ImageWithFallback","apps/web/src/app/components/figma/ImageWithFallback.tsx","23","55","direct"
"h-full","Tailwind built-in scale","components/figma/ImageWithFallback","apps/web/src/app/components/figma/ImageWithFallback.tsx","23","62","direct"
"space-y-0","Tailwind built-in scale","components/screens/AlertsScreen","apps/web/src/app/components/screens/AlertsScreen.tsx","153","21","direct"
"top-0","Tailwind built-in scale","components/screens/AlertsScreen","apps/web/src/app/components/screens/AlertsScreen.tsx","156","26","direct"
"gap-2","Tailwind built-in scale","components/screens/AlertsScreen","apps/web/src/app/components/screens/AlertsScreen.tsx","156","51","direct"
"md:gap-3","Tailwind built-in scale","components/screens/AlertsScreen","apps/web/src/app/components/screens/AlertsScreen.tsx","156","57","direct"
"gap-2","Tailwind built-in scale","components/screens/AlertsScreen","apps/web/src/app/components/screens/AlertsScreen.tsx","165","38","direct"
"md:gap-3","Tailwind built-in scale","components/screens/AlertsScreen","apps/web/src/app/components/screens/AlertsScreen.tsx","165","44","direct"
"w-full","Tailwind built-in scale","components/screens/AlertsScreen","apps/web/src/app/components/screens/AlertsScreen.tsx","190","31","direct"
"gap-2","Tailwind built-in scale","components/screens/AlertsScreen","apps/web/src/app/components/screens/AlertsScreen.tsx","190","73","direct"
"min-w-0","Tailwind built-in scale","components/screens/AlertsScreen","apps/web/src/app/components/screens/AlertsScreen.tsx","198","60","direct"
"rounded-full","Tailwind built-in scale","components/screens/AlertsScreen","apps/web/src/app/components/screens/AlertsScreen.tsx","198","84","direct"
"px-3.5","Tailwind built-in scale","components/screens/AlertsScreen","apps/web/src/app/components/screens/AlertsScreen.tsx","198","97","direct"
"md:rounded-xl","Tailwind built-in scale","components/screens/AlertsScreen","apps/web/src/app/components/screens/AlertsScreen.tsx","198","186","direct"
"md:px-3","Tailwind built-in scale","components/screens/AlertsScreen","apps/web/src/app/components/screens/AlertsScreen.tsx","198","200","direct"
"min-w-0","Tailwind built-in scale","components/screens/AlertsScreen","apps/web/src/app/components/screens/AlertsScreen.tsx","217","58","direct"
"rounded-xl","Tailwind built-in scale","components/screens/AlertsScreen","apps/web/src/app/components/screens/AlertsScreen.tsx","217","73","direct"
"md:rounded-xl","Tailwind built-in scale","components/screens/AlertsScreen","apps/web/src/app/components/screens/AlertsScreen.tsx","217","134","direct"
"md:px-4","Tailwind built-in scale","components/screens/AlertsScreen","apps/web/src/app/components/screens/AlertsScreen.tsx","217","148","direct"
"min-w-0","Tailwind built-in scale","components/screens/AlertsScreen","apps/web/src/app/components/screens/AlertsScreen.tsx","241","58","direct"
"rounded-xl","Tailwind built-in scale","components/screens/AlertsScreen","apps/web/src/app/components/screens/AlertsScreen.tsx","241","73","direct"
"md:rounded-xl","Tailwind built-in scale","components/screens/AlertsScreen","apps/web/src/app/components/screens/AlertsScreen.tsx","241","134","direct"
"md:px-4","Tailwind built-in scale","components/screens/AlertsScreen","apps/web/src/app/components/screens/AlertsScreen.tsx","241","148","direct"
"rounded-2","Tailwind built-in scale","components/screens/AlertsScreen","apps/web/src/app/components/screens/AlertsScreen.tsx","265","33","direct"
"gap-3","Tailwind built-in scale","components/screens/AlertsScreen","apps/web/src/app/components/screens/AlertsScreen.tsx","270","53","direct"
"px-5","Tailwind built-in scale","components/screens/AlertsScreen","apps/web/src/app/components/screens/AlertsScreen.tsx","270","59","direct"
"py-14","Tailwind built-in scale","components/screens/AlertsScreen","apps/web/src/app/components/screens/AlertsScreen.tsx","270","64","direct"
"h-24","Tailwind built-in scale","components/screens/AlertsScreen","apps/web/src/app/components/screens/AlertsScreen.tsx","274","26","direct"
"w-24","Tailwind built-in scale","components/screens/AlertsScreen","apps/web/src/app/components/screens/AlertsScreen.tsx","274","30","direct"
"rounded-3","Tailwind built-in scale","components/screens/AlertsScreen","apps/web/src/app/components/screens/AlertsScreen.tsx","274","35","direct"
"gap-x-3","Tailwind built-in scale","components/screens/AlertsScreen","apps/web/src/app/components/screens/AlertsScreen.tsx","333","89","direct"
"gap-y-1.5","Tailwind built-in scale","components/screens/AlertsScreen","apps/web/src/app/components/screens/AlertsScreen.tsx","333","97","direct"
"last:border-b-0","Tailwind built-in scale","components/screens/AlertsScreen","apps/web/src/app/components/screens/AlertsScreen.tsx","333","190","direct"
"md:gap-x-3.5","Tailwind built-in scale","components/screens/AlertsScreen","apps/web/src/app/components/screens/AlertsScreen.tsx","333","246","direct"
"md:gap-y-2","Tailwind built-in scale","components/screens/AlertsScreen","apps/web/src/app/components/screens/AlertsScreen.tsx","333","259","direct"
"rounded-lg","Tailwind built-in scale","components/screens/AlertsScreen","apps/web/src/app/components/screens/AlertsScreen.tsx","351","72","direct"
"min-w-0","Tailwind built-in scale","components/screens/AlertsScreen","apps/web/src/app/components/screens/AlertsScreen.tsx","373","41","direct"
"min-w-0","Tailwind built-in scale","components/screens/AlertsScreen","apps/web/src/app/components/screens/AlertsScreen.tsx","374","47","direct"
"gap-x-2","Tailwind built-in scale","components/screens/AlertsScreen","apps/web/src/app/components/screens/AlertsScreen.tsx","374","89","direct"
"gap-y-0.5","Tailwind built-in scale","components/screens/AlertsScreen","apps/web/src/app/components/screens/AlertsScreen.tsx","374","97","direct"
"min-w-0","Tailwind built-in scale","components/screens/AlertsScreen","apps/web/src/app/components/screens/AlertsScreen.tsx","376","42","direct"
"max-w-full","Tailwind built-in scale","components/screens/AlertsScreen","apps/web/src/app/components/screens/AlertsScreen.tsx","376","49","direct"
"min-h-0","Tailwind built-in scale","components/screens/AlertsScreen","apps/web/src/app/components/screens/AlertsScreen.tsx","404","55","direct"
"min-w-0","Tailwind built-in scale","components/screens/AlertsScreen","apps/web/src/app/components/screens/AlertsScreen.tsx","404","63","direct"
"max-w-full","Tailwind built-in scale","components/screens/AlertsScreen","apps/web/src/app/components/screens/AlertsScreen.tsx","404","71","direct"
"min-w-0","Tailwind built-in scale","components/screens/AlertsScreen","apps/web/src/app/components/screens/AlertsScreen.tsx","420","44","direct"
"max-w-full","Tailwind built-in scale","components/screens/AlertsScreen","apps/web/src/app/components/screens/AlertsScreen.tsx","420","51","direct"
"mt-0.5","Tailwind built-in scale","components/screens/AlertsScreen","apps/web/src/app/components/screens/AlertsScreen.tsx","435","40","direct"
"w-full","Tailwind built-in scale","components/screens/AlertsScreen","apps/web/src/app/components/screens/AlertsScreen.tsx","452","66","direct"
"gap-2","Tailwind built-in scale","components/screens/AlertsScreen","apps/web/src/app/components/screens/AlertsScreen.tsx","452","111","direct"
"md:gap-1.5","Tailwind built-in scale","components/screens/AlertsScreen","apps/web/src/app/components/screens/AlertsScreen.tsx","452","221","direct"
"rounded-full","Tailwind built-in scale","components/screens/AlertsScreen","apps/web/src/app/components/screens/AlertsScreen.tsx","456","57","direct"
"px-2.5","Tailwind built-in scale","components/screens/AlertsScreen","apps/web/src/app/components/screens/AlertsScreen.tsx","456","70","direct"
"py-0.5","Tailwind built-in scale","components/screens/AlertsScreen","apps/web/src/app/components/screens/AlertsScreen.tsx","456","77","direct"
"w-full","Tailwind built-in scale","components/screens/AlertsScreen","apps/web/src/app/components/screens/AlertsScreen.tsx","471","47","direct"
"gap-1","Tailwind built-in scale","components/screens/AlertsScreen","apps/web/src/app/components/screens/AlertsScreen.tsx","471","73","direct"
"md:h-8","Tailwind built-in scale","components/screens/AlertsScreen","apps/web/src/app/components/screens/AlertsScreen.tsx","471","113","direct"
"md:w-full","Tailwind built-in scale","components/screens/AlertsScreen","apps/web/src/app/components/screens/AlertsScreen.tsx","471","120","direct"
"md:inset-0","Tailwind built-in scale","components/screens/AlertsScreen","apps/web/src/app/components/screens/AlertsScreen.tsx","473","90","direct"
"gap-1","Tailwind built-in scale","components/screens/AlertsScreen","apps/web/src/app/components/screens/AlertsScreen.tsx","484","74","direct"
"md:inset-0","Tailwind built-in scale","components/screens/AlertsScreen","apps/web/src/app/components/screens/AlertsScreen.tsx","484","111","direct"
"h-11","Tailwind built-in scale","components/screens/AlertsScreen","apps/web/src/app/components/screens/AlertsScreen.tsx","491","50","direct"
"w-11","Tailwind built-in scale","components/screens/AlertsScreen","apps/web/src/app/components/screens/AlertsScreen.tsx","491","55","direct"
"rounded-lg","Tailwind built-in scale","components/screens/AlertsScreen","apps/web/src/app/components/screens/AlertsScreen.tsx","491","103","direct"
"md:h-8","Tailwind built-in scale","components/screens/AlertsScreen","apps/web/src/app/components/screens/AlertsScreen.tsx","491","280","direct"
"md:w-8","Tailwind built-in scale","components/screens/AlertsScreen","apps/web/src/app/components/screens/AlertsScreen.tsx","491","287","direct"
"h-11","Tailwind built-in scale","components/screens/AlertsScreen","apps/web/src/app/components/screens/AlertsScreen.tsx","507","48","direct"
"w-11","Tailwind built-in scale","components/screens/AlertsScreen","apps/web/src/app/components/screens/AlertsScreen.tsx","507","53","direct"
"rounded-lg","Tailwind built-in scale","components/screens/AlertsScreen","apps/web/src/app/components/screens/AlertsScreen.tsx","507","101","direct"
"md:h-8","Tailwind built-in scale","components/screens/AlertsScreen","apps/web/src/app/components/screens/AlertsScreen.tsx","507","281","direct"
"md:w-8","Tailwind built-in scale","components/screens/AlertsScreen","apps/web/src/app/components/screens/AlertsScreen.tsx","507","288","direct"
"gap-1.5","Tailwind built-in scale","components/screens/CandlingLogsScreen","apps/web/src/app/components/screens/CandlingLogsScreen.tsx","214","51","direct"
"rounded-full","Tailwind built-in scale","components/screens/CandlingLogsScreen","apps/web/src/app/components/screens/CandlingLogsScreen.tsx","214","59","direct"
"px-2.5","Tailwind built-in scale","components/screens/CandlingLogsScreen","apps/web/src/app/components/screens/CandlingLogsScreen.tsx","214","72","direct"
"py-1","Tailwind built-in scale","components/screens/CandlingLogsScreen","apps/web/src/app/components/screens/CandlingLogsScreen.tsx","214","79","direct"
"p-3.5","Tailwind built-in scale","components/screens/CandlingLogsScreen","apps/web/src/app/components/screens/CandlingLogsScreen.tsx","253","103","direct"
"mt-1","Tailwind built-in scale","components/screens/CandlingLogsScreen","apps/web/src/app/components/screens/CandlingLogsScreen.tsx","275","26","direct"
"mt-2","Tailwind built-in scale","components/screens/CandlingLogsScreen","apps/web/src/app/components/screens/CandlingLogsScreen.tsx","289","24","direct"
"min-w-0","Tailwind built-in scale","components/screens/CandlingLogsScreen","apps/web/src/app/components/screens/CandlingLogsScreen.tsx","302","29","direct"
"gap-2","Tailwind built-in scale","components/screens/CandlingLogsScreen","apps/web/src/app/components/screens/CandlingLogsScreen.tsx","302","50","direct"
"pl-1.5","Tailwind built-in scale","components/screens/CandlingLogsScreen","apps/web/src/app/components/screens/CandlingLogsScreen.tsx","302","56","direct"
"rounded-full","Tailwind built-in scale","components/screens/CandlingLogsScreen","apps/web/src/app/components/screens/CandlingLogsScreen.tsx","343","36","direct"
"space-y-2","Tailwind built-in scale","components/screens/CandlingLogsScreen","apps/web/src/app/components/screens/CandlingLogsScreen.tsx","510","21","direct"
"md:space-y-6","Tailwind built-in scale","components/screens/CandlingLogsScreen","apps/web/src/app/components/screens/CandlingLogsScreen.tsx","510","30","direct"
"top-0","Tailwind built-in scale","components/screens/CandlingLogsScreen","apps/web/src/app/components/screens/CandlingLogsScreen.tsx","513","26","direct"
"gap-2","Tailwind built-in scale","components/screens/CandlingLogsScreen","apps/web/src/app/components/screens/CandlingLogsScreen.tsx","513","51","direct"
"md:gap-3","Tailwind built-in scale","components/screens/CandlingLogsScreen","apps/web/src/app/components/screens/CandlingLogsScreen.tsx","513","57","direct"
"gap-2","Tailwind built-in scale","components/screens/CandlingLogsScreen","apps/web/src/app/components/screens/CandlingLogsScreen.tsx","521","42","direct"
"md:gap-3","Tailwind built-in scale","components/screens/CandlingLogsScreen","apps/web/src/app/components/screens/CandlingLogsScreen.tsx","521","48","direct"
"min-w-0","Tailwind built-in scale","components/screens/CandlingLogsScreen","apps/web/src/app/components/screens/CandlingLogsScreen.tsx","522","35","direct"
"left-3","Tailwind built-in scale","components/screens/CandlingLogsScreen","apps/web/src/app/components/screens/CandlingLogsScreen.tsx","525","34","direct"
"top-1","Tailwind built-in scale","components/screens/CandlingLogsScreen","apps/web/src/app/components/screens/CandlingLogsScreen.tsx","525","41","direct"
"-translate-y-1","Tailwind built-in scale","components/screens/CandlingLogsScreen","apps/web/src/app/components/screens/CandlingLogsScreen.tsx","525","49","direct"
"rounded-xl","Tailwind built-in scale","components/screens/CandlingLogsScreen","apps/web/src/app/components/screens/CandlingLogsScreen.tsx","538","58","direct"
"pl-9","Tailwind built-in scale","components/screens/CandlingLogsScreen","apps/web/src/app/components/screens/CandlingLogsScreen.tsx","538","69","direct"
"gap-2","Tailwind built-in scale","components/screens/CandlingLogsScreen","apps/web/src/app/components/screens/CandlingLogsScreen.tsx","548","38","direct"
"md:gap-3","Tailwind built-in scale","components/screens/CandlingLogsScreen","apps/web/src/app/components/screens/CandlingLogsScreen.tsx","548","44","direct"
"min-w-0","Tailwind built-in scale","components/screens/CandlingLogsScreen","apps/web/src/app/components/screens/CandlingLogsScreen.tsx","549","27","direct"
"w-full","Tailwind built-in scale","components/screens/CandlingLogsScreen","apps/web/src/app/components/screens/CandlingLogsScreen.tsx","565","31","direct"
"gap-2","Tailwind built-in scale","components/screens/CandlingLogsScreen","apps/web/src/app/components/screens/CandlingLogsScreen.tsx","565","63","direct"
"min-w-0","Tailwind built-in scale","components/screens/CandlingLogsScreen","apps/web/src/app/components/screens/CandlingLogsScreen.tsx","573","60","direct"
"rounded-full","Tailwind built-in scale","components/screens/CandlingLogsScreen","apps/web/src/app/components/screens/CandlingLogsScreen.tsx","573","75","direct"
"px-3.5","Tailwind built-in scale","components/screens/CandlingLogsScreen","apps/web/src/app/components/screens/CandlingLogsScreen.tsx","573","88","direct"
"md:rounded-xl","Tailwind built-in scale","components/screens/CandlingLogsScreen","apps/web/src/app/components/screens/CandlingLogsScreen.tsx","573","206","direct"
"md:px-3.5","Tailwind built-in scale","components/screens/CandlingLogsScreen","apps/web/src/app/components/screens/CandlingLogsScreen.tsx","573","220","direct"
"min-w-0","Tailwind built-in scale","components/screens/CandlingLogsScreen","apps/web/src/app/components/screens/CandlingLogsScreen.tsx","601","60","direct"
"rounded-full","Tailwind built-in scale","components/screens/CandlingLogsScreen","apps/web/src/app/components/screens/CandlingLogsScreen.tsx","601","75","direct"
"px-3.5","Tailwind built-in scale","components/screens/CandlingLogsScreen","apps/web/src/app/components/screens/CandlingLogsScreen.tsx","601","88","direct"
"md:rounded-xl","Tailwind built-in scale","components/screens/CandlingLogsScreen","apps/web/src/app/components/screens/CandlingLogsScreen.tsx","601","206","direct"
"md:px-3.5","Tailwind built-in scale","components/screens/CandlingLogsScreen","apps/web/src/app/components/screens/CandlingLogsScreen.tsx","601","220","direct"
"rounded-full","Tailwind built-in scale","components/screens/CandlingLogsScreen","apps/web/src/app/components/screens/CandlingLogsScreen.tsx","622","148","direct"
"md:rounded-xl","Tailwind built-in scale","components/screens/CandlingLogsScreen","apps/web/src/app/components/screens/CandlingLogsScreen.tsx","622","339","direct"
"rounded-2","Tailwind built-in scale","components/screens/CandlingLogsScreen","apps/web/src/app/components/screens/CandlingLogsScreen.tsx","643","24","direct"
"px-5","Tailwind built-in scale","components/screens/CandlingLogsScreen","apps/web/src/app/components/screens/CandlingLogsScreen.tsx","643","56","direct"
"py-12","Tailwind built-in scale","components/screens/CandlingLogsScreen","apps/web/src/app/components/screens/CandlingLogsScreen.tsx","643","61","direct"
"mt-1","Tailwind built-in scale","components/screens/CandlingLogsScreen","apps/web/src/app/components/screens/CandlingLogsScreen.tsx","658","26","direct"
"mt-4","Tailwind built-in scale","components/screens/CandlingLogsScreen","apps/web/src/app/components/screens/CandlingLogsScreen.tsx","667","28","direct"
"rounded-xl","Tailwind built-in scale","components/screens/CandlingLogsScreen","apps/web/src/app/components/screens/CandlingLogsScreen.tsx","667","32","direct"
"gap-2","Tailwind built-in scale","components/screens/CandlingLogsScreen","apps/web/src/app/components/screens/CandlingLogsScreen.tsx","687","45","direct"
"md:gap-5","Tailwind built-in scale","components/screens/CandlingLogsScreen","apps/web/src/app/components/screens/CandlingLogsScreen.tsx","687","51","direct"
"pr-4","Tailwind built-in scale","components/screens/CandlingLogsScreen","apps/web/src/app/components/screens/CandlingLogsScreen.tsx","687","90","direct"
"md:pr-0","Tailwind built-in scale","components/screens/CandlingLogsScreen","apps/web/src/app/components/screens/CandlingLogsScreen.tsx","687","95","direct"
"rounded-2","Tailwind built-in scale","components/screens/CandlingLogsScreen","apps/web/src/app/components/screens/CandlingLogsScreen.tsx","695","89","direct"
"h-16","Tailwind built-in scale","components/screens/CandlingLogsScreen","apps/web/src/app/components/screens/CandlingLogsScreen.tsx","707","29","direct"
"right-1.5","Tailwind built-in scale","components/screens/CandlingLogsScreen","apps/web/src/app/components/screens/CandlingLogsScreen.tsx","713","68","direct"
"top-1","Tailwind built-in scale","components/screens/CandlingLogsScreen","apps/web/src/app/components/screens/CandlingLogsScreen.tsx","713","78","direct"
"m-0","Tailwind built-in scale","components/screens/CandlingLogsScreen","apps/web/src/app/components/screens/CandlingLogsScreen.tsx","713","91","direct"
"w-3","Tailwind built-in scale","components/screens/CandlingLogsScreen","apps/web/src/app/components/screens/CandlingLogsScreen.tsx","713","167","direct"
"min-w-0","Tailwind built-in scale","components/screens/CandlingLogsScreen","apps/web/src/app/components/screens/CandlingLogsScreen.tsx","713","171","direct"
"-translate-y-1","Tailwind built-in scale","components/screens/CandlingLogsScreen","apps/web/src/app/components/screens/CandlingLogsScreen.tsx","713","179","direct"
"gap-1","Tailwind built-in scale","components/screens/CandlingLogsScreen","apps/web/src/app/components/screens/CandlingLogsScreen.tsx","713","218","direct"
"h-3","Tailwind built-in scale","components/screens/CandlingLogsScreen","apps/web/src/app/components/screens/CandlingLogsScreen.tsx","724","38","direct"
"w-2","Tailwind built-in scale","components/screens/CandlingLogsScreen","apps/web/src/app/components/screens/CandlingLogsScreen.tsx","724","42","direct"
"border-0","Tailwind built-in scale","components/screens/CandlingLogsScreen","apps/web/src/app/components/screens/CandlingLogsScreen.tsx","724","89","direct"
"p-0","Tailwind built-in scale","components/screens/CandlingLogsScreen","apps/web/src/app/components/screens/CandlingLogsScreen.tsx","724","113","direct"
"rounded-full","Tailwind built-in scale","components/screens/CandlingLogsScreen","apps/web/src/app/components/screens/CandlingLogsScreen.tsx","730","36","direct"
"rounded-2","Tailwind built-in scale","components/screens/CandlingLogsScreen","apps/web/src/app/components/screens/CandlingLogsScreen.tsx","747","39","direct"
"border-t-0","Tailwind built-in scale","components/screens/CandlingLogsScreen","apps/web/src/app/components/screens/CandlingLogsScreen.tsx","755","34","direct"
"top-0","Tailwind built-in scale","components/screens/CandlingLogsScreen","apps/web/src/app/components/screens/CandlingLogsScreen.tsx","776","40","direct"
"top-0","Tailwind built-in scale","components/screens/CandlingLogsScreen","apps/web/src/app/components/screens/CandlingLogsScreen.tsx","786","40","direct"
"top-0","Tailwind built-in scale","components/screens/CandlingLogsScreen","apps/web/src/app/components/screens/CandlingLogsScreen.tsx","796","40","direct"
"top-0","Tailwind built-in scale","components/screens/CandlingLogsScreen","apps/web/src/app/components/screens/CandlingLogsScreen.tsx","806","40","direct"
"top-0","Tailwind built-in scale","components/screens/CandlingLogsScreen","apps/web/src/app/components/screens/CandlingLogsScreen.tsx","816","40","direct"
"mt-0.5","Tailwind built-in scale","components/screens/CandlingLogsScreen","apps/web/src/app/components/screens/CandlingLogsScreen.tsx","849","42","direct"
"mt-1","Tailwind built-in scale","components/screens/CandlingLogsScreen","apps/web/src/app/components/screens/CandlingLogsScreen.tsx","858","42","direct"
"mt-0.5","Tailwind built-in scale","components/screens/CandlingLogsScreen","apps/web/src/app/components/screens/CandlingLogsScreen.tsx","888","42","direct"
"mt-0.5","Tailwind built-in scale","components/screens/CandlingLogsScreen","apps/web/src/app/components/screens/CandlingLogsScreen.tsx","920","42","direct"
"rounded-xl","Tailwind built-in scale","components/screens/CandlingLogsScreen","apps/web/src/app/components/screens/CandlingLogsScreen.tsx","941","40","direct"
"max-w-full","Tailwind built-in scale","components/screens/DetailScreen","apps/web/src/app/components/screens/DetailScreen.tsx","82","25","direct"
"pb-1","Tailwind built-in scale","components/screens/DetailScreen","apps/web/src/app/components/screens/DetailScreen.tsx","82","84","direct"
"space-y-2","Tailwind built-in scale","components/screens/DetailScreen","apps/web/src/app/components/screens/DetailScreen.tsx","258","18","direct"
"md:space-y-5","Tailwind built-in scale","components/screens/DetailScreen","apps/web/src/app/components/screens/DetailScreen.tsx","258","27","direct"
"min-h-20","Tailwind built-in scale","components/screens/DetailScreen","apps/web/src/app/components/screens/DetailScreen.tsx","265","26","direct"
"gap-4","Tailwind built-in scale","components/screens/DetailScreen","apps/web/src/app/components/screens/DetailScreen.tsx","265","74","direct"
"rounded-2","Tailwind built-in scale","components/screens/DetailScreen","apps/web/src/app/components/screens/DetailScreen.tsx","265","80","direct"
"p-4","Tailwind built-in scale","components/screens/DetailScreen","apps/web/src/app/components/screens/DetailScreen.tsx","265","92","direct"
"w-1.5","Tailwind built-in scale","components/screens/DetailScreen","apps/web/src/app/components/screens/DetailScreen.tsx","273","24","direct"
"rounded-full","Tailwind built-in scale","components/screens/DetailScreen","apps/web/src/app/components/screens/DetailScreen.tsx","273","51","direct"
"min-w-0","Tailwind built-in scale","components/screens/DetailScreen","apps/web/src/app/components/screens/DetailScreen.tsx","276","27","direct"
"rounded-xl","Tailwind built-in scale","components/screens/DetailScreen","apps/web/src/app/components/screens/DetailScreen.tsx","297","32","direct"
"px-5","Tailwind built-in scale","components/screens/DetailScreen","apps/web/src/app/components/screens/DetailScreen.tsx","297","43","direct"
"p-0","Tailwind built-in scale","components/screens/DetailScreen","apps/web/src/app/components/screens/DetailScreen.tsx","317","70","direct"
"px-5","Tailwind built-in scale","components/screens/DetailScreen","apps/web/src/app/components/screens/DetailScreen.tsx","331","38","direct"
"pt-5","Tailwind built-in scale","components/screens/DetailScreen","apps/web/src/app/components/screens/DetailScreen.tsx","331","42","direct"
"space-y-0.5","Tailwind built-in scale","components/screens/DetailScreen","apps/web/src/app/components/screens/DetailScreen.tsx","344","28","direct"
"space-y-5","Tailwind built-in scale","components/screens/DetailScreen","apps/web/src/app/components/screens/DetailScreen.tsx","360","29","direct"
"px-5","Tailwind built-in scale","components/screens/DetailScreen","apps/web/src/app/components/screens/DetailScreen.tsx","360","38","direct"
"py-4","Tailwind built-in scale","components/screens/DetailScreen","apps/web/src/app/components/screens/DetailScreen.tsx","360","43","direct"
"mt-0.5","Tailwind built-in scale","components/screens/DetailScreen","apps/web/src/app/components/screens/DetailScreen.tsx","372","30","direct"
"mt-2","Tailwind built-in scale","components/screens/DetailScreen","apps/web/src/app/components/screens/DetailScreen.tsx","387","32","direct"
"w-full","Tailwind built-in scale","components/screens/DetailScreen","apps/web/src/app/components/screens/DetailScreen.tsx","387","36","direct"
"rounded-xl","Tailwind built-in scale","components/screens/DetailScreen","apps/web/src/app/components/screens/DetailScreen.tsx","387","43","direct"
"mt-2","Tailwind built-in scale","components/screens/DetailScreen","apps/web/src/app/components/screens/DetailScreen.tsx","426","30","direct"
"rounded-xl","Tailwind built-in scale","components/screens/DetailScreen","apps/web/src/app/components/screens/DetailScreen.tsx","426","34","direct"
"mt-1.5","Tailwind built-in scale","components/screens/DetailScreen","apps/web/src/app/components/screens/DetailScreen.tsx","437","30","direct"
"p-4","Tailwind built-in scale","components/screens/DetailScreen","apps/web/src/app/components/screens/DetailScreen.tsx","458","60","direct"
"gap-3","Tailwind built-in scale","components/screens/DetailScreen","apps/web/src/app/components/screens/DetailScreen.tsx","465","68","direct"
"text-sm","Tailwind built-in scale","components/screens/DetailScreen","apps/web/src/app/components/screens/DetailScreen.tsx","468","36","direct"
"mt-0.5","Tailwind built-in scale","components/screens/DetailScreen","apps/web/src/app/components/screens/DetailScreen.tsx","474","36","direct"
"rounded-full","Tailwind built-in scale","components/screens/DetailScreen","apps/web/src/app/components/screens/DetailScreen.tsx","484","42","direct"
"px-2.5","Tailwind built-in scale","components/screens/DetailScreen","apps/web/src/app/components/screens/DetailScreen.tsx","484","55","direct"
"py-1","Tailwind built-in scale","components/screens/DetailScreen","apps/web/src/app/components/screens/DetailScreen.tsx","484","62","direct"
"mt-4","Tailwind built-in scale","components/screens/DetailScreen","apps/web/src/app/components/screens/DetailScreen.tsx","494","35","direct"
"gap-2","Tailwind built-in scale","components/screens/DetailScreen","apps/web/src/app/components/screens/DetailScreen.tsx","494","56","direct"
"min-w-0","Tailwind built-in scale","components/screens/DetailScreen","apps/web/src/app/components/screens/DetailScreen.tsx","521","38","direct"
"p-3","Tailwind built-in scale","components/screens/DetailScreen","apps/web/src/app/components/screens/DetailScreen.tsx","521","101","direct"
"mt-2","Tailwind built-in scale","components/screens/DetailScreen","apps/web/src/app/components/screens/DetailScreen.tsx","533","40","direct"
"mt-0.5","Tailwind built-in scale","components/screens/DetailScreen","apps/web/src/app/components/screens/DetailScreen.tsx","539","40","direct"
"text-xs","Tailwind built-in scale","components/screens/DetailScreen","apps/web/src/app/components/screens/DetailScreen.tsx","539","46","direct"
"bottom-0","Tailwind built-in scale","components/screens/DetailScreen","apps/web/src/app/components/screens/DetailScreen.tsx","560","32","direct"
"px-5","Tailwind built-in scale","components/screens/DetailScreen","apps/web/src/app/components/screens/DetailScreen.tsx","560","41","direct"
"py-4","Tailwind built-in scale","components/screens/DetailScreen","apps/web/src/app/components/screens/DetailScreen.tsx","560","46","direct"
"gap-2","Tailwind built-in scale","components/screens/DetailScreen","apps/web/src/app/components/screens/DetailScreen.tsx","566","64","direct"
"rounded-full","Tailwind built-in scale","components/screens/DetailScreen","apps/web/src/app/components/screens/DetailScreen.tsx","570","30","direct"
"rounded-full","Tailwind built-in scale","components/screens/DetailScreen","apps/web/src/app/components/screens/DetailScreen.tsx","580","30","direct"
"px-5","Tailwind built-in scale","components/screens/DetailScreen","apps/web/src/app/components/screens/DetailScreen.tsx","580","42","direct"
"rounded-2","Tailwind built-in scale","components/screens/DetailScreen","apps/web/src/app/components/screens/DetailScreen.tsx","597","22","direct"
"mt-2","Tailwind built-in scale","components/screens/DetailScreen","apps/web/src/app/components/screens/DetailScreen.tsx","614","31","direct"
"rounded-full","Tailwind built-in scale","components/screens/DetailScreen","apps/web/src/app/components/screens/DetailScreen.tsx","641","26","direct"
"rounded-full","Tailwind built-in scale","components/screens/DetailScreen","apps/web/src/app/components/screens/DetailScreen.tsx","652","26","direct"
"mt-4","Tailwind built-in scale","components/screens/DetailScreen","apps/web/src/app/components/screens/DetailScreen.tsx","682","27","direct"
"rounded-full","Tailwind built-in scale","components/screens/DetailScreen","apps/web/src/app/components/screens/DetailScreen.tsx","688","26","direct"
"gap-3","Tailwind built-in scale","components/screens/DetailScreen","apps/web/src/app/components/screens/DetailScreen.tsx","703","65","direct"
"rounded-2","Tailwind built-in scale","components/screens/DetailScreen","apps/web/src/app/components/screens/DetailScreen.tsx","703","71","direct"
"p-4","Tailwind built-in scale","components/screens/DetailScreen","apps/web/src/app/components/screens/DetailScreen.tsx","703","83","direct"
"w-1.5","Tailwind built-in scale","components/screens/DetailScreen","apps/web/src/app/components/screens/DetailScreen.tsx","711","24","direct"
"rounded-full","Tailwind built-in scale","components/screens/DetailScreen","apps/web/src/app/components/screens/DetailScreen.tsx","711","51","direct"
"min-w-0","Tailwind built-in scale","components/screens/DetailScreen","apps/web/src/app/components/screens/DetailScreen.tsx","714","31","direct"
"gap-3","Tailwind built-in scale","components/screens/DetailScreen","apps/web/src/app/components/screens/DetailScreen.tsx","714","58","direct"
"min-w-0","Tailwind built-in scale","components/screens/DetailScreen","apps/web/src/app/components/screens/DetailScreen.tsx","715","29","direct"
"min-h-20","Tailwind built-in scale","components/screens/DetailScreen","apps/web/src/app/components/screens/DetailScreen.tsx","743","26","direct"
"gap-4","Tailwind built-in scale","components/screens/DetailScreen","apps/web/src/app/components/screens/DetailScreen.tsx","743","74","direct"
"rounded-2","Tailwind built-in scale","components/screens/DetailScreen","apps/web/src/app/components/screens/DetailScreen.tsx","743","80","direct"
"p-4","Tailwind built-in scale","components/screens/DetailScreen","apps/web/src/app/components/screens/DetailScreen.tsx","743","92","direct"
"w-1.5","Tailwind built-in scale","components/screens/DetailScreen","apps/web/src/app/components/screens/DetailScreen.tsx","751","24","direct"
"rounded-full","Tailwind built-in scale","components/screens/DetailScreen","apps/web/src/app/components/screens/DetailScreen.tsx","751","51","direct"
"min-w-0","Tailwind built-in scale","components/screens/DetailScreen","apps/web/src/app/components/screens/DetailScreen.tsx","754","27","direct"
"rounded-xl","Tailwind built-in scale","components/screens/DetailScreen","apps/web/src/app/components/screens/DetailScreen.tsx","776","24","direct"
"px-5","Tailwind built-in scale","components/screens/DetailScreen","apps/web/src/app/components/screens/DetailScreen.tsx","776","34","direct"
"pt-1","Tailwind built-in scale","components/screens/DetailScreen","apps/web/src/app/components/screens/DetailScreen.tsx","789","23","direct"
"space-y-2","Tailwind built-in scale","components/screens/IncubatorsScreen","apps/web/src/app/components/screens/IncubatorsScreen.tsx","356","21","direct"
"md:space-y-6","Tailwind built-in scale","components/screens/IncubatorsScreen","apps/web/src/app/components/screens/IncubatorsScreen.tsx","356","30","direct"
"top-0","Tailwind built-in scale","components/screens/IncubatorsScreen","apps/web/src/app/components/screens/IncubatorsScreen.tsx","360","26","direct"
"gap-2","Tailwind built-in scale","components/screens/IncubatorsScreen","apps/web/src/app/components/screens/IncubatorsScreen.tsx","360","51","direct"
"md:gap-3","Tailwind built-in scale","components/screens/IncubatorsScreen","apps/web/src/app/components/screens/IncubatorsScreen.tsx","360","57","direct"
"gap-2","Tailwind built-in scale","components/screens/IncubatorsScreen","apps/web/src/app/components/screens/IncubatorsScreen.tsx","368","42","direct"
"md:gap-3","Tailwind built-in scale","components/screens/IncubatorsScreen","apps/web/src/app/components/screens/IncubatorsScreen.tsx","368","48","direct"
"min-w-0","Tailwind built-in scale","components/screens/IncubatorsScreen","apps/web/src/app/components/screens/IncubatorsScreen.tsx","369","35","direct"
"left-3","Tailwind built-in scale","components/screens/IncubatorsScreen","apps/web/src/app/components/screens/IncubatorsScreen.tsx","372","34","direct"
"top-1","Tailwind built-in scale","components/screens/IncubatorsScreen","apps/web/src/app/components/screens/IncubatorsScreen.tsx","372","41","direct"
"-translate-y-1","Tailwind built-in scale","components/screens/IncubatorsScreen","apps/web/src/app/components/screens/IncubatorsScreen.tsx","372","49","direct"
"rounded-xl","Tailwind built-in scale","components/screens/IncubatorsScreen","apps/web/src/app/components/screens/IncubatorsScreen.tsx","385","58","direct"
"pl-9","Tailwind built-in scale","components/screens/IncubatorsScreen","apps/web/src/app/components/screens/IncubatorsScreen.tsx","385","69","direct"
"rounded-xl","Tailwind built-in scale","components/screens/IncubatorsScreen","apps/web/src/app/components/screens/IncubatorsScreen.tsx","398","65","direct"
"px-3","Tailwind built-in scale","components/screens/IncubatorsScreen","apps/web/src/app/components/screens/IncubatorsScreen.tsx","398","76","direct"
"md:px-5","Tailwind built-in scale","components/screens/IncubatorsScreen","apps/web/src/app/components/screens/IncubatorsScreen.tsx","398","215","direct"
"gap-2","Tailwind built-in scale","components/screens/IncubatorsScreen","apps/web/src/app/components/screens/IncubatorsScreen.tsx","414","38","direct"
"md:gap-3","Tailwind built-in scale","components/screens/IncubatorsScreen","apps/web/src/app/components/screens/IncubatorsScreen.tsx","414","44","direct"
"min-w-0","Tailwind built-in scale","components/screens/IncubatorsScreen","apps/web/src/app/components/screens/IncubatorsScreen.tsx","415","27","direct"
"w-full","Tailwind built-in scale","components/screens/IncubatorsScreen","apps/web/src/app/components/screens/IncubatorsScreen.tsx","434","31","direct"
"gap-2","Tailwind built-in scale","components/screens/IncubatorsScreen","apps/web/src/app/components/screens/IncubatorsScreen.tsx","434","63","direct"
"min-w-0","Tailwind built-in scale","components/screens/IncubatorsScreen","apps/web/src/app/components/screens/IncubatorsScreen.tsx","446","60","direct"
"rounded-full","Tailwind built-in scale","components/screens/IncubatorsScreen","apps/web/src/app/components/screens/IncubatorsScreen.tsx","446","75","direct"
"px-3.5","Tailwind built-in scale","components/screens/IncubatorsScreen","apps/web/src/app/components/screens/IncubatorsScreen.tsx","446","88","direct"
"md:rounded-xl","Tailwind built-in scale","components/screens/IncubatorsScreen","apps/web/src/app/components/screens/IncubatorsScreen.tsx","446","206","direct"
"md:px-3.5","Tailwind built-in scale","components/screens/IncubatorsScreen","apps/web/src/app/components/screens/IncubatorsScreen.tsx","446","220","direct"
"min-w-0","Tailwind built-in scale","components/screens/IncubatorsScreen","apps/web/src/app/components/screens/IncubatorsScreen.tsx","475","60","direct"
"rounded-full","Tailwind built-in scale","components/screens/IncubatorsScreen","apps/web/src/app/components/screens/IncubatorsScreen.tsx","475","75","direct"
"px-3.5","Tailwind built-in scale","components/screens/IncubatorsScreen","apps/web/src/app/components/screens/IncubatorsScreen.tsx","475","88","direct"
"md:rounded-xl","Tailwind built-in scale","components/screens/IncubatorsScreen","apps/web/src/app/components/screens/IncubatorsScreen.tsx","475","206","direct"
"md:px-3.5","Tailwind built-in scale","components/screens/IncubatorsScreen","apps/web/src/app/components/screens/IncubatorsScreen.tsx","475","220","direct"
"rounded-full","Tailwind built-in scale","components/screens/IncubatorsScreen","apps/web/src/app/components/screens/IncubatorsScreen.tsx","499","148","direct"
"md:rounded-xl","Tailwind built-in scale","components/screens/IncubatorsScreen","apps/web/src/app/components/screens/IncubatorsScreen.tsx","499","339","direct"
"rounded-2","Tailwind built-in scale","components/screens/IncubatorsScreen","apps/web/src/app/components/screens/IncubatorsScreen.tsx","521","24","direct"
"px-5","Tailwind built-in scale","components/screens/IncubatorsScreen","apps/web/src/app/components/screens/IncubatorsScreen.tsx","521","35","direct"
"py-12","Tailwind built-in scale","components/screens/IncubatorsScreen","apps/web/src/app/components/screens/IncubatorsScreen.tsx","521","40","direct"
"mt-3","Tailwind built-in scale","components/screens/IncubatorsScreen","apps/web/src/app/components/screens/IncubatorsScreen.tsx","555","28","direct"
"rounded-xl","Tailwind built-in scale","components/screens/IncubatorsScreen","apps/web/src/app/components/screens/IncubatorsScreen.tsx","555","85","direct"
"px-3","Tailwind built-in scale","components/screens/IncubatorsScreen","apps/web/src/app/components/screens/IncubatorsScreen.tsx","555","96","direct"
"py-1.5","Tailwind built-in scale","components/screens/IncubatorsScreen","apps/web/src/app/components/screens/IncubatorsScreen.tsx","555","101","direct"
"md:min-h-8","Tailwind built-in scale","components/screens/IncubatorsScreen","apps/web/src/app/components/screens/IncubatorsScreen.tsx","555","267","direct"
"gap-2","Tailwind built-in scale","components/screens/IncubatorsScreen","apps/web/src/app/components/screens/IncubatorsScreen.tsx","570","45","direct"
"md:gap-5","Tailwind built-in scale","components/screens/IncubatorsScreen","apps/web/src/app/components/screens/IncubatorsScreen.tsx","570","51","direct"
"pr-4","Tailwind built-in scale","components/screens/IncubatorsScreen","apps/web/src/app/components/screens/IncubatorsScreen.tsx","570","90","direct"
"md:pr-0","Tailwind built-in scale","components/screens/IncubatorsScreen","apps/web/src/app/components/screens/IncubatorsScreen.tsx","570","95","direct"
"rounded-2","Tailwind built-in scale","components/screens/IncubatorsScreen","apps/web/src/app/components/screens/IncubatorsScreen.tsx","578","89","direct"
"h-16","Tailwind built-in scale","components/screens/IncubatorsScreen","apps/web/src/app/components/screens/IncubatorsScreen.tsx","593","29","direct"
"right-1.5","Tailwind built-in scale","components/screens/IncubatorsScreen","apps/web/src/app/components/screens/IncubatorsScreen.tsx","599","68","direct"
"top-1","Tailwind built-in scale","components/screens/IncubatorsScreen","apps/web/src/app/components/screens/IncubatorsScreen.tsx","599","78","direct"
"m-0","Tailwind built-in scale","components/screens/IncubatorsScreen","apps/web/src/app/components/screens/IncubatorsScreen.tsx","599","91","direct"
"w-3","Tailwind built-in scale","components/screens/IncubatorsScreen","apps/web/src/app/components/screens/IncubatorsScreen.tsx","599","167","direct"
"min-w-0","Tailwind built-in scale","components/screens/IncubatorsScreen","apps/web/src/app/components/screens/IncubatorsScreen.tsx","599","171","direct"
"-translate-y-1","Tailwind built-in scale","components/screens/IncubatorsScreen","apps/web/src/app/components/screens/IncubatorsScreen.tsx","599","179","direct"
"gap-1","Tailwind built-in scale","components/screens/IncubatorsScreen","apps/web/src/app/components/screens/IncubatorsScreen.tsx","599","218","direct"
"h-3","Tailwind built-in scale","components/screens/IncubatorsScreen","apps/web/src/app/components/screens/IncubatorsScreen.tsx","610","38","direct"
"w-2","Tailwind built-in scale","components/screens/IncubatorsScreen","apps/web/src/app/components/screens/IncubatorsScreen.tsx","610","42","direct"
"border-0","Tailwind built-in scale","components/screens/IncubatorsScreen","apps/web/src/app/components/screens/IncubatorsScreen.tsx","610","89","direct"
"p-0","Tailwind built-in scale","components/screens/IncubatorsScreen","apps/web/src/app/components/screens/IncubatorsScreen.tsx","610","113","direct"
"rounded-full","Tailwind built-in scale","components/screens/IncubatorsScreen","apps/web/src/app/components/screens/IncubatorsScreen.tsx","616","36","direct"
"rounded-2","Tailwind built-in scale","components/screens/IncubatorsScreen","apps/web/src/app/components/screens/IncubatorsScreen.tsx","633","39","direct"
"border-t-0","Tailwind built-in scale","components/screens/IncubatorsScreen","apps/web/src/app/components/screens/IncubatorsScreen.tsx","640","34","direct"
"top-0","Tailwind built-in scale","components/screens/IncubatorsScreen","apps/web/src/app/components/screens/IncubatorsScreen.tsx","659","42","direct"
"top-0","Tailwind built-in scale","components/screens/IncubatorsScreen","apps/web/src/app/components/screens/IncubatorsScreen.tsx","676","42","direct"
"top-0","Tailwind built-in scale","components/screens/IncubatorsScreen","apps/web/src/app/components/screens/IncubatorsScreen.tsx","693","42","direct"
"rounded-full","Tailwind built-in scale","components/screens/IncubatorsScreen","apps/web/src/app/components/screens/IncubatorsScreen.tsx","733","40","direct"
"px-2","Tailwind built-in scale","components/screens/IncubatorsScreen","apps/web/src/app/components/screens/IncubatorsScreen.tsx","733","52","direct"
"py-0.5","Tailwind built-in scale","components/screens/IncubatorsScreen","apps/web/src/app/components/screens/IncubatorsScreen.tsx","733","57","direct"
"rounded-xl","Tailwind built-in scale","components/screens/IncubatorsScreen","apps/web/src/app/components/screens/IncubatorsScreen.tsx","781","54","direct"
"rounded-2","Tailwind built-in scale","components/screens/IncubatorsScreen","apps/web/src/app/components/screens/IncubatorsScreen.tsx","809","35","direct"
"space-y-4","Tailwind built-in scale","components/screens/IncubatorsScreen","apps/web/src/app/components/screens/IncubatorsScreen.tsx","827","27","direct"
"py-2","Tailwind built-in scale","components/screens/IncubatorsScreen","apps/web/src/app/components/screens/IncubatorsScreen.tsx","827","36","direct"
"gap-2.5","Tailwind built-in scale","components/screens/IncubatorsScreen","apps/web/src/app/components/screens/IncubatorsScreen.tsx","830","44","direct"
"rounded-xl","Tailwind built-in scale","components/screens/IncubatorsScreen","apps/web/src/app/components/screens/IncubatorsScreen.tsx","830","52","direct"
"px-3.5","Tailwind built-in scale","components/screens/IncubatorsScreen","apps/web/src/app/components/screens/IncubatorsScreen.tsx","830","63","direct"
"py-3","Tailwind built-in scale","components/screens/IncubatorsScreen","apps/web/src/app/components/screens/IncubatorsScreen.tsx","830","70","direct"
"mt-0.5","Tailwind built-in scale","components/screens/IncubatorsScreen","apps/web/src/app/components/screens/IncubatorsScreen.tsx","841","30","direct"
"mt-1.5","Tailwind built-in scale","components/screens/IncubatorsScreen","apps/web/src/app/components/screens/IncubatorsScreen.tsx","870","39","direct"
"left-3","Tailwind built-in scale","components/screens/IncubatorsScreen","apps/web/src/app/components/screens/IncubatorsScreen.tsx","873","38","direct"
"top-1","Tailwind built-in scale","components/screens/IncubatorsScreen","apps/web/src/app/components/screens/IncubatorsScreen.tsx","873","45","direct"
"-translate-y-1","Tailwind built-in scale","components/screens/IncubatorsScreen","apps/web/src/app/components/screens/IncubatorsScreen.tsx","873","53","direct"
"rounded-xl","Tailwind built-in scale","components/screens/IncubatorsScreen","apps/web/src/app/components/screens/IncubatorsScreen.tsx","888","30","direct"
"pl-9","Tailwind built-in scale","components/screens/IncubatorsScreen","apps/web/src/app/components/screens/IncubatorsScreen.tsx","888","40","direct"
"mt-2","Tailwind built-in scale","components/screens/IncubatorsScreen","apps/web/src/app/components/screens/IncubatorsScreen.tsx","900","30","direct"
"gap-1.5","Tailwind built-in scale","components/screens/IncubatorsScreen","apps/web/src/app/components/screens/IncubatorsScreen.tsx","900","52","direct"
"mt-1.5","Tailwind built-in scale","components/screens/IncubatorsScreen","apps/web/src/app/components/screens/IncubatorsScreen.tsx","926","28","direct"
"rounded-xl","Tailwind built-in scale","components/screens/IncubatorsScreen","apps/web/src/app/components/screens/IncubatorsScreen.tsx","926","34","direct"
"rounded-full","Tailwind built-in scale","components/screens/IncubatorsScreen","apps/web/src/app/components/screens/IncubatorsScreen.tsx","935","26","direct"
"rounded-full","Tailwind built-in scale","components/screens/IncubatorsScreen","apps/web/src/app/components/screens/IncubatorsScreen.tsx","946","26","direct"
"w-full","Tailwind built-in scale","components/screens/OverviewScreen","apps/web/src/app/components/screens/OverviewScreen.tsx","117","85","direct"
"gap-3","Tailwind built-in scale","components/screens/OverviewScreen","apps/web/src/app/components/screens/OverviewScreen.tsx","117","121","direct"
"px-3","Tailwind built-in scale","components/screens/OverviewScreen","apps/web/src/app/components/screens/OverviewScreen.tsx","117","127","direct"
"py-3","Tailwind built-in scale","components/screens/OverviewScreen","apps/web/src/app/components/screens/OverviewScreen.tsx","117","132","direct"
"md:min-h-0","Tailwind built-in scale","components/screens/OverviewScreen","apps/web/src/app/components/screens/OverviewScreen.tsx","117","147","direct"
"min-w-0","Tailwind built-in scale","components/screens/OverviewScreen","apps/web/src/app/components/screens/OverviewScreen.tsx","118","29","direct"
"gap-3","Tailwind built-in scale","components/screens/OverviewScreen","apps/web/src/app/components/screens/OverviewScreen.tsx","118","50","direct"
"w-1","Tailwind built-in scale","components/screens/OverviewScreen","apps/web/src/app/components/screens/OverviewScreen.tsx","121","24","direct"
"rounded-full","Tailwind built-in scale","components/screens/OverviewScreen","apps/web/src/app/components/screens/OverviewScreen.tsx","121","49","direct"
"h-7","Tailwind built-in scale","components/screens/OverviewScreen","apps/web/src/app/components/screens/OverviewScreen.tsx","125","28","direct"
"w-7","Tailwind built-in scale","components/screens/OverviewScreen","apps/web/src/app/components/screens/OverviewScreen.tsx","125","32","direct"
"rounded-full","Tailwind built-in scale","components/screens/OverviewScreen","apps/web/src/app/components/screens/OverviewScreen.tsx","125","73","direct"
"text-xs","Tailwind built-in scale","components/screens/OverviewScreen","apps/web/src/app/components/screens/OverviewScreen.tsx","125","86","direct"
"min-w-0","Tailwind built-in scale","components/screens/OverviewScreen","apps/web/src/app/components/screens/OverviewScreen.tsx","142","27","direct"
"gap-2","Tailwind built-in scale","components/screens/OverviewScreen","apps/web/src/app/components/screens/OverviewScreen.tsx","171","51","direct"
"gap-0.5","Tailwind built-in scale","components/screens/OverviewScreen","apps/web/src/app/components/screens/OverviewScreen.tsx","172","50","direct"
"h-11","Tailwind built-in scale","components/screens/OverviewScreen","apps/web/src/app/components/screens/OverviewScreen.tsx","203","35","direct"
"w-11","Tailwind built-in scale","components/screens/OverviewScreen","apps/web/src/app/components/screens/OverviewScreen.tsx","203","40","direct"
"rounded-lg","Tailwind built-in scale","components/screens/OverviewScreen","apps/web/src/app/components/screens/OverviewScreen.tsx","203","97","direct"
"md:h-8","Tailwind built-in scale","components/screens/OverviewScreen","apps/web/src/app/components/screens/OverviewScreen.tsx","203","300","direct"
"md:w-8","Tailwind built-in scale","components/screens/OverviewScreen","apps/web/src/app/components/screens/OverviewScreen.tsx","203","307","direct"
"h-full","Tailwind built-in scale","components/screens/OverviewScreen","apps/web/src/app/components/screens/OverviewScreen.tsx","239","29","direct"
"w-full","Tailwind built-in scale","components/screens/OverviewScreen","apps/web/src/app/components/screens/OverviewScreen.tsx","239","36","direct"
"h-full","Tailwind built-in scale","components/screens/OverviewScreen","apps/web/src/app/components/screens/OverviewScreen.tsx","244","30","direct"
"w-full","Tailwind built-in scale","components/screens/OverviewScreen","apps/web/src/app/components/screens/OverviewScreen.tsx","244","37","direct"
"p-3","Tailwind built-in scale","components/screens/OverviewScreen","apps/web/src/app/components/screens/OverviewScreen.tsx","244","192","direct"
"md:p-4","Tailwind built-in scale","components/screens/OverviewScreen","apps/web/src/app/components/screens/OverviewScreen.tsx","244","431","direct"
"w-full","Tailwind built-in scale","components/screens/OverviewScreen","apps/web/src/app/components/screens/OverviewScreen.tsx","247","33","direct"
"min-w-0","Tailwind built-in scale","components/screens/OverviewScreen","apps/web/src/app/components/screens/OverviewScreen.tsx","247","40","direct"
"min-w-0","Tailwind built-in scale","components/screens/OverviewScreen","apps/web/src/app/components/screens/OverviewScreen.tsx","248","31","direct"
"gap-1","Tailwind built-in scale","components/screens/OverviewScreen","apps/web/src/app/components/screens/OverviewScreen.tsx","248","67","direct"
"min-w-0","Tailwind built-in scale","components/screens/OverviewScreen","apps/web/src/app/components/screens/OverviewScreen.tsx","251","31","direct"
"h-6","Tailwind built-in scale","components/screens/OverviewScreen","apps/web/src/app/components/screens/OverviewScreen.tsx","263","37","direct"
"w-6","Tailwind built-in scale","components/screens/OverviewScreen","apps/web/src/app/components/screens/OverviewScreen.tsx","263","41","direct"
"mt-0.5","Tailwind built-in scale","components/screens/OverviewScreen","apps/web/src/app/components/screens/OverviewScreen.tsx","269","27","direct"
"gap-1","Tailwind built-in scale","components/screens/OverviewScreen","apps/web/src/app/components/screens/OverviewScreen.tsx","269","67","direct"
"min-w-0","Tailwind built-in scale","components/screens/OverviewScreen","apps/web/src/app/components/screens/OverviewScreen.tsx","271","31","direct"
"gap-1","Tailwind built-in scale","components/screens/OverviewScreen","apps/web/src/app/components/screens/OverviewScreen.tsx","283","61","direct"
"rounded-full","Tailwind built-in scale","components/screens/OverviewScreen","apps/web/src/app/components/screens/OverviewScreen.tsx","283","67","direct"
"px-1.5","Tailwind built-in scale","components/screens/OverviewScreen","apps/web/src/app/components/screens/OverviewScreen.tsx","283","80","direct"
"py-0.5","Tailwind built-in scale","components/screens/OverviewScreen","apps/web/src/app/components/screens/OverviewScreen.tsx","283","87","direct"
"gap-1","Tailwind built-in scale","components/screens/OverviewScreen","apps/web/src/app/components/screens/OverviewScreen.tsx","298","61","direct"
"h-1.5","Tailwind built-in scale","components/screens/OverviewScreen","apps/web/src/app/components/screens/OverviewScreen.tsx","311","30","direct"
"w-1.5","Tailwind built-in scale","components/screens/OverviewScreen","apps/web/src/app/components/screens/OverviewScreen.tsx","311","35","direct"
"rounded-full","Tailwind built-in scale","components/screens/OverviewScreen","apps/web/src/app/components/screens/OverviewScreen.tsx","311","41","direct"
"mt-1","Tailwind built-in scale","components/screens/OverviewScreen","apps/web/src/app/components/screens/OverviewScreen.tsx","324","24","direct"
"min-w-0","Tailwind built-in scale","components/screens/OverviewScreen","apps/web/src/app/components/screens/OverviewScreen.tsx","324","34","direct"
"my-2.5","Tailwind built-in scale","components/screens/OverviewScreen","apps/web/src/app/components/screens/OverviewScreen.tsx","339","33","direct"
"min-h-0","Tailwind built-in scale","components/screens/OverviewScreen","apps/web/src/app/components/screens/OverviewScreen.tsx","339","45","direct"
"inset-0","Tailwind built-in scale","components/screens/OverviewScreen","apps/web/src/app/components/screens/OverviewScreen.tsx","367","35","direct"
"text-sm","Tailwind built-in scale","components/screens/OverviewScreen","apps/web/src/app/components/screens/OverviewScreen.tsx","369","50","direct"
"md:text-base","Tailwind built-in scale","components/screens/OverviewScreen","apps/web/src/app/components/screens/OverviewScreen.tsx","369","58","direct"
"gap-2","Tailwind built-in scale","components/screens/OverviewScreen","apps/web/src/app/components/screens/OverviewScreen.tsx","548","34","direct"
"md:gap-8","Tailwind built-in scale","components/screens/OverviewScreen","apps/web/src/app/components/screens/OverviewScreen.tsx","548","40","direct"
"gap-2","Tailwind built-in scale","components/screens/OverviewScreen","apps/web/src/app/components/screens/OverviewScreen.tsx","550","39","direct"
"md:gap-4","Tailwind built-in scale","components/screens/OverviewScreen","apps/web/src/app/components/screens/OverviewScreen.tsx","550","45","direct"
"rounded-2","Tailwind built-in scale","components/screens/OverviewScreen","apps/web/src/app/components/screens/OverviewScreen.tsx","585","20","direct"
"p-3","Tailwind built-in scale","components/screens/OverviewScreen","apps/web/src/app/components/screens/OverviewScreen.tsx","585","38","direct"
"md:p-6","Tailwind built-in scale","components/screens/OverviewScreen","apps/web/src/app/components/screens/OverviewScreen.tsx","585","42","direct"
"gap-3","Tailwind built-in scale","components/screens/OverviewScreen","apps/web/src/app/components/screens/OverviewScreen.tsx","591","58","direct"
"min-w-0","Tailwind built-in scale","components/screens/OverviewScreen","apps/web/src/app/components/screens/OverviewScreen.tsx","592","64","direct"
"mt-0","Tailwind built-in scale","components/screens/OverviewScreen","apps/web/src/app/components/screens/OverviewScreen.tsx","606","26","direct"
"md:mt-0.5","Tailwind built-in scale","components/screens/OverviewScreen","apps/web/src/app/components/screens/OverviewScreen.tsx","606","30","direct"
"gap-0.5","Tailwind built-in scale","components/screens/OverviewScreen","apps/web/src/app/components/screens/OverviewScreen.tsx","621","117","direct"
"rounded-xl","Tailwind built-in scale","components/screens/OverviewScreen","apps/web/src/app/components/screens/OverviewScreen.tsx","621","125","direct"
"px-2.5","Tailwind built-in scale","components/screens/OverviewScreen","apps/web/src/app/components/screens/OverviewScreen.tsx","621","168","direct"
"py-1","Tailwind built-in scale","components/screens/OverviewScreen","apps/web/src/app/components/screens/OverviewScreen.tsx","621","175","direct"
"text-xs","Tailwind built-in scale","components/screens/OverviewScreen","apps/web/src/app/components/screens/OverviewScreen.tsx","621","180","direct"
"md:min-h-11","Tailwind built-in scale","components/screens/OverviewScreen","apps/web/src/app/components/screens/OverviewScreen.tsx","621","340","direct"
"md:px-4","Tailwind built-in scale","components/screens/OverviewScreen","apps/web/src/app/components/screens/OverviewScreen.tsx","621","352","direct"
"md:py-2","Tailwind built-in scale","components/screens/OverviewScreen","apps/web/src/app/components/screens/OverviewScreen.tsx","621","360","direct"
"md:text-sm","Tailwind built-in scale","components/screens/OverviewScreen","apps/web/src/app/components/screens/OverviewScreen.tsx","621","368","direct"
"my-3","Tailwind built-in scale","components/screens/OverviewScreen","apps/web/src/app/components/screens/OverviewScreen.tsx","630","22","direct"
"h-px","Tailwind built-in scale","components/screens/OverviewScreen","apps/web/src/app/components/screens/OverviewScreen.tsx","630","26","direct"
"w-full","Tailwind built-in scale","components/screens/OverviewScreen","apps/web/src/app/components/screens/OverviewScreen.tsx","630","31","direct"
"sm:my-4","Tailwind built-in scale","components/screens/OverviewScreen","apps/web/src/app/components/screens/OverviewScreen.tsx","630","38","direct"
"gap-2.5","Tailwind built-in scale","components/screens/OverviewScreen","apps/web/src/app/components/screens/OverviewScreen.tsx","636","48","direct"
"pb-1","Tailwind built-in scale","components/screens/OverviewScreen","apps/web/src/app/components/screens/OverviewScreen.tsx","636","72","direct"
"pt-0.5","Tailwind built-in scale","components/screens/OverviewScreen","apps/web/src/app/components/screens/OverviewScreen.tsx","636","77","direct"
"md:gap-4","Tailwind built-in scale","components/screens/OverviewScreen","apps/web/src/app/components/screens/OverviewScreen.tsx","636","122","direct"
"md:pb-0","Tailwind built-in scale","components/screens/OverviewScreen","apps/web/src/app/components/screens/OverviewScreen.tsx","636","151","direct"
"mt-3","Tailwind built-in scale","components/screens/OverviewScreen","apps/web/src/app/components/screens/OverviewScreen.tsx","648","27","direct"
"gap-1.5","Tailwind built-in scale","components/screens/OverviewScreen","apps/web/src/app/components/screens/OverviewScreen.tsx","648","51","direct"
"h-1.5","Tailwind built-in scale","components/screens/OverviewScreen","apps/web/src/app/components/screens/OverviewScreen.tsx","664","28","direct"
"rounded-full","Tailwind built-in scale","components/screens/OverviewScreen","apps/web/src/app/components/screens/OverviewScreen.tsx","664","48","direct"
"rounded-2","Tailwind built-in scale","components/screens/OverviewScreen","apps/web/src/app/components/screens/OverviewScreen.tsx","684","20","direct"
"p-4","Tailwind built-in scale","components/screens/OverviewScreen","apps/web/src/app/components/screens/OverviewScreen.tsx","684","38","direct"
"md:p-6","Tailwind built-in scale","components/screens/OverviewScreen","apps/web/src/app/components/screens/OverviewScreen.tsx","684","42","direct"
"mt-0","Tailwind built-in scale","components/screens/OverviewScreen","apps/web/src/app/components/screens/OverviewScreen.tsx","705","26","direct"
"md:mt-0.5","Tailwind built-in scale","components/screens/OverviewScreen","apps/web/src/app/components/screens/OverviewScreen.tsx","705","30","direct"
"mb-4","Tailwind built-in scale","components/screens/OverviewScreen","apps/web/src/app/components/screens/OverviewScreen.tsx","719","22","direct"
"h-px","Tailwind built-in scale","components/screens/OverviewScreen","apps/web/src/app/components/screens/OverviewScreen.tsx","719","26","direct"
"w-full","Tailwind built-in scale","components/screens/OverviewScreen","apps/web/src/app/components/screens/OverviewScreen.tsx","719","31","direct"
"mb-4","Tailwind built-in scale","components/screens/OverviewScreen","apps/web/src/app/components/screens/OverviewScreen.tsx","725","22","direct"
"w-full","Tailwind built-in scale","components/screens/OverviewScreen","apps/web/src/app/components/screens/OverviewScreen.tsx","725","31","direct"
"min-w-0","Tailwind built-in scale","components/screens/OverviewScreen","apps/web/src/app/components/screens/OverviewScreen.tsx","725","38","direct"
"border-0","Tailwind built-in scale","components/screens/OverviewScreen","apps/web/src/app/components/screens/OverviewScreen.tsx","725","46","direct"
"p-0","Tailwind built-in scale","components/screens/OverviewScreen","apps/web/src/app/components/screens/OverviewScreen.tsx","725","55","direct"
"w-full","Tailwind built-in scale","components/screens/OverviewScreen","apps/web/src/app/components/screens/OverviewScreen.tsx","728","46","direct"
"min-w-0","Tailwind built-in scale","components/screens/OverviewScreen","apps/web/src/app/components/screens/OverviewScreen.tsx","736","26","direct"
"min-w-0","Tailwind built-in scale","components/screens/OverviewScreen","apps/web/src/app/components/screens/OverviewScreen.tsx","755","26","direct"
"gap-4","Tailwind built-in scale","components/screens/OverviewScreen","apps/web/src/app/components/screens/OverviewScreen.tsx","773","48","direct"
"lg:gap-6","Tailwind built-in scale","components/screens/OverviewScreen","apps/web/src/app/components/screens/OverviewScreen.tsx","773","108","direct"
"min-w-full","Tailwind built-in scale","components/screens/OverviewScreen","apps/web/src/app/components/screens/OverviewScreen.tsx","778","24","direct"
"lg:min-w-0","Tailwind built-in scale","components/screens/OverviewScreen","apps/web/src/app/components/screens/OverviewScreen.tsx","778","54","direct"
"mb-3","Tailwind built-in scale","components/screens/OverviewScreen","apps/web/src/app/components/screens/OverviewScreen.tsx","780","29","direct"
"gap-2","Tailwind built-in scale","components/screens/OverviewScreen","apps/web/src/app/components/screens/OverviewScreen.tsx","793","42","direct"
"gap-2","Tailwind built-in scale","components/screens/OverviewScreen","apps/web/src/app/components/screens/OverviewScreen.tsx","796","47","direct"
"rounded-xl","Tailwind built-in scale","components/screens/OverviewScreen","apps/web/src/app/components/screens/OverviewScreen.tsx","796","53","direct"
"px-3","Tailwind built-in scale","components/screens/OverviewScreen","apps/web/src/app/components/screens/OverviewScreen.tsx","796","71","direct"
"py-4","Tailwind built-in scale","components/screens/OverviewScreen","apps/web/src/app/components/screens/OverviewScreen.tsx","796","76","direct"
"min-w-full","Tailwind built-in scale","components/screens/OverviewScreen","apps/web/src/app/components/screens/OverviewScreen.tsx","835","24","direct"
"lg:min-w-0","Tailwind built-in scale","components/screens/OverviewScreen","apps/web/src/app/components/screens/OverviewScreen.tsx","835","54","direct"
"mb-3","Tailwind built-in scale","components/screens/OverviewScreen","apps/web/src/app/components/screens/OverviewScreen.tsx","837","29","direct"
"gap-2","Tailwind built-in scale","components/screens/OverviewScreen","apps/web/src/app/components/screens/OverviewScreen.tsx","850","42","direct"
"gap-2","Tailwind built-in scale","components/screens/OverviewScreen","apps/web/src/app/components/screens/OverviewScreen.tsx","853","47","direct"
"rounded-xl","Tailwind built-in scale","components/screens/OverviewScreen","apps/web/src/app/components/screens/OverviewScreen.tsx","853","53","direct"
"px-3","Tailwind built-in scale","components/screens/OverviewScreen","apps/web/src/app/components/screens/OverviewScreen.tsx","853","71","direct"
"py-4","Tailwind built-in scale","components/screens/OverviewScreen","apps/web/src/app/components/screens/OverviewScreen.tsx","853","76","direct"
"top-0","Tailwind built-in scale","components/screens/SettingsScreen","apps/web/src/app/components/screens/SettingsScreen.tsx","114","26","direct"
"pb-2","Tailwind built-in scale","components/screens/SettingsScreen","apps/web/src/app/components/screens/SettingsScreen.tsx","114","37","direct"
"md:pb-6","Tailwind built-in scale","components/screens/SettingsScreen","apps/web/src/app/components/screens/SettingsScreen.tsx","114","42","direct"
"mb-3","Tailwind built-in scale","components/screens/SettingsScreen","apps/web/src/app/components/screens/SettingsScreen.tsx","120","25","direct"
"min-w-0","Tailwind built-in scale","components/screens/SettingsScreen","apps/web/src/app/components/screens/SettingsScreen.tsx","136","20","direct"
"rounded-2","Tailwind built-in scale","components/screens/SettingsScreen","apps/web/src/app/components/screens/SettingsScreen.tsx","136","34","direct"
"p-4","Tailwind built-in scale","components/screens/SettingsScreen","apps/web/src/app/components/screens/SettingsScreen.tsx","142","25","direct"
"md:p-6","Tailwind built-in scale","components/screens/SettingsScreen","apps/web/src/app/components/screens/SettingsScreen.tsx","142","28","direct"
"gap-3","Tailwind built-in scale","components/screens/SettingsScreen","apps/web/src/app/components/screens/SettingsScreen.tsx","199","124","direct"
"rounded-b-2","Tailwind built-in scale","components/screens/SettingsScreen","apps/web/src/app/components/screens/SettingsScreen.tsx","199","130","direct"
"pl-4","Tailwind built-in scale","components/screens/SettingsScreen","apps/web/src/app/components/screens/SettingsScreen.tsx","199","144","direct"
"pr-16","Tailwind built-in scale","components/screens/SettingsScreen","apps/web/src/app/components/screens/SettingsScreen.tsx","199","149","direct"
"py-2.5","Tailwind built-in scale","components/screens/SettingsScreen","apps/web/src/app/components/screens/SettingsScreen.tsx","199","155","direct"
"md:bottom-0","Tailwind built-in scale","components/screens/SettingsScreen","apps/web/src/app/components/screens/SettingsScreen.tsx","199","190","direct"
"md:px-6","Tailwind built-in scale","components/screens/SettingsScreen","apps/web/src/app/components/screens/SettingsScreen.tsx","199","202","direct"
"md:py-3.5","Tailwind built-in scale","components/screens/SettingsScreen","apps/web/src/app/components/screens/SettingsScreen.tsx","199","210","direct"
"min-w-0","Tailwind built-in scale","components/screens/SettingsScreen","apps/web/src/app/components/screens/SettingsScreen.tsx","213","26","direct"
"min-w-0","Tailwind built-in scale","components/screens/SettingsScreen","apps/web/src/app/components/screens/SettingsScreen.tsx","226","33","direct"
"max-w-full","Tailwind built-in scale","components/screens/SettingsScreen","apps/web/src/app/components/screens/SettingsScreen.tsx","226","41","direct"
"gap-2","Tailwind built-in scale","components/screens/SettingsScreen","apps/web/src/app/components/screens/SettingsScreen.tsx","226","87","direct"
"max-[19rem]:w-full","Tailwind built-in scale","components/screens/SettingsScreen","apps/web/src/app/components/screens/SettingsScreen.tsx","226","93","direct"
"rounded-xl","Tailwind built-in scale","components/screens/SettingsScreen","apps/web/src/app/components/screens/SettingsScreen.tsx","229","97","direct"
"max-[19rem]:w-full","Tailwind built-in scale","components/screens/SettingsScreen","apps/web/src/app/components/screens/SettingsScreen.tsx","229","108","direct"
"rounded-xl","Tailwind built-in scale","components/screens/SettingsScreen","apps/web/src/app/components/screens/SettingsScreen.tsx","236","97","direct"
"px-4","Tailwind built-in scale","components/screens/SettingsScreen","apps/web/src/app/components/screens/SettingsScreen.tsx","236","108","direct"
"md:px-6","Tailwind built-in scale","components/screens/SettingsScreen","apps/web/src/app/components/screens/SettingsScreen.tsx","236","113","direct"
"max-[19rem]:w-full","Tailwind built-in scale","components/screens/SettingsScreen","apps/web/src/app/components/screens/SettingsScreen.tsx","236","121","direct"
"gap-2","Tailwind built-in scale","components/screens/TrendsScreen","apps/web/src/app/components/screens/TrendsScreen.tsx","245","63","direct"
"rounded-xl","Tailwind built-in scale","components/screens/TrendsScreen","apps/web/src/app/components/screens/TrendsScreen.tsx","245","69","direct"
"px-3","Tailwind built-in scale","components/screens/TrendsScreen","apps/web/src/app/components/screens/TrendsScreen.tsx","245","80","direct"
"py-1.5","Tailwind built-in scale","components/screens/TrendsScreen","apps/web/src/app/components/screens/TrendsScreen.tsx","245","85","direct"
"w-full","Tailwind built-in scale","components/screens/TrendsScreen","apps/web/src/app/components/screens/TrendsScreen.tsx","262","28","direct"
"text-xs","Tailwind built-in scale","components/screens/TrendsScreen","apps/web/src/app/components/screens/TrendsScreen.tsx","262","34","direct"
"rounded-xl","Tailwind built-in scale","components/screens/TrendsScreen","apps/web/src/app/components/screens/TrendsScreen.tsx","282","31","direct"
"p-3.5","Tailwind built-in scale","components/screens/TrendsScreen","apps/web/src/app/components/screens/TrendsScreen.tsx","282","74","direct"
"gap-2","Tailwind built-in scale","components/screens/TrendsScreen","apps/web/src/app/components/screens/TrendsScreen.tsx","289","40","direct"
"h-0.5","Tailwind built-in scale","components/screens/TrendsScreen","apps/web/src/app/components/screens/TrendsScreen.tsx","292","22","direct"
"w-4","Tailwind built-in scale","components/screens/TrendsScreen","apps/web/src/app/components/screens/TrendsScreen.tsx","292","27","direct"
"rounded-full","Tailwind built-in scale","components/screens/TrendsScreen","apps/web/src/app/components/screens/TrendsScreen.tsx","292","40","direct"
"mt-0.5","Tailwind built-in scale","components/screens/TrendsScreen","apps/web/src/app/components/screens/TrendsScreen.tsx","306","22","direct"
"mt-3","Tailwind built-in scale","components/screens/TrendsScreen","apps/web/src/app/components/screens/TrendsScreen.tsx","313","20","direct"
"space-y-1.5","Tailwind built-in scale","components/screens/TrendsScreen","apps/web/src/app/components/screens/TrendsScreen.tsx","313","24","direct"
"pt-2.5","Tailwind built-in scale","components/screens/TrendsScreen","apps/web/src/app/components/screens/TrendsScreen.tsx","313","45","direct"
"gap-5","Tailwind built-in scale","components/screens/TrendsScreen","apps/web/src/app/components/screens/TrendsScreen.tsx","316","60","direct"
"gap-5","Tailwind built-in scale","components/screens/TrendsScreen","apps/web/src/app/components/screens/TrendsScreen.tsx","330","62","direct"
"text-xs","Tailwind built-in scale","components/screens/TrendsScreen","apps/web/src/app/components/screens/TrendsScreen.tsx","331","30","direct"
"text-xs","Tailwind built-in scale","components/screens/TrendsScreen","apps/web/src/app/components/screens/TrendsScreen.tsx","332","30","direct"
"gap-5","Tailwind built-in scale","components/screens/TrendsScreen","apps/web/src/app/components/screens/TrendsScreen.tsx","336","62","direct"
"space-y-2","Tailwind built-in scale","components/screens/TrendsScreen","apps/web/src/app/components/screens/TrendsScreen.tsx","609","21","direct"
"md:space-y-6","Tailwind built-in scale","components/screens/TrendsScreen","apps/web/src/app/components/screens/TrendsScreen.tsx","609","30","direct"
"top-0","Tailwind built-in scale","components/screens/TrendsScreen","apps/web/src/app/components/screens/TrendsScreen.tsx","612","26","direct"
"gap-2","Tailwind built-in scale","components/screens/TrendsScreen","apps/web/src/app/components/screens/TrendsScreen.tsx","612","51","direct"
"md:gap-3","Tailwind built-in scale","components/screens/TrendsScreen","apps/web/src/app/components/screens/TrendsScreen.tsx","612","57","direct"
"min-h-20","Tailwind built-in scale","components/screens/TrendsScreen","apps/web/src/app/components/screens/TrendsScreen.tsx","624","28","direct"
"gap-4","Tailwind built-in scale","components/screens/TrendsScreen","apps/web/src/app/components/screens/TrendsScreen.tsx","624","50","direct"
"rounded-2","Tailwind built-in scale","components/screens/TrendsScreen","apps/web/src/app/components/screens/TrendsScreen.tsx","624","56","direct"
"p-4","Tailwind built-in scale","components/screens/TrendsScreen","apps/web/src/app/components/screens/TrendsScreen.tsx","624","75","direct"
"w-1.5","Tailwind built-in scale","components/screens/TrendsScreen","apps/web/src/app/components/screens/TrendsScreen.tsx","632","26","direct"
"rounded-full","Tailwind built-in scale","components/screens/TrendsScreen","apps/web/src/app/components/screens/TrendsScreen.tsx","632","53","direct"
"min-w-0","Tailwind built-in scale","components/screens/TrendsScreen","apps/web/src/app/components/screens/TrendsScreen.tsx","635","29","direct"
"gap-4","Tailwind built-in scale","components/screens/TrendsScreen","apps/web/src/app/components/screens/TrendsScreen.tsx","669","66","direct"
"w-full","Tailwind built-in scale","components/screens/TrendsScreen","apps/web/src/app/components/screens/TrendsScreen.tsx","673","24","direct"
"min-w-0","Tailwind built-in scale","components/screens/TrendsScreen","apps/web/src/app/components/screens/TrendsScreen.tsx","682","30","direct"
"px-3","Tailwind built-in scale","components/screens/TrendsScreen","apps/web/src/app/components/screens/TrendsScreen.tsx","682","44","direct"
"md:px-4","Tailwind built-in scale","components/screens/TrendsScreen","apps/web/src/app/components/screens/TrendsScreen.tsx","682","62","direct"
"rounded-2","Tailwind built-in scale","components/screens/TrendsScreen","apps/web/src/app/components/screens/TrendsScreen.tsx","706","24","direct"
"p-4","Tailwind built-in scale","components/screens/TrendsScreen","apps/web/src/app/components/screens/TrendsScreen.tsx","706","42","direct"
"gap-3","Tailwind built-in scale","components/screens/TrendsScreen","apps/web/src/app/components/screens/TrendsScreen.tsx","714","56","direct"
"min-w-0","Tailwind built-in scale","components/screens/TrendsScreen","apps/web/src/app/components/screens/TrendsScreen.tsx","719","64","direct"
"rounded-xl","Tailwind built-in scale","components/screens/TrendsScreen","apps/web/src/app/components/screens/TrendsScreen.tsx","719","79","direct"
"min-w-0","Tailwind built-in scale","components/screens/TrendsScreen","apps/web/src/app/components/screens/TrendsScreen.tsx","746","72","direct"
"gap-1.5","Tailwind built-in scale","components/screens/TrendsScreen","apps/web/src/app/components/screens/TrendsScreen.tsx","746","131","direct"
"rounded-xl","Tailwind built-in scale","components/screens/TrendsScreen","apps/web/src/app/components/screens/TrendsScreen.tsx","746","139","direct"
"px-3","Tailwind built-in scale","components/screens/TrendsScreen","apps/web/src/app/components/screens/TrendsScreen.tsx","746","157","direct"
"py-2","Tailwind built-in scale","components/screens/TrendsScreen","apps/web/src/app/components/screens/TrendsScreen.tsx","746","162","direct"
"w-64","Tailwind built-in scale","components/screens/TrendsScreen","apps/web/src/app/components/screens/TrendsScreen.tsx","762","32","direct"
"p-0","Tailwind built-in scale","components/screens/TrendsScreen","apps/web/src/app/components/screens/TrendsScreen.tsx","762","36","direct"
"px-3","Tailwind built-in scale","components/screens/TrendsScreen","apps/web/src/app/components/screens/TrendsScreen.tsx","767","34","direct"
"py-2","Tailwind built-in scale","components/screens/TrendsScreen","apps/web/src/app/components/screens/TrendsScreen.tsx","767","38","direct"
"max-h-64","Tailwind built-in scale","components/screens/TrendsScreen","apps/web/src/app/components/screens/TrendsScreen.tsx","779","37","direct"
"py-1","Tailwind built-in scale","components/screens/TrendsScreen","apps/web/src/app/components/screens/TrendsScreen.tsx","779","61","direct"
"gap-3","Tailwind built-in scale","components/screens/TrendsScreen","apps/web/src/app/components/screens/TrendsScreen.tsx","787","58","direct"
"px-3","Tailwind built-in scale","components/screens/TrendsScreen","apps/web/src/app/components/screens/TrendsScreen.tsx","787","64","direct"
"py-2","Tailwind built-in scale","components/screens/TrendsScreen","apps/web/src/app/components/screens/TrendsScreen.tsx","787","69","direct"
"h-2.5","Tailwind built-in scale","components/screens/TrendsScreen","apps/web/src/app/components/screens/TrendsScreen.tsx","801","42","direct"
"w-2.5","Tailwind built-in scale","components/screens/TrendsScreen","apps/web/src/app/components/screens/TrendsScreen.tsx","801","47","direct"
"rounded-full","Tailwind built-in scale","components/screens/TrendsScreen","apps/web/src/app/components/screens/TrendsScreen.tsx","801","62","direct"
"min-w-0","Tailwind built-in scale","components/screens/TrendsScreen","apps/web/src/app/components/screens/TrendsScreen.tsx","809","42","direct"
"min-w-0","Tailwind built-in scale","components/screens/TrendsScreen","apps/web/src/app/components/screens/TrendsScreen.tsx","826","35","direct"
"w-full","Tailwind built-in scale","components/screens/TrendsScreen","apps/web/src/app/components/screens/TrendsScreen.tsx","826","43","direct"
"gap-2","Tailwind built-in scale","components/screens/TrendsScreen","apps/web/src/app/components/screens/TrendsScreen.tsx","826","89","direct"
"gap-2","Tailwind built-in scale","components/screens/TrendsScreen","apps/web/src/app/components/screens/TrendsScreen.tsx","828","71","direct"
"max-w-full","Tailwind built-in scale","components/screens/TrendsScreen","apps/web/src/app/components/screens/TrendsScreen.tsx","841","71","direct"
"gap-2","Tailwind built-in scale","components/screens/TrendsScreen","apps/web/src/app/components/screens/TrendsScreen.tsx","841","110","direct"
"rounded-lg","Tailwind built-in scale","components/screens/TrendsScreen","apps/web/src/app/components/screens/TrendsScreen.tsx","841","116","direct"
"px-3","Tailwind built-in scale","components/screens/TrendsScreen","apps/web/src/app/components/screens/TrendsScreen.tsx","841","127","direct"
"py-1","Tailwind built-in scale","components/screens/TrendsScreen","apps/web/src/app/components/screens/TrendsScreen.tsx","841","132","direct"
"mt-4","Tailwind built-in scale","components/screens/TrendsScreen","apps/web/src/app/components/screens/TrendsScreen.tsx","858","26","direct"
"gap-2","Tailwind built-in scale","components/screens/TrendsScreen","apps/web/src/app/components/screens/TrendsScreen.tsx","858","58","direct"
"pt-4","Tailwind built-in scale","components/screens/TrendsScreen","apps/web/src/app/components/screens/TrendsScreen.tsx","858","64","direct"
"space-y-2","Tailwind built-in scale","components/screens/TrendsScreen","apps/web/src/app/components/screens/TrendsScreen.tsx","874","27","direct"
"mb-3","Tailwind built-in scale","components/screens/TrendsScreen","apps/web/src/app/components/screens/TrendsScreen.tsx","875","27","direct"
"text-xs","Tailwind built-in scale","components/screens/TrendsScreen","apps/web/src/app/components/screens/TrendsScreen.tsx","875","31","direct"
"text-sm","Tailwind built-in scale","components/screens/TrendsScreen","apps/web/src/app/components/screens/TrendsScreen.tsx","881","43","direct"
"gap-3","Tailwind built-in scale","components/screens/TrendsScreen","apps/web/src/app/components/screens/TrendsScreen.tsx","888","55","direct"
"rounded-xl","Tailwind built-in scale","components/screens/TrendsScreen","apps/web/src/app/components/screens/TrendsScreen.tsx","888","61","direct"
"p-3","Tailwind built-in scale","components/screens/TrendsScreen","apps/web/src/app/components/screens/TrendsScreen.tsx","888","79","direct"
"text-sm","Tailwind built-in scale","components/screens/TrendsScreen","apps/web/src/app/components/screens/TrendsScreen.tsx","891","31","direct"
"text-sm","Tailwind built-in scale","components/screens/TrendsScreen","apps/web/src/app/components/screens/TrendsScreen.tsx","907","43","direct"
"p-4","Tailwind built-in scale","components/screens/TrendsScreen","apps/web/src/app/components/screens/TrendsScreen.tsx","915","37","direct"
"md:p-6","Tailwind built-in scale","components/screens/TrendsScreen","apps/web/src/app/components/screens/TrendsScreen.tsx","915","40","direct"
"min-w-0","Tailwind built-in scale","components/screens/TrendsScreen","apps/web/src/app/components/screens/TrendsScreen.tsx","916","35","direct"
"gap-3","Tailwind built-in scale","components/screens/TrendsScreen","apps/web/src/app/components/screens/TrendsScreen.tsx","916","52","direct"
"min-w-0","Tailwind built-in scale","components/screens/TrendsScreen","apps/web/src/app/components/screens/TrendsScreen.tsx","917","37","direct"
"gap-2","Tailwind built-in scale","components/screens/TrendsScreen","apps/web/src/app/components/screens/TrendsScreen.tsx","917","54","direct"
"min-w-0","Tailwind built-in scale","components/screens/TrendsScreen","apps/web/src/app/components/screens/TrendsScreen.tsx","918","39","direct"
"gap-2","Tailwind built-in scale","components/screens/TrendsScreen","apps/web/src/app/components/screens/TrendsScreen.tsx","918","85","direct"
"min-w-0","Tailwind built-in scale","components/screens/TrendsScreen","apps/web/src/app/components/screens/TrendsScreen.tsx","919","37","direct"
"max-w-full","Tailwind built-in scale","components/screens/TrendsScreen","apps/web/src/app/components/screens/TrendsScreen.tsx","948","34","direct"
"px-3","Tailwind built-in scale","components/screens/TrendsScreen","apps/web/src/app/components/screens/TrendsScreen.tsx","960","40","direct"
"m-0","Tailwind built-in scale","components/screens/TrendsScreen","apps/web/src/app/components/screens/TrendsScreen.tsx","978","32","direct"
"min-w-0","Tailwind built-in scale","components/screens/TrendsScreen","apps/web/src/app/components/screens/TrendsScreen.tsx","978","40","direct"
"w-full","Tailwind built-in scale","components/screens/TrendsScreen","apps/web/src/app/components/screens/TrendsScreen.tsx","978","48","direct"
"gap-x-2.5","Tailwind built-in scale","components/screens/TrendsScreen","apps/web/src/app/components/screens/TrendsScreen.tsx","978","94","direct"
"border-0","Tailwind built-in scale","components/screens/TrendsScreen","apps/web/src/app/components/screens/TrendsScreen.tsx","978","120","direct"
"p-0","Tailwind built-in scale","components/screens/TrendsScreen","apps/web/src/app/components/screens/TrendsScreen.tsx","978","129","direct"
"pr-1","Tailwind built-in scale","components/screens/TrendsScreen","apps/web/src/app/components/screens/TrendsScreen.tsx","978","133","direct"
"gap-1","Tailwind built-in scale","components/screens/TrendsScreen","apps/web/src/app/components/screens/TrendsScreen.tsx","997","110","direct"
"px-0.5","Tailwind built-in scale","components/screens/TrendsScreen","apps/web/src/app/components/screens/TrendsScreen.tsx","997","145","direct"
"md:min-h-4","Tailwind built-in scale","components/screens/TrendsScreen","apps/web/src/app/components/screens/TrendsScreen.tsx","997","384","direct"
"h-0.5","Tailwind built-in scale","components/screens/TrendsScreen","apps/web/src/app/components/screens/TrendsScreen.tsx","1013","38","direct"
"w-2.5","Tailwind built-in scale","components/screens/TrendsScreen","apps/web/src/app/components/screens/TrendsScreen.tsx","1013","43","direct"
"rounded-full","Tailwind built-in scale","components/screens/TrendsScreen","apps/web/src/app/components/screens/TrendsScreen.tsx","1013","49","direct"
"mt-3","Tailwind built-in scale","components/screens/TrendsScreen","apps/web/src/app/components/screens/TrendsScreen.tsx","1027","28","direct"
"w-full","Tailwind built-in scale","components/screens/TrendsScreen","apps/web/src/app/components/screens/TrendsScreen.tsx","1027","70","direct"
"pt-3","Tailwind built-in scale","components/screens/TrendsScreen","apps/web/src/app/components/screens/TrendsScreen.tsx","1027","86","direct"
"md:mt-4","Tailwind built-in scale","components/screens/TrendsScreen","apps/web/src/app/components/screens/TrendsScreen.tsx","1027","91","direct"
"md:pt-4","Tailwind built-in scale","components/screens/TrendsScreen","apps/web/src/app/components/screens/TrendsScreen.tsx","1027","140","direct"
"gap-2","Tailwind built-in scale","components/screens/TrendsScreen","apps/web/src/app/components/screens/TrendsScreen.tsx","1249","47","direct"
"md:gap-4","Tailwind built-in scale","components/screens/TrendsScreen","apps/web/src/app/components/screens/TrendsScreen.tsx","1249","53","direct"
"mt-2","Tailwind built-in scale","components/screens/TrendsScreen","apps/web/src/app/components/screens/TrendsScreen.tsx","1279","31","direct"
"gap-3","Tailwind built-in scale","components/screens/TrendsScreen","apps/web/src/app/components/screens/TrendsScreen.tsx","1279","79","direct"
"md:mt-6","Tailwind built-in scale","components/screens/TrendsScreen","apps/web/src/app/components/screens/TrendsScreen.tsx","1279","85","direct"
"gap-3","Tailwind built-in scale","components/screens/TrendsScreen","apps/web/src/app/components/screens/TrendsScreen.tsx","1280","67","direct"
"min-w-0","Tailwind built-in scale","components/screens/TrendsScreen","apps/web/src/app/components/screens/TrendsScreen.tsx","1281","43","direct"
"left-3","Tailwind built-in scale","components/screens/TrendsScreen","apps/web/src/app/components/screens/TrendsScreen.tsx","1284","42","direct"
"top-1","Tailwind built-in scale","components/screens/TrendsScreen","apps/web/src/app/components/screens/TrendsScreen.tsx","1284","49","direct"
"-translate-y-1","Tailwind built-in scale","components/screens/TrendsScreen","apps/web/src/app/components/screens/TrendsScreen.tsx","1284","57","direct"
"rounded-xl","Tailwind built-in scale","components/screens/TrendsScreen","apps/web/src/app/components/screens/TrendsScreen.tsx","1297","66","direct"
"pl-9","Tailwind built-in scale","components/screens/TrendsScreen","apps/web/src/app/components/screens/TrendsScreen.tsx","1297","77","direct"
"w-full","Tailwind built-in scale","components/screens/TrendsScreen","apps/web/src/app/components/screens/TrendsScreen.tsx","1315","36","direct"
"rounded-xl","Tailwind built-in scale","components/screens/TrendsScreen","apps/web/src/app/components/screens/TrendsScreen.tsx","1315","56","direct"
"mt-2","Tailwind built-in scale","components/screens/TrendsScreen","apps/web/src/app/components/screens/TrendsScreen.tsx","1349","33","direct"
"md:mt-4","Tailwind built-in scale","components/screens/TrendsScreen","apps/web/src/app/components/screens/TrendsScreen.tsx","1349","37","direct"
"space-y-4","Tailwind built-in scale","components/screens/TrendsScreen","apps/web/src/app/components/screens/TrendsScreen.tsx","1349","45","direct"
"gap-3","Tailwind built-in scale","components/screens/TrendsScreen","apps/web/src/app/components/screens/TrendsScreen.tsx","1352","48","direct"
"gap-3","Tailwind built-in scale","components/screens/TrendsScreen","apps/web/src/app/components/screens/TrendsScreen.tsx","1372","51","direct"
"p-4","Tailwind built-in scale","components/screens/TrendsScreen","apps/web/src/app/components/screens/TrendsScreen.tsx","1372","95","direct"
"gap-2","Tailwind built-in scale","components/screens/TrendsScreen","apps/web/src/app/components/screens/TrendsScreen.tsx","1379","75","direct"
"min-w-0","Tailwind built-in scale","components/screens/TrendsScreen","apps/web/src/app/components/screens/TrendsScreen.tsx","1380","45","direct"
"mt-1","Tailwind built-in scale","components/screens/TrendsScreen","apps/web/src/app/components/screens/TrendsScreen.tsx","1392","47","direct"
"gap-2","Tailwind built-in scale","components/screens/TrendsScreen","apps/web/src/app/components/screens/TrendsScreen.tsx","1392","79","direct"
"rounded-full","Tailwind built-in scale","components/screens/TrendsScreen","apps/web/src/app/components/screens/TrendsScreen.tsx","1394","46","direct"
"px-2","Tailwind built-in scale","components/screens/TrendsScreen","apps/web/src/app/components/screens/TrendsScreen.tsx","1394","58","direct"
"py-0.5","Tailwind built-in scale","components/screens/TrendsScreen","apps/web/src/app/components/screens/TrendsScreen.tsx","1394","63","direct"
"rounded-full","Tailwind built-in scale","components/screens/TrendsScreen","apps/web/src/app/components/screens/TrendsScreen.tsx","1418","50","direct"
"px-2.5","Tailwind built-in scale","components/screens/TrendsScreen","apps/web/src/app/components/screens/TrendsScreen.tsx","1418","63","direct"
"py-1","Tailwind built-in scale","components/screens/TrendsScreen","apps/web/src/app/components/screens/TrendsScreen.tsx","1418","70","direct"
"gap-2","Tailwind built-in scale","components/screens/TrendsScreen","apps/web/src/app/components/screens/TrendsScreen.tsx","1432","56","direct"
"p-2.5","Tailwind built-in scale","components/screens/TrendsScreen","apps/web/src/app/components/screens/TrendsScreen.tsx","1432","93","direct"
"py-12","Tailwind built-in scale","components/screens/TrendsScreen","apps/web/src/app/components/screens/TrendsScreen.tsx","1514","34","direct"
"border-none","Tailwind built-in scale","components/screens/TrendsScreen","apps/web/src/app/components/screens/TrendsScreen.tsx","1541","36","direct"
"px-4","Tailwind built-in scale","components/screens/TrendsScreen","apps/web/src/app/components/screens/TrendsScreen.tsx","1541","47","direct"
"py-3","Tailwind built-in scale","components/screens/TrendsScreen","apps/web/src/app/components/screens/TrendsScreen.tsx","1541","52","direct"
"mt-3","Tailwind built-in scale","components/screens/TrendsScreen","apps/web/src/app/components/screens/TrendsScreen.tsx","1559","30","direct"
"md:mt-6","Tailwind built-in scale","components/screens/TrendsScreen","apps/web/src/app/components/screens/TrendsScreen.tsx","1559","34","direct"
"top-0","Tailwind built-in scale","components/screens/TrendsScreen","apps/web/src/app/components/screens/TrendsScreen.tsx","1568","42","direct"
"rounded-full","Tailwind built-in scale","components/screens/TrendsScreen","apps/web/src/app/components/screens/TrendsScreen.tsx","1627","46","direct"
"px-2","Tailwind built-in scale","components/screens/TrendsScreen","apps/web/src/app/components/screens/TrendsScreen.tsx","1627","58","direct"
"py-0.5","Tailwind built-in scale","components/screens/TrendsScreen","apps/web/src/app/components/screens/TrendsScreen.tsx","1627","63","direct"
"rounded-full","Tailwind built-in scale","components/screens/TrendsScreen","apps/web/src/app/components/screens/TrendsScreen.tsx","1669","58","direct"
"px-2.5","Tailwind built-in scale","components/screens/TrendsScreen","apps/web/src/app/components/screens/TrendsScreen.tsx","1669","71","direct"
"py-0.5","Tailwind built-in scale","components/screens/TrendsScreen","apps/web/src/app/components/screens/TrendsScreen.tsx","1669","78","direct"
"py-8","Tailwind built-in scale","components/screens/TrendsScreen","apps/web/src/app/components/screens/TrendsScreen.tsx","1689","42","direct"
"border-b-0","Tailwind built-in scale","components/screens/TrendsScreen","apps/web/src/app/components/screens/TrendsScreen.tsx","1703","40","direct"
"px-4","Tailwind built-in scale","components/screens/TrendsScreen","apps/web/src/app/components/screens/TrendsScreen.tsx","1703","51","direct"
"py-2.5","Tailwind built-in scale","components/screens/TrendsScreen","apps/web/src/app/components/screens/TrendsScreen.tsx","1703","56","direct"
"min-w-0","Tailwind built-in scale","components/settings/FarmAccountPanel","apps/web/src/app/components/settings/FarmAccountPanel.tsx","58","24","direct"
"gap-3.5","Tailwind built-in scale","components/settings/FarmAccountPanel","apps/web/src/app/components/settings/FarmAccountPanel.tsx","58","45","direct"
"py-5","Tailwind built-in scale","components/settings/FarmAccountPanel","apps/web/src/app/components/settings/FarmAccountPanel.tsx","58","53","direct"
"rounded-full","Tailwind built-in scale","components/settings/FarmAccountPanel","apps/web/src/app/components/settings/FarmAccountPanel.tsx","62","63","direct"
"min-w-0","Tailwind built-in scale","components/settings/FarmAccountPanel","apps/web/src/app/components/settings/FarmAccountPanel.tsx","74","25","direct"
"max-w-full","Tailwind built-in scale","components/settings/FarmAccountPanel","apps/web/src/app/components/settings/FarmAccountPanel.tsx","76","24","direct"
"max-w-full","Tailwind built-in scale","components/settings/FarmAccountPanel","apps/web/src/app/components/settings/FarmAccountPanel.tsx","88","24","direct"
"pt-6","Tailwind built-in scale","components/settings/FarmAccountPanel","apps/web/src/app/components/settings/FarmAccountPanel.tsx","100","23","direct"
"mt-3","Tailwind built-in scale","components/settings/FarmAccountPanel","apps/web/src/app/components/settings/FarmAccountPanel.tsx","102","25","direct"
"gap-4","Tailwind built-in scale","components/settings/FarmAccountPanel","apps/web/src/app/components/settings/FarmAccountPanel.tsx","102","46","direct"
"pt-7","Tailwind built-in scale","components/settings/FarmAccountPanel","apps/web/src/app/components/settings/FarmAccountPanel.tsx","173","23","direct"
"mt-3","Tailwind built-in scale","components/settings/FarmAccountPanel","apps/web/src/app/components/settings/FarmAccountPanel.tsx","175","25","direct"
"gap-4","Tailwind built-in scale","components/settings/FarmAccountPanel","apps/web/src/app/components/settings/FarmAccountPanel.tsx","175","46","direct"
"mt-5","Tailwind built-in scale","components/settings/HardwarePanel","apps/web/src/app/components/settings/HardwarePanel.tsx","50","20","direct"
"w-full","Tailwind built-in scale","components/settings/HardwarePanel","apps/web/src/app/components/settings/HardwarePanel.tsx","50","24","direct"
"pt-5","Tailwind built-in scale","components/settings/HardwarePanel","apps/web/src/app/components/settings/HardwarePanel.tsx","84","22","direct"
"mb-3","Tailwind built-in scale","components/settings/HardwarePanel","apps/web/src/app/components/settings/HardwarePanel.tsx","86","27","direct"
"gap-2","Tailwind built-in scale","components/settings/HardwarePanel","apps/web/src/app/components/settings/HardwarePanel.tsx","86","75","direct"
"gap-2","Tailwind built-in scale","components/settings/HardwarePanel","apps/web/src/app/components/settings/HardwarePanel.tsx","100","43","direct"
"min-w-0","Tailwind built-in scale","components/settings/HardwarePanel","apps/web/src/app/components/settings/HardwarePanel.tsx","107","34","direct"
"gap-3","Tailwind built-in scale","components/settings/HardwarePanel","apps/web/src/app/components/settings/HardwarePanel.tsx","107","55","direct"
"p-2","Tailwind built-in scale","components/settings/HardwarePanel","apps/web/src/app/components/settings/HardwarePanel.tsx","107","93","direct"
"rounded-xl","Tailwind built-in scale","components/settings/HardwarePanel","apps/web/src/app/components/settings/HardwarePanel.tsx","113","73","direct"
"min-w-0","Tailwind built-in scale","components/settings/HardwarePanel","apps/web/src/app/components/settings/HardwarePanel.tsx","129","35","direct"
"gap-1.5","Tailwind built-in scale","components/settings/HardwarePanel","apps/web/src/app/components/settings/HardwarePanel.tsx","148","60","direct"
"rounded-full","Tailwind built-in scale","components/settings/HardwarePanel","apps/web/src/app/components/settings/HardwarePanel.tsx","161","40","direct"
"px-2.5","Tailwind built-in scale","components/settings/HardwarePanel","apps/web/src/app/components/settings/HardwarePanel.tsx","161","53","direct"
"py-0.5","Tailwind built-in scale","components/settings/HardwarePanel","apps/web/src/app/components/settings/HardwarePanel.tsx","161","60","direct"
"px-5","Tailwind built-in scale","components/settings/HardwarePanel","apps/web/src/app/components/settings/HardwarePanel.tsx","182","58","direct"
"py-10","Tailwind built-in scale","components/settings/HardwarePanel","apps/web/src/app/components/settings/HardwarePanel.tsx","182","63","direct"
"gap-4","Tailwind built-in scale","components/settings/HardwarePanel","apps/web/src/app/components/settings/HardwarePanel.tsx","208","38","direct"
"pt-5","Tailwind built-in scale","components/settings/HardwarePanel","apps/web/src/app/components/settings/HardwarePanel.tsx","208","44","direct"
"text-sm","Tailwind built-in scale","components/settings/HardwarePanel","apps/web/src/app/components/settings/HardwarePanel.tsx","212","24","direct"
"p-4","Tailwind built-in scale","components/settings/HardwarePanel","apps/web/src/app/components/settings/HardwarePanel.tsx","220","54","direct"
"mt-1","Tailwind built-in scale","components/settings/HardwarePanel","apps/web/src/app/components/settings/HardwarePanel.tsx","226","29","direct"
"w-full","Tailwind built-in scale","components/settings/HardwarePanel","apps/web/src/app/components/settings/HardwarePanel.tsx","236","48","direct"
"gap-1.5","Tailwind built-in scale","components/settings/HardwarePanel","apps/web/src/app/components/settings/HardwarePanel.tsx","255","56","direct"
"rounded-lg","Tailwind built-in scale","components/settings/HardwarePanel","apps/web/src/app/components/settings/HardwarePanel.tsx","255","64","direct"
"px-2.5","Tailwind built-in scale","components/settings/HardwarePanel","apps/web/src/app/components/settings/HardwarePanel.tsx","255","75","direct"
"py-1","Tailwind built-in scale","components/settings/HardwarePanel","apps/web/src/app/components/settings/HardwarePanel.tsx","255","82","direct"
"text-xs","Tailwind built-in scale","components/settings/HardwarePanel","apps/web/src/app/components/settings/HardwarePanel.tsx","255","87","direct"
"p-4","Tailwind built-in scale","components/settings/HardwarePanel","apps/web/src/app/components/settings/HardwarePanel.tsx","284","54","direct"
"mt-2.5","Tailwind built-in scale","components/settings/HardwarePanel","apps/web/src/app/components/settings/HardwarePanel.tsx","291","26","direct"
"gap-2.5","Tailwind built-in scale","components/settings/HardwarePanel","apps/web/src/app/components/settings/HardwarePanel.tsx","291","49","direct"
"rounded-xl","Tailwind built-in scale","components/settings/HardwarePanel","apps/web/src/app/components/settings/HardwarePanel.tsx","291","57","direct"
"p-3","Tailwind built-in scale","components/settings/HardwarePanel","apps/web/src/app/components/settings/HardwarePanel.tsx","291","68","direct"
"mt-0.5","Tailwind built-in scale","components/settings/HardwarePanel","apps/web/src/app/components/settings/HardwarePanel.tsx","299","28","direct"
"mt-2","Tailwind built-in scale","components/settings/HardwarePanel","apps/web/src/app/components/settings/HardwarePanel.tsx","314","29","direct"
"w-full","Tailwind built-in scale","components/settings/HardwarePanel","apps/web/src/app/components/settings/HardwarePanel.tsx","322","39","direct"
"gap-2","Tailwind built-in scale","components/settings/HardwarePanel","apps/web/src/app/components/settings/HardwarePanel.tsx","322","69","direct"
"rounded-xl","Tailwind built-in scale","components/settings/HardwarePanel","apps/web/src/app/components/settings/HardwarePanel.tsx","324","51","direct"
"h-10","Tailwind built-in scale","components/settings/HardwarePanel","apps/web/src/app/components/settings/HardwarePanel.tsx","334","40","direct"
"w-9","Tailwind built-in scale","components/settings/HardwarePanel","apps/web/src/app/components/settings/HardwarePanel.tsx","334","45","direct"
"h-10","Tailwind built-in scale","components/settings/HardwarePanel","apps/web/src/app/components/settings/HardwarePanel.tsx","347","36","direct"
"w-16","Tailwind built-in scale","components/settings/HardwarePanel","apps/web/src/app/components/settings/HardwarePanel.tsx","347","40","direct"
"border-0","Tailwind built-in scale","components/settings/HardwarePanel","apps/web/src/app/components/settings/HardwarePanel.tsx","347","45","direct"
"px-1","Tailwind built-in scale","components/settings/HardwarePanel","apps/web/src/app/components/settings/HardwarePanel.tsx","347","69","direct"
"pr-2","Tailwind built-in scale","components/settings/HardwarePanel","apps/web/src/app/components/settings/HardwarePanel.tsx","354","36","direct"
"text-xs","Tailwind built-in scale","components/settings/HardwarePanel","apps/web/src/app/components/settings/HardwarePanel.tsx","354","40","direct"
"h-10","Tailwind built-in scale","components/settings/HardwarePanel","apps/web/src/app/components/settings/HardwarePanel.tsx","364","40","direct"
"w-9","Tailwind built-in scale","components/settings/HardwarePanel","apps/web/src/app/components/settings/HardwarePanel.tsx","364","45","direct"
"min-h-10","Tailwind built-in scale","components/settings/HardwarePanel","apps/web/src/app/components/settings/HardwarePanel.tsx","373","34","direct"
"min-w-16","Tailwind built-in scale","components/settings/HardwarePanel","apps/web/src/app/components/settings/HardwarePanel.tsx","373","42","direct"
"rounded-xl","Tailwind built-in scale","components/settings/HardwarePanel","apps/web/src/app/components/settings/HardwarePanel.tsx","373","70","direct"
"px-3","Tailwind built-in scale","components/settings/HardwarePanel","apps/web/src/app/components/settings/HardwarePanel.tsx","373","81","direct"
"py-1.5","Tailwind built-in scale","components/settings/HardwarePanel","apps/web/src/app/components/settings/HardwarePanel.tsx","373","86","direct"
"p-4","Tailwind built-in scale","components/settings/HardwarePanel","apps/web/src/app/components/settings/HardwarePanel.tsx","392","54","direct"
"mt-1","Tailwind built-in scale","components/settings/HardwarePanel","apps/web/src/app/components/settings/HardwarePanel.tsx","398","29","direct"
"gap-2","Tailwind built-in scale","components/settings/ModeLibraryPanel","apps/web/src/app/components/settings/ModeLibraryPanel.tsx","420","40","direct"
"md:gap-1.5","Tailwind built-in scale","components/settings/ModeLibraryPanel","apps/web/src/app/components/settings/ModeLibraryPanel.tsx","420","46","direct"
"mt-1.5","Tailwind built-in scale","components/settings/ModeLibraryPanel","apps/web/src/app/components/settings/ModeLibraryPanel.tsx","492","21","direct"
"rounded-full","Tailwind built-in scale","components/settings/ModeLibraryPanel","apps/web/src/app/components/settings/ModeLibraryPanel.tsx","501","28","direct"
"px-2","Tailwind built-in scale","components/settings/ModeLibraryPanel","apps/web/src/app/components/settings/ModeLibraryPanel.tsx","501","41","direct"
"py-0.5","Tailwind built-in scale","components/settings/ModeLibraryPanel","apps/web/src/app/components/settings/ModeLibraryPanel.tsx","501","46","direct"
"rounded-full","Tailwind built-in scale","components/settings/ModeLibraryPanel","apps/web/src/app/components/settings/ModeLibraryPanel.tsx","516","28","direct"
"px-2","Tailwind built-in scale","components/settings/ModeLibraryPanel","apps/web/src/app/components/settings/ModeLibraryPanel.tsx","516","41","direct"
"py-0.5","Tailwind built-in scale","components/settings/ModeLibraryPanel","apps/web/src/app/components/settings/ModeLibraryPanel.tsx","516","46","direct"
"gap-2.5","Tailwind built-in scale","components/settings/ModeLibraryPanel","apps/web/src/app/components/settings/ModeLibraryPanel.tsx","540","36","direct"
"py-4","Tailwind built-in scale","components/settings/ModeLibraryPanel","apps/web/src/app/components/settings/ModeLibraryPanel.tsx","540","44","direct"
"min-w-0","Tailwind built-in scale","components/settings/ModeLibraryPanel","apps/web/src/app/components/settings/ModeLibraryPanel.tsx","541","33","direct"
"w-full","Tailwind built-in scale","components/settings/ModeLibraryPanel","apps/web/src/app/components/settings/ModeLibraryPanel.tsx","541","41","direct"
"left-3","Tailwind built-in scale","components/settings/ModeLibraryPanel","apps/web/src/app/components/settings/ModeLibraryPanel.tsx","544","32","direct"
"top-1","Tailwind built-in scale","components/settings/ModeLibraryPanel","apps/web/src/app/components/settings/ModeLibraryPanel.tsx","544","39","direct"
"-translate-y-1","Tailwind built-in scale","components/settings/ModeLibraryPanel","apps/web/src/app/components/settings/ModeLibraryPanel.tsx","544","47","direct"
"w-full","Tailwind built-in scale","components/settings/ModeLibraryPanel","apps/web/src/app/components/settings/ModeLibraryPanel.tsx","553","56","direct"
"rounded-xl","Tailwind built-in scale","components/settings/ModeLibraryPanel","apps/web/src/app/components/settings/ModeLibraryPanel.tsx","553","63","direct"
"pl-9","Tailwind built-in scale","components/settings/ModeLibraryPanel","apps/web/src/app/components/settings/ModeLibraryPanel.tsx","553","74","direct"
"gap-2","Tailwind built-in scale","components/settings/ModeLibraryPanel","apps/web/src/app/components/settings/ModeLibraryPanel.tsx","571","52","direct"
"rounded-xl","Tailwind built-in scale","components/settings/ModeLibraryPanel","apps/web/src/app/components/settings/ModeLibraryPanel.tsx","574","56","direct"
"px-3","Tailwind built-in scale","components/settings/ModeLibraryPanel","apps/web/src/app/components/settings/ModeLibraryPanel.tsx","574","67","direct"
"rounded-xl","Tailwind built-in scale","components/settings/ModeLibraryPanel","apps/web/src/app/components/settings/ModeLibraryPanel.tsx","582","56","direct"
"px-3","Tailwind built-in scale","components/settings/ModeLibraryPanel","apps/web/src/app/components/settings/ModeLibraryPanel.tsx","582","67","direct"
"rounded-xl","Tailwind built-in scale","components/settings/ModeLibraryPanel","apps/web/src/app/components/settings/ModeLibraryPanel.tsx","589","56","direct"
"px-3.5","Tailwind built-in scale","components/settings/ModeLibraryPanel","apps/web/src/app/components/settings/ModeLibraryPanel.tsx","589","67","direct"
"px-5","Tailwind built-in scale","components/settings/ModeLibraryPanel","apps/web/src/app/components/settings/ModeLibraryPanel.tsx","607","52","direct"
"py-12","Tailwind built-in scale","components/settings/ModeLibraryPanel","apps/web/src/app/components/settings/ModeLibraryPanel.tsx","607","57","direct"
"mt-1","Tailwind built-in scale","components/settings/ModeLibraryPanel","apps/web/src/app/components/settings/ModeLibraryPanel.tsx","625","24","direct"
"gap-3","Tailwind built-in scale","components/settings/ModeLibraryPanel","apps/web/src/app/components/settings/ModeLibraryPanel.tsx","638","41","direct"
"p-4","Tailwind built-in scale","components/settings/ModeLibraryPanel","apps/web/src/app/components/settings/ModeLibraryPanel.tsx","644","58","direct"
"gap-2","Tailwind built-in scale","components/settings/ModeLibraryPanel","apps/web/src/app/components/settings/ModeLibraryPanel.tsx","649","66","direct"
"min-w-0","Tailwind built-in scale","components/settings/ModeLibraryPanel","apps/web/src/app/components/settings/ModeLibraryPanel.tsx","652","32","direct"
"mt-3","Tailwind built-in scale","components/settings/ModeLibraryPanel","apps/web/src/app/components/settings/ModeLibraryPanel.tsx","666","30","direct"
"space-y-2","Tailwind built-in scale","components/settings/ModeLibraryPanel","apps/web/src/app/components/settings/ModeLibraryPanel.tsx","666","34","direct"
"gap-1.5","Tailwind built-in scale","components/settings/ModeLibraryPanel","apps/web/src/app/components/settings/ModeLibraryPanel.tsx","677","51","direct"
"gap-1.5","Tailwind built-in scale","components/settings/ModeLibraryPanel","apps/web/src/app/components/settings/ModeLibraryPanel.tsx","686","51","direct"
"gap-1.5","Tailwind built-in scale","components/settings/ModeLibraryPanel","apps/web/src/app/components/settings/ModeLibraryPanel.tsx","695","51","direct"
"gap-1.5","Tailwind built-in scale","components/settings/ModeLibraryPanel","apps/web/src/app/components/settings/ModeLibraryPanel.tsx","704","51","direct"
"mt-2","Tailwind built-in scale","components/settings/ModeLibraryPanel","apps/web/src/app/components/settings/ModeLibraryPanel.tsx","713","30","direct"
"mt-4","Tailwind built-in scale","components/settings/ModeLibraryPanel","apps/web/src/app/components/settings/ModeLibraryPanel.tsx","724","33","direct"
"gap-2","Tailwind built-in scale","components/settings/ModeLibraryPanel","apps/web/src/app/components/settings/ModeLibraryPanel.tsx","782","56","direct"
"rounded-2","Tailwind built-in scale","components/settings/ModeLibraryPanel","apps/web/src/app/components/settings/ModeLibraryPanel.tsx","858","35","direct"
"md:max-w-sm","Tailwind built-in scale","components/settings/ModeLibraryPanel","apps/web/src/app/components/settings/ModeLibraryPanel.tsx","858","46","direct"
"rounded-xl","Tailwind built-in scale","components/settings/ModeLibraryPanel","apps/web/src/app/components/settings/ModeLibraryPanel.tsx","878","26","direct"
"rounded-xl","Tailwind built-in scale","components/settings/ModeLibraryPanel","apps/web/src/app/components/settings/ModeLibraryPanel.tsx","885","26","direct"
"rounded-2","Tailwind built-in scale","components/settings/ModeLibraryPanel","apps/web/src/app/components/settings/ModeLibraryPanel.tsx","899","35","direct"
"space-y-3","Tailwind built-in scale","components/settings/ModeLibraryPanel","apps/web/src/app/components/settings/ModeLibraryPanel.tsx","915","27","direct"
"py-2","Tailwind built-in scale","components/settings/ModeLibraryPanel","apps/web/src/app/components/settings/ModeLibraryPanel.tsx","915","36","direct"
"mt-1.5","Tailwind built-in scale","components/settings/ModeLibraryPanel","apps/web/src/app/components/settings/ModeLibraryPanel.tsx","923","29","direct"
"gap-2","Tailwind built-in scale","components/settings/ModeLibraryPanel","apps/web/src/app/components/settings/ModeLibraryPanel.tsx","927","45","direct"
"rounded-xl","Tailwind built-in scale","components/settings/ModeLibraryPanel","apps/web/src/app/components/settings/ModeLibraryPanel.tsx","969","26","direct"
"rounded-xl","Tailwind built-in scale","components/settings/ModeLibraryPanel","apps/web/src/app/components/settings/ModeLibraryPanel.tsx","976","26","direct"
"rounded-2","Tailwind built-in scale","components/settings/ModeLibraryPanel","apps/web/src/app/components/settings/ModeLibraryPanel.tsx","990","35","direct"
"md:max-w-lg","Tailwind built-in scale","components/settings/ModeLibraryPanel","apps/web/src/app/components/settings/ModeLibraryPanel.tsx","990","46","direct"
"space-y-3","Tailwind built-in scale","components/settings/ModeLibraryPanel","apps/web/src/app/components/settings/ModeLibraryPanel.tsx","1007","27","direct"
"py-2","Tailwind built-in scale","components/settings/ModeLibraryPanel","apps/web/src/app/components/settings/ModeLibraryPanel.tsx","1007","36","direct"
"p-3","Tailwind built-in scale","components/settings/ModeLibraryPanel","apps/web/src/app/components/settings/ModeLibraryPanel.tsx","1026","58","direct"
"mt-2","Tailwind built-in scale","components/settings/ModeLibraryPanel","apps/web/src/app/components/settings/ModeLibraryPanel.tsx","1040","33","direct"
"gap-2","Tailwind built-in scale","components/settings/ModeLibraryPanel","apps/web/src/app/components/settings/ModeLibraryPanel.tsx","1040","52","direct"
"rounded-full","Tailwind built-in scale","components/settings/ModeLibraryPanel","apps/web/src/app/components/settings/ModeLibraryPanel.tsx","1054","88","direct"
"px-3","Tailwind built-in scale","components/settings/ModeLibraryPanel","apps/web/src/app/components/settings/ModeLibraryPanel.tsx","1054","101","direct"
"py-1.5","Tailwind built-in scale","components/settings/ModeLibraryPanel","apps/web/src/app/components/settings/ModeLibraryPanel.tsx","1054","106","direct"
"md:min-h-8","Tailwind built-in scale","components/settings/ModeLibraryPanel","apps/web/src/app/components/settings/ModeLibraryPanel.tsx","1054","260","direct"
"rounded-xl","Tailwind built-in scale","components/settings/ModeLibraryPanel","apps/web/src/app/components/settings/ModeLibraryPanel.tsx","1082","26","direct"
"rounded-xl","Tailwind built-in scale","components/settings/ModeLibraryPanel","apps/web/src/app/components/settings/ModeLibraryPanel.tsx","1089","26","direct"
"mt-5","Tailwind built-in scale","components/settings/NotificationsPanel","apps/web/src/app/components/settings/NotificationsPanel.tsx","187","20","direct"
"w-full","Tailwind built-in scale","components/settings/NotificationsPanel","apps/web/src/app/components/settings/NotificationsPanel.tsx","187","24","direct"
"pt-5","Tailwind built-in scale","components/settings/NotificationsPanel","apps/web/src/app/components/settings/NotificationsPanel.tsx","221","22","direct"
"gap-4","Tailwind built-in scale","components/settings/NotificationsPanel","apps/web/src/app/components/settings/NotificationsPanel.tsx","223","43","direct"
"p-4","Tailwind built-in scale","components/settings/NotificationsPanel","apps/web/src/app/components/settings/NotificationsPanel.tsx","225","56","direct"
"gap-4","Tailwind built-in scale","components/settings/NotificationsPanel","apps/web/src/app/components/settings/NotificationsPanel.tsx","229","63","direct"
"min-w-0","Tailwind built-in scale","components/settings/NotificationsPanel","apps/web/src/app/components/settings/NotificationsPanel.tsx","230","33","direct"
"mt-1","Tailwind built-in scale","components/settings/NotificationsPanel","apps/web/src/app/components/settings/NotificationsPanel.tsx","242","32","direct"
"mt-5","Tailwind built-in scale","components/settings/NotificationsPanel","apps/web/src/app/components/settings/NotificationsPanel.tsx","256","31","direct"
"mt-1.5","Tailwind built-in scale","components/settings/NotificationsPanel","apps/web/src/app/components/settings/NotificationsPanel.tsx","277","34","direct"
"p-4","Tailwind built-in scale","components/settings/NotificationsPanel","apps/web/src/app/components/settings/NotificationsPanel.tsx","292","56","direct"
"gap-4","Tailwind built-in scale","components/settings/NotificationsPanel","apps/web/src/app/components/settings/NotificationsPanel.tsx","296","63","direct"
"min-w-0","Tailwind built-in scale","components/settings/NotificationsPanel","apps/web/src/app/components/settings/NotificationsPanel.tsx","297","33","direct"
"mt-1","Tailwind built-in scale","components/settings/NotificationsPanel","apps/web/src/app/components/settings/NotificationsPanel.tsx","309","32","direct"
"mt-5","Tailwind built-in scale","components/settings/NotificationsPanel","apps/web/src/app/components/settings/NotificationsPanel.tsx","323","31","direct"
"mt-1.5","Tailwind built-in scale","components/settings/NotificationsPanel","apps/web/src/app/components/settings/NotificationsPanel.tsx","344","34","direct"
"pt-4","Tailwind built-in scale","components/settings/NotificationsPanel","apps/web/src/app/components/settings/NotificationsPanel.tsx","360","24","direct"
"pt-5","Tailwind built-in scale","components/settings/NotificationsPanel","apps/web/src/app/components/settings/NotificationsPanel.tsx","371","22","direct"
"mb-4","Tailwind built-in scale","components/settings/NotificationsPanel","apps/web/src/app/components/settings/NotificationsPanel.tsx","373","25","direct"
"text-sm","Tailwind built-in scale","components/settings/NotificationsPanel","apps/web/src/app/components/settings/NotificationsPanel.tsx","373","29","direct"
"gap-4","Tailwind built-in scale","components/settings/NotificationsPanel","apps/web/src/app/components/settings/NotificationsPanel.tsx","378","43","direct"
"p-4","Tailwind built-in scale","components/settings/NotificationsPanel","apps/web/src/app/components/settings/NotificationsPanel.tsx","383","59","direct"
"mt-1","Tailwind built-in scale","components/settings/NotificationsPanel","apps/web/src/app/components/settings/NotificationsPanel.tsx","391","33","direct"
"pt-4","Tailwind built-in scale","components/settings/NotificationsPanel","apps/web/src/app/components/settings/NotificationsPanel.tsx","418","24","direct"
"pb-5","Tailwind built-in scale","components/settings/tokens","apps/web/src/app/components/settings/tokens.tsx","56","18","direct"
"mt-1","Tailwind built-in scale","components/settings/tokens","apps/web/src/app/components/settings/tokens.tsx","62","50","direct"
"py-3.5","Tailwind built-in scale","components/settings/tokens","apps/web/src/app/components/settings/tokens.tsx","95","10","direct"
"gap-2.5","Tailwind built-in scale","components/settings/tokens","apps/web/src/app/components/settings/tokens.tsx","97","27","direct"
"sm:gap-6","Tailwind built-in scale","components/settings/tokens","apps/web/src/app/components/settings/tokens.tsx","97","82","direct"
"gap-4","Tailwind built-in scale","components/settings/tokens","apps/web/src/app/components/settings/tokens.tsx","98","47","direct"
"min-w-0","Tailwind built-in scale","components/settings/tokens","apps/web/src/app/components/settings/tokens.tsx","109","24","direct"
"mt-0.5","Tailwind built-in scale","components/settings/tokens","apps/web/src/app/components/settings/tokens.tsx","123","24","direct"
"w-full","Tailwind built-in scale","components/settings/tokens","apps/web/src/app/components/settings/tokens.tsx","137","24","direct"
"mt-1.5","Tailwind built-in scale","components/settings/tokens","apps/web/src/app/components/settings/tokens.tsx","167","23","direct"
"mt-1.5","Tailwind built-in scale","components/settings/tokens","apps/web/src/app/components/settings/tokens.tsx","170","22","direct"
"inset-0","Tailwind built-in scale","components/ui/alert-dialog","apps/web/src/app/components/ui/alert-dialog.tsx","38","133","direct"
"w-full","Tailwind built-in scale","components/ui/alert-dialog","apps/web/src/app/components/ui/alert-dialog.tsx","57","269","direct"
"min-w-0","Tailwind built-in scale","components/ui/alert-dialog","apps/web/src/app/components/ui/alert-dialog.tsx","57","300","direct"
"gap-4","Tailwind built-in scale","components/ui/alert-dialog","apps/web/src/app/components/ui/alert-dialog.tsx","57","346","direct"
"rounded-lg","Tailwind built-in scale","components/ui/alert-dialog","apps/web/src/app/components/ui/alert-dialog.tsx","57","387","direct"
"p-5","Tailwind built-in scale","components/ui/alert-dialog","apps/web/src/app/components/ui/alert-dialog.tsx","57","405","direct"
"md:max-w-lg","Tailwind built-in scale","components/ui/alert-dialog","apps/web/src/app/components/ui/alert-dialog.tsx","57","432","direct"
"md:p-6","Tailwind built-in scale","components/ui/alert-dialog","apps/web/src/app/components/ui/alert-dialog.tsx","57","444","direct"
"gap-2","Tailwind built-in scale","components/ui/alert-dialog","apps/web/src/app/components/ui/alert-dialog.tsx","73","35","direct"
"gap-2","Tailwind built-in scale","components/ui/alert-dialog","apps/web/src/app/components/ui/alert-dialog.tsx","87","31","direct"
"text-sm","Tailwind built-in scale","components/ui/alert-dialog","apps/web/src/app/components/ui/alert-dialog.tsx","115","43","direct"
"gap-2","Tailwind built-in scale","components/ui/button","apps/web/src/app/components/ui/button.tsx","8","43","direct"
"text-sm","Tailwind built-in scale","components/ui/button","apps/web/src/app/components/ui/button.tsx","8","78","direct"
"[&_svg:not([class*='size-'])]:size-4","Tailwind built-in scale","components/ui/button","apps/web/src/app/components/ui/button.tsx","8","233","direct"
"rounded-lg","Tailwind built-in scale","components/ui/button","apps/web/src/app/components/ui/button.tsx","25","45","direct"
"gap-1","Tailwind built-in scale","components/ui/button","apps/web/src/app/components/ui/button.tsx","25","56","direct"
"px-2.5","Tailwind built-in scale","components/ui/button","apps/web/src/app/components/ui/button.tsx","25","62","direct"
"text-sm","Tailwind built-in scale","components/ui/button","apps/web/src/app/components/ui/button.tsx","25","69","direct"
"has-[>svg]:px-2","Tailwind built-in scale","components/ui/button","apps/web/src/app/components/ui/button.tsx","25","77","direct"
"md:h-7","Tailwind built-in scale","components/ui/button","apps/web/src/app/components/ui/button.tsx","25","93","direct"
"md:text-xs","Tailwind built-in scale","components/ui/button","apps/web/src/app/components/ui/button.tsx","25","100","direct"
"px-4","Tailwind built-in scale","components/ui/button","apps/web/src/app/components/ui/button.tsx","26","52","direct"
"py-2","Tailwind built-in scale","components/ui/button","apps/web/src/app/components/ui/button.tsx","26","57","direct"
"has-[>svg]:px-3","Tailwind built-in scale","components/ui/button","apps/web/src/app/components/ui/button.tsx","26","62","direct"
"gap-1.5","Tailwind built-in scale","components/ui/button","apps/web/src/app/components/ui/button.tsx","27","58","direct"
"px-3","Tailwind built-in scale","components/ui/button","apps/web/src/app/components/ui/button.tsx","27","66","direct"
"has-[>svg]:px-2.5","Tailwind built-in scale","components/ui/button","apps/web/src/app/components/ui/button.tsx","27","71","direct"
"px-6","Tailwind built-in scale","components/ui/button","apps/web/src/app/components/ui/button.tsx","28","58","direct"
"has-[>svg]:px-4","Tailwind built-in scale","components/ui/button","apps/web/src/app/components/ui/button.tsx","28","63","direct"
"rounded-xl","Tailwind built-in scale","components/ui/button","apps/web/src/app/components/ui/button.tsx","30","45","direct"
"px-4","Tailwind built-in scale","components/ui/button","apps/web/src/app/components/ui/button.tsx","30","56","direct"
"has-[>svg]:px-3","Tailwind built-in scale","components/ui/button","apps/web/src/app/components/ui/button.tsx","30","61","direct"
"gap-6","Tailwind built-in scale","components/ui/card","apps/web/src/app/components/ui/card.tsx","10","52","direct"
"rounded-xl","Tailwind built-in scale","components/ui/card","apps/web/src/app/components/ui/card.tsx","10","58","direct"
"gap-1.5","Tailwind built-in scale","components/ui/card","apps/web/src/app/components/ui/card.tsx","23","85","direct"
"px-6","Tailwind built-in scale","components/ui/card","apps/web/src/app/components/ui/card.tsx","23","93","direct"
"pt-6","Tailwind built-in scale","components/ui/card","apps/web/src/app/components/ui/card.tsx","23","98","direct"
"[.border-b]:pb-6","Tailwind built-in scale","components/ui/card","apps/web/src/app/components/ui/card.tsx","23","152","direct"
"leading-none","Tailwind built-in scale","components/ui/card","apps/web/src/app/components/ui/card.tsx","35","22","direct"
"px-6","Tailwind built-in scale","components/ui/card","apps/web/src/app/components/ui/card.tsx","68","22","direct"
"[&:last-child]:pb-6","Tailwind built-in scale","components/ui/card","apps/web/src/app/components/ui/card.tsx","68","26","direct"
"px-6","Tailwind built-in scale","components/ui/card","apps/web/src/app/components/ui/card.tsx","78","39","direct"
"pb-6","Tailwind built-in scale","components/ui/card","apps/web/src/app/components/ui/card.tsx","78","44","direct"
"[.border-t]:pt-6","Tailwind built-in scale","components/ui/card","apps/web/src/app/components/ui/card.tsx","78","49","direct"
"size-11","Tailwind built-in scale","components/ui/checkbox","apps/web/src/app/components/ui/checkbox.tsx","17","28","direct"
"border-0","Tailwind built-in scale","components/ui/checkbox","apps/web/src/app/components/ui/checkbox.tsx","17","102","direct"
"p-0","Tailwind built-in scale","components/ui/checkbox","apps/web/src/app/components/ui/checkbox.tsx","17","126","direct"
"before:size-4","Tailwind built-in scale","components/ui/checkbox","apps/web/src/app/components/ui/checkbox.tsx","17","240","direct"
"md:size-4","Tailwind built-in scale","components/ui/checkbox","apps/web/src/app/components/ui/checkbox.tsx","17","816","direct"
"size-3.5","Tailwind built-in scale","components/ui/checkbox","apps/web/src/app/components/ui/checkbox.tsx","26","31","direct"
"inset-0","Tailwind built-in scale","components/ui/dialog","apps/web/src/app/components/ui/dialog.tsx","41","133","direct"
"w-full","Tailwind built-in scale","components/ui/dialog","apps/web/src/app/components/ui/dialog.tsx","78","269","direct"
"min-w-0","Tailwind built-in scale","components/ui/dialog","apps/web/src/app/components/ui/dialog.tsx","78","300","direct"
"gap-4","Tailwind built-in scale","components/ui/dialog","apps/web/src/app/components/ui/dialog.tsx","78","346","direct"
"rounded-lg","Tailwind built-in scale","components/ui/dialog","apps/web/src/app/components/ui/dialog.tsx","78","387","direct"
"p-5","Tailwind built-in scale","components/ui/dialog","apps/web/src/app/components/ui/dialog.tsx","78","405","direct"
"md:p-6","Tailwind built-in scale","components/ui/dialog","apps/web/src/app/components/ui/dialog.tsx","78","432","direct"
"top-2","Tailwind built-in scale","components/ui/dialog","apps/web/src/app/components/ui/dialog.tsx","86","160","direct"
"right-2","Tailwind built-in scale","components/ui/dialog","apps/web/src/app/components/ui/dialog.tsx","86","166","direct"
"h-11","Tailwind built-in scale","components/ui/dialog","apps/web/src/app/components/ui/dialog.tsx","86","179","direct"
"w-11","Tailwind built-in scale","components/ui/dialog","apps/web/src/app/components/ui/dialog.tsx","86","184","direct"
"rounded-xs","Tailwind built-in scale","components/ui/dialog","apps/web/src/app/components/ui/dialog.tsx","86","217","direct"
"p-0","Tailwind built-in scale","components/ui/dialog","apps/web/src/app/components/ui/dialog.tsx","86","228","direct"
"md:top-4","Tailwind built-in scale","components/ui/dialog","apps/web/src/app/components/ui/dialog.tsx","86","406","direct"
"md:right-4","Tailwind built-in scale","components/ui/dialog","apps/web/src/app/components/ui/dialog.tsx","86","415","direct"
"md:h-8","Tailwind built-in scale","components/ui/dialog","apps/web/src/app/components/ui/dialog.tsx","86","426","direct"
"md:w-8","Tailwind built-in scale","components/ui/dialog","apps/web/src/app/components/ui/dialog.tsx","86","433","direct"
"[&_svg:not([class*='size-'])]:size-4","Tailwind built-in scale","components/ui/dialog","apps/web/src/app/components/ui/dialog.tsx","86","485","direct"
"gap-2","Tailwind built-in scale","components/ui/dialog","apps/web/src/app/components/ui/dialog.tsx","102","35","direct"
"gap-2","Tailwind built-in scale","components/ui/dialog","apps/web/src/app/components/ui/dialog.tsx","113","31","direct"
"leading-none","Tailwind built-in scale","components/ui/dialog","apps/web/src/app/components/ui/dialog.tsx","129","41","direct"
"text-sm","Tailwind built-in scale","components/ui/dialog","apps/web/src/app/components/ui/dialog.tsx","144","43","direct"
"h-4","Tailwind built-in scale","components/ui/filter-bar","apps/web/src/app/components/ui/filter-bar.tsx","68","26","direct"
"min-w-4","Tailwind built-in scale","components/ui/filter-bar","apps/web/src/app/components/ui/filter-bar.tsx","68","30","direct"
"rounded-full","Tailwind built-in scale","components/ui/filter-bar","apps/web/src/app/components/ui/filter-bar.tsx","68","66","direct"
"px-1","Tailwind built-in scale","components/ui/filter-bar","apps/web/src/app/components/ui/filter-bar.tsx","68","79","direct"
"px-2","Tailwind built-in scale","components/ui/filter-bar","apps/web/src/app/components/ui/filter-bar.tsx","157","57","direct"
"md:px-4","Tailwind built-in scale","components/ui/filter-bar","apps/web/src/app/components/ui/filter-bar.tsx","157","61","direct"
"rounded-full","Tailwind built-in scale","components/ui/filter-bar","apps/web/src/app/components/ui/filter-bar.tsx","184","94","direct"
"px-3","Tailwind built-in scale","components/ui/filter-bar","apps/web/src/app/components/ui/filter-bar.tsx","184","107","direct"
"py-1.5","Tailwind built-in scale","components/ui/filter-bar","apps/web/src/app/components/ui/filter-bar.tsx","184","112","direct"
"w-full","Tailwind built-in scale","components/ui/filter-bar","apps/web/src/app/components/ui/filter-bar.tsx","211","33","direct"
"max-w-full","Tailwind built-in scale","components/ui/filter-bar","apps/web/src/app/components/ui/filter-bar.tsx","211","40","direct"
"left-0","Tailwind built-in scale","components/ui/filter-bar","apps/web/src/app/components/ui/filter-bar.tsx","215","40","direct"
"top-0","Tailwind built-in scale","components/ui/filter-bar","apps/web/src/app/components/ui/filter-bar.tsx","215","47","direct"
"pr-3","Tailwind built-in scale","components/ui/filter-bar","apps/web/src/app/components/ui/filter-bar.tsx","215","198","direct"
"pl-0.5","Tailwind built-in scale","components/ui/filter-bar","apps/web/src/app/components/ui/filter-bar.tsx","215","203","direct"
"h-11","Tailwind built-in scale","components/ui/filter-bar","apps/web/src/app/components/ui/filter-bar.tsx","225","46","direct"
"w-11","Tailwind built-in scale","components/ui/filter-bar","apps/web/src/app/components/ui/filter-bar.tsx","225","51","direct"
"m-0","Tailwind built-in scale","components/ui/filter-bar","apps/web/src/app/components/ui/filter-bar.tsx","237","26","direct"
"min-w-0","Tailwind built-in scale","components/ui/filter-bar","apps/web/src/app/components/ui/filter-bar.tsx","237","35","direct"
"w-full","Tailwind built-in scale","components/ui/filter-bar","apps/web/src/app/components/ui/filter-bar.tsx","237","43","direct"
"max-w-full","Tailwind built-in scale","components/ui/filter-bar","apps/web/src/app/components/ui/filter-bar.tsx","237","50","direct"
"border-0","Tailwind built-in scale","components/ui/filter-bar","apps/web/src/app/components/ui/filter-bar.tsx","237","77","direct"
"gap-0","Tailwind built-in scale","components/ui/filter-bar","apps/web/src/app/components/ui/filter-bar.tsx","239","28","direct"
"p-0","Tailwind built-in scale","components/ui/filter-bar","apps/web/src/app/components/ui/filter-bar.tsx","239","34","direct"
"gap-2","Tailwind built-in scale","components/ui/filter-bar","apps/web/src/app/components/ui/filter-bar.tsx","240","16","direct"
"p-1","Tailwind built-in scale","components/ui/filter-bar","apps/web/src/app/components/ui/filter-bar.tsx","240","21","direct"
"w-full","Tailwind built-in scale","components/ui/filter-bar","apps/web/src/app/components/ui/filter-bar.tsx","249","39","direct"
"min-w-0","Tailwind built-in scale","components/ui/filter-bar","apps/web/src/app/components/ui/filter-bar.tsx","249","45","direct"
"w-11","Tailwind built-in scale","components/ui/filter-bar","apps/web/src/app/components/ui/filter-bar.tsx","259","26","direct"
"right-0","Tailwind built-in scale","components/ui/filter-bar","apps/web/src/app/components/ui/filter-bar.tsx","266","40","direct"
"top-0","Tailwind built-in scale","components/ui/filter-bar","apps/web/src/app/components/ui/filter-bar.tsx","266","48","direct"
"pl-3","Tailwind built-in scale","components/ui/filter-bar","apps/web/src/app/components/ui/filter-bar.tsx","266","199","direct"
"pr-0.5","Tailwind built-in scale","components/ui/filter-bar","apps/web/src/app/components/ui/filter-bar.tsx","266","204","direct"
"h-11","Tailwind built-in scale","components/ui/filter-bar","apps/web/src/app/components/ui/filter-bar.tsx","276","46","direct"
"w-11","Tailwind built-in scale","components/ui/filter-bar","apps/web/src/app/components/ui/filter-bar.tsx","276","51","direct"
"w-full","Tailwind built-in scale","components/ui/input","apps/web/src/app/components/ui/input.tsx","29","154","direct"
"min-w-0","Tailwind built-in scale","components/ui/input","apps/web/src/app/components/ui/input.tsx","29","161","direct"
"px-3","Tailwind built-in scale","components/ui/input","apps/web/src/app/components/ui/input.tsx","29","187","direct"
"py-1","Tailwind built-in scale","components/ui/input","apps/web/src/app/components/ui/input.tsx","29","192","direct"
"file:h-7","Tailwind built-in scale","components/ui/input","apps/web/src/app/components/ui/input.tsx","29","277","direct"
"file:border-0","Tailwind built-in scale","components/ui/input","apps/web/src/app/components/ui/input.tsx","29","286","direct"
"file:text-sm","Tailwind built-in scale","components/ui/input","apps/web/src/app/components/ui/input.tsx","29","320","direct"
"gap-2","Tailwind built-in scale","components/ui/label","apps/web/src/app/components/ui/label.tsx","17","27","direct"
"text-sm","Tailwind built-in scale","components/ui/label","apps/web/src/app/components/ui/label.tsx","17","33","direct"
"leading-none","Tailwind built-in scale","components/ui/label","apps/web/src/app/components/ui/label.tsx","17","41","direct"
"gap-x-4","Tailwind built-in scale","components/ui/pagination-bar","apps/web/src/app/components/ui/pagination-bar.tsx","57","37","direct"
"gap-y-3","Tailwind built-in scale","components/ui/pagination-bar","apps/web/src/app/components/ui/pagination-bar.tsx","57","45","direct"
"px-4","Tailwind built-in scale","components/ui/pagination-bar","apps/web/src/app/components/ui/pagination-bar.tsx","57","62","direct"
"py-3","Tailwind built-in scale","components/ui/pagination-bar","apps/web/src/app/components/ui/pagination-bar.tsx","57","67","direct"
"m-0","Tailwind built-in scale","components/ui/pagination-bar","apps/web/src/app/components/ui/pagination-bar.tsx","77","24","direct"
"min-w-0","Tailwind built-in scale","components/ui/pagination-bar","apps/web/src/app/components/ui/pagination-bar.tsx","77","27","direct"
"gap-1.5","Tailwind built-in scale","components/ui/pagination-bar","apps/web/src/app/components/ui/pagination-bar.tsx","77","75","direct"
"border-0","Tailwind built-in scale","components/ui/pagination-bar","apps/web/src/app/components/ui/pagination-bar.tsx","77","83","direct"
"p-0","Tailwind built-in scale","components/ui/pagination-bar","apps/web/src/app/components/ui/pagination-bar.tsx","77","92","direct"
"h-1","Tailwind built-in scale","components/ui/pagination-bar","apps/web/src/app/components/ui/pagination-bar.tsx","87","28","direct"
"rounded-full","Tailwind built-in scale","components/ui/pagination-bar","apps/web/src/app/components/ui/pagination-bar.tsx","87","46","direct"
"gap-2","Tailwind built-in scale","components/ui/pagination-bar","apps/web/src/app/components/ui/pagination-bar.tsx","98","61","direct"
"rounded-full","Tailwind built-in scale","components/ui/pagination-bar","apps/web/src/app/components/ui/pagination-bar.tsx","108","67","direct"
"md:h-8","Tailwind built-in scale","components/ui/pagination-bar","apps/web/src/app/components/ui/pagination-bar.tsx","108","80","direct"
"gap-2","Tailwind built-in scale","components/ui/pagination-bar","apps/web/src/app/components/ui/pagination-bar.tsx","126","59","direct"
"rounded-lg","Tailwind built-in scale","components/ui/pagination-bar","apps/web/src/app/components/ui/pagination-bar.tsx","129","89","direct"
"p-0","Tailwind built-in scale","components/ui/pagination-bar","apps/web/src/app/components/ui/pagination-bar.tsx","129","100","direct"
"md:h-8","Tailwind built-in scale","components/ui/pagination-bar","apps/web/src/app/components/ui/pagination-bar.tsx","129","104","direct"
"md:w-8","Tailwind built-in scale","components/ui/pagination-bar","apps/web/src/app/components/ui/pagination-bar.tsx","129","111","direct"
"rounded-lg","Tailwind built-in scale","components/ui/pagination-bar","apps/web/src/app/components/ui/pagination-bar.tsx","146","89","direct"
"p-0","Tailwind built-in scale","components/ui/pagination-bar","apps/web/src/app/components/ui/pagination-bar.tsx","146","100","direct"
"md:h-8","Tailwind built-in scale","components/ui/pagination-bar","apps/web/src/app/components/ui/pagination-bar.tsx","146","104","direct"
"md:w-8","Tailwind built-in scale","components/ui/pagination-bar","apps/web/src/app/components/ui/pagination-bar.tsx","146","111","direct"
"w-72","Tailwind built-in scale","components/ui/popover","apps/web/src/app/components/ui/popover.tsx","33","388","direct"
"p-4","Tailwind built-in scale","components/ui/popover","apps/web/src/app/components/ui/popover.tsx","33","528","direct"
"h-2","Tailwind built-in scale","components/ui/progress","apps/web/src/app/components/ui/progress.tsx","17","32","direct"
"w-full","Tailwind built-in scale","components/ui/progress","apps/web/src/app/components/ui/progress.tsx","17","36","direct"
"rounded-full","Tailwind built-in scale","components/ui/progress","apps/web/src/app/components/ui/progress.tsx","17","59","direct"
"h-full","Tailwind built-in scale","components/ui/progress","apps/web/src/app/components/ui/progress.tsx","24","30","direct"
"w-full","Tailwind built-in scale","components/ui/progress","apps/web/src/app/components/ui/progress.tsx","24","37","direct"
"gap-3","Tailwind built-in scale","components/ui/radio-group","apps/web/src/app/components/ui/radio-group.tsx","16","26","direct"
"size-4","Tailwind built-in scale","components/ui/radio-group","apps/web/src/app/components/ui/radio-group.tsx","30","222","direct"
"rounded-full","Tailwind built-in scale","components/ui/radio-group","apps/web/src/app/components/ui/radio-group.tsx","30","238","direct"
"top-1","Tailwind built-in scale","components/ui/radio-group","apps/web/src/app/components/ui/radio-group.tsx","39","53","direct"
"left-1","Tailwind built-in scale","components/ui/radio-group","apps/web/src/app/components/ui/radio-group.tsx","39","61","direct"
"size-2","Tailwind built-in scale","components/ui/radio-group","apps/web/src/app/components/ui/radio-group.tsx","39","70","direct"
"-translate-x-1","Tailwind built-in scale","components/ui/radio-group","apps/web/src/app/components/ui/radio-group.tsx","39","77","direct"
"-translate-y-1","Tailwind built-in scale","components/ui/radio-group","apps/web/src/app/components/ui/radio-group.tsx","39","94","direct"
"px-3","Tailwind built-in scale","components/ui/segmented-control","apps/web/src/app/components/ui/segmented-control.tsx","9","39","direct"
"px-4","Tailwind built-in scale","components/ui/segmented-control","apps/web/src/app/components/ui/segmented-control.tsx","11","38","direct"
"px-4","Tailwind built-in scale","components/ui/segmented-control","apps/web/src/app/components/ui/segmented-control.tsx","13","38","direct"
"rounded-full","Tailwind built-in scale","components/ui/segmented-control","apps/web/src/app/components/ui/segmented-control.tsx","28","34","direct"
"gap-0","Tailwind built-in scale","components/ui/segmented-control","apps/web/src/app/components/ui/segmented-control.tsx","30","46","direct"
"p-0","Tailwind built-in scale","components/ui/segmented-control","apps/web/src/app/components/ui/segmented-control.tsx","30","52","direct"
"gap-1","Tailwind built-in scale","components/ui/segmented-control","apps/web/src/app/components/ui/segmented-control.tsx","31","14","direct"
"p-1","Tailwind built-in scale","components/ui/segmented-control","apps/web/src/app/components/ui/segmented-control.tsx","31","19","direct"
"gap-2","Tailwind built-in scale","components/ui/segmented-control","apps/web/src/app/components/ui/segmented-control.tsx","60","64","direct"
"rounded-full","Tailwind built-in scale","components/ui/segmented-control","apps/web/src/app/components/ui/segmented-control.tsx","60","70","direct"
"h-full","Tailwind built-in scale","components/ui/segmented-control","apps/web/src/app/components/ui/segmented-control.tsx","61","18","direct"
"min-h-0","Tailwind built-in scale","components/ui/segmented-control","apps/web/src/app/components/ui/segmented-control.tsx","61","24","direct"
"py-0","Tailwind built-in scale","components/ui/segmented-control","apps/web/src/app/components/ui/segmented-control.tsx","61","32","direct"
"gap-1.5","Tailwind built-in scale","components/ui/segmented-control","apps/web/src/app/components/ui/segmented-control.tsx","61","37","direct"
"px-2","Tailwind built-in scale","components/ui/select","apps/web/src/app/components/ui/select.tsx","46","39","direct"
"py-0.5","Tailwind built-in scale","components/ui/select","apps/web/src/app/components/ui/select.tsx","46","44","direct"
"text-sm","Tailwind built-in scale","components/ui/select","apps/web/src/app/components/ui/select.tsx","46","51","direct"
"md:h-7","Tailwind built-in scale","components/ui/select","apps/web/src/app/components/ui/select.tsx","46","59","direct"
"md:text-xs","Tailwind built-in scale","components/ui/select","apps/web/src/app/components/ui/select.tsx","46","66","direct"
"px-2.5","Tailwind built-in scale","components/ui/select","apps/web/src/app/components/ui/select.tsx","47","41","direct"
"px-3","Tailwind built-in scale","components/ui/select","apps/web/src/app/components/ui/select.tsx","48","46","direct"
"py-2","Tailwind built-in scale","components/ui/select","apps/web/src/app/components/ui/select.tsx","48","51","direct"
"text-sm","Tailwind built-in scale","components/ui/select","apps/web/src/app/components/ui/select.tsx","48","56","direct"
"px-3","Tailwind built-in scale","components/ui/select","apps/web/src/app/components/ui/select.tsx","49","46","direct"
"py-2","Tailwind built-in scale","components/ui/select","apps/web/src/app/components/ui/select.tsx","49","51","direct"
"text-sm","Tailwind built-in scale","components/ui/select","apps/web/src/app/components/ui/select.tsx","49","56","direct"
"px-3","Tailwind built-in scale","components/ui/select","apps/web/src/app/components/ui/select.tsx","52","39","direct"
"py-2","Tailwind built-in scale","components/ui/select","apps/web/src/app/components/ui/select.tsx","52","44","direct"
"text-sm","Tailwind built-in scale","components/ui/select","apps/web/src/app/components/ui/select.tsx","52","49","direct"
"w-full","Tailwind built-in scale","components/ui/select","apps/web/src/app/components/ui/select.tsx","69","321","direct"
"gap-1.5","Tailwind built-in scale","components/ui/select","apps/web/src/app/components/ui/select.tsx","69","357","direct"
"*:data-[slot=select-value]:gap-2","Tailwind built-in scale","components/ui/select","apps/web/src/app/components/ui/select.tsx","69","710","direct"
"size-3","Tailwind built-in scale","components/ui/select","apps/web/src/app/components/ui/select.tsx","89","59","direct"
"size-4","Tailwind built-in scale","components/ui/select","apps/web/src/app/components/ui/select.tsx","89","70","direct"
"data-[side=bottom]:translate-y-1","Tailwind built-in scale","components/ui/select","apps/web/src/app/components/ui/select.tsx","109","14","direct"
"data-[side=left]:-translate-x-1","Tailwind built-in scale","components/ui/select","apps/web/src/app/components/ui/select.tsx","109","46","direct"
"data-[side=right]:translate-x-1","Tailwind built-in scale","components/ui/select","apps/web/src/app/components/ui/select.tsx","109","78","direct"
"data-[side=top]:-translate-y-1","Tailwind built-in scale","components/ui/select","apps/web/src/app/components/ui/select.tsx","109","110","direct"
"p-1","Tailwind built-in scale","components/ui/select","apps/web/src/app/components/ui/select.tsx","118","14","direct"
"w-full","Tailwind built-in scale","components/ui/select","apps/web/src/app/components/ui/select.tsx","120","54","direct"
"px-2","Tailwind built-in scale","components/ui/select","apps/web/src/app/components/ui/select.tsx","138","43","direct"
"py-1.5","Tailwind built-in scale","components/ui/select","apps/web/src/app/components/ui/select.tsx","138","48","direct"
"text-xs","Tailwind built-in scale","components/ui/select","apps/web/src/app/components/ui/select.tsx","138","55","direct"
"w-full","Tailwind built-in scale","components/ui/select","apps/web/src/app/components/ui/select.tsx","156","158","direct"
"gap-2","Tailwind built-in scale","components/ui/select","apps/web/src/app/components/ui/select.tsx","156","193","direct"
"rounded-sm","Tailwind built-in scale","components/ui/select","apps/web/src/app/components/ui/select.tsx","156","199","direct"
"py-1.5","Tailwind built-in scale","components/ui/select","apps/web/src/app/components/ui/select.tsx","156","210","direct"
"pr-8","Tailwind built-in scale","components/ui/select","apps/web/src/app/components/ui/select.tsx","156","217","direct"
"pl-2","Tailwind built-in scale","components/ui/select","apps/web/src/app/components/ui/select.tsx","156","222","direct"
"md:min-h-8","Tailwind built-in scale","components/ui/select","apps/web/src/app/components/ui/select.tsx","156","317","direct"
"[&_svg:not([class*='size-'])]:size-4","Tailwind built-in scale","components/ui/select","apps/web/src/app/components/ui/select.tsx","156","373","direct"
"*:[span]:last:gap-2","Tailwind built-in scale","components/ui/select","apps/web/src/app/components/ui/select.tsx","156","456","direct"
"text-sm","Tailwind built-in scale","components/ui/select","apps/web/src/app/components/ui/select.tsx","157","23","direct"
"right-2","Tailwind built-in scale","components/ui/select","apps/web/src/app/components/ui/select.tsx","171","32","direct"
"size-3.5","Tailwind built-in scale","components/ui/select","apps/web/src/app/components/ui/select.tsx","171","45","direct"
"size-4","Tailwind built-in scale","components/ui/select","apps/web/src/app/components/ui/select.tsx","173","33","direct"
"-mx-1","Tailwind built-in scale","components/ui/select","apps/web/src/app/components/ui/select.tsx","188","51","direct"
"my-1","Tailwind built-in scale","components/ui/select","apps/web/src/app/components/ui/select.tsx","188","57","direct"
"h-px","Tailwind built-in scale","components/ui/select","apps/web/src/app/components/ui/select.tsx","188","62","direct"
"py-1","Tailwind built-in scale","components/ui/select","apps/web/src/app/components/ui/select.tsx","202","57","direct"
"size-4","Tailwind built-in scale","components/ui/select","apps/web/src/app/components/ui/select.tsx","207","33","direct"
"py-1","Tailwind built-in scale","components/ui/select","apps/web/src/app/components/ui/select.tsx","220","57","direct"
"size-4","Tailwind built-in scale","components/ui/select","apps/web/src/app/components/ui/select.tsx","225","35","direct"
"w-8","Tailwind built-in scale","components/ui/switch","apps/web/src/app/components/ui/switch.tsx","20","207","direct"
"rounded-full","Tailwind built-in scale","components/ui/switch","apps/web/src/app/components/ui/switch.tsx","20","233","direct"
"size-4","Tailwind built-in scale","components/ui/switch","apps/web/src/app/components/ui/switch.tsx","27","148","direct"
"rounded-full","Tailwind built-in scale","components/ui/switch","apps/web/src/app/components/ui/switch.tsx","27","155","direct"
"data-[state=unchecked]:translate-x-0","Tailwind built-in scale","components/ui/switch","apps/web/src/app/components/ui/switch.tsx","27","246","direct"
"w-full","Tailwind built-in scale","components/ui/table","apps/web/src/app/components/ui/table.tsx","11","26","direct"
"w-full","Tailwind built-in scale","components/ui/table","apps/web/src/app/components/ui/table.tsx","15","24","direct"
"text-sm","Tailwind built-in scale","components/ui/table","apps/web/src/app/components/ui/table.tsx","15","45","direct"
"[&_tr:last-child]:border-0","Tailwind built-in scale","components/ui/table","apps/web/src/app/components/ui/table.tsx","36","22","direct"
"[&>tr]:last:border-b-0","Tailwind built-in scale","components/ui/table","apps/web/src/app/components/ui/table.tsx","47","42","direct"
"px-2","Tailwind built-in scale","components/ui/table","apps/web/src/app/components/ui/table.tsx","73","58","direct"
"[&:has([role=checkbox])]:pr-0","Tailwind built-in scale","components/ui/table","apps/web/src/app/components/ui/table.tsx","73","116","direct"
"p-2","Tailwind built-in scale","components/ui/table","apps/web/src/app/components/ui/table.tsx","93","10","direct"
"[&:has([role=checkbox])]:pr-0","Tailwind built-in scale","components/ui/table","apps/web/src/app/components/ui/table.tsx","93","44","direct"
"mt-4","Tailwind built-in scale","components/ui/table","apps/web/src/app/components/ui/table.tsx","108","43","direct"
"text-sm","Tailwind built-in scale","components/ui/table","apps/web/src/app/components/ui/table.tsx","108","48","direct"
