"token","property","component","file","line","column","bucket"
"--text-secondary","color","App","apps/web/src/app/App.tsx","270","35","direct"
"--type-heading-lg","className","App","apps/web/src/app/App.tsx","292","37","direct"
"--text-primary","color","App","apps/web/src/app/App.tsx","293","34","direct"
"--type-body","className","App","apps/web/src/app/App.tsx","298","42","direct"
"--text-secondary","color","App","apps/web/src/app/App.tsx","299","34","direct"
"--type-heading-lg","className","App","apps/web/src/app/App.tsx","320","37","direct"
"--text-primary","color","App","apps/web/src/app/App.tsx","321","34","direct"
"--type-body","className","App","apps/web/src/app/App.tsx","326","42","direct"
"--text-secondary","color","App","apps/web/src/app/App.tsx","327","34","direct"
"--surface-app","backgroundColor","App","apps/web/src/app/App.tsx","351","40","direct"
"--surface-card","className","App","apps/web/src/app/App.tsx","355","130","direct"
"--text-primary","className","App","apps/web/src/app/App.tsx","355","185","direct"
"--ring","className","App","apps/web/src/app/App.tsx","355","231","direct"
"--status-success-fg","fg","App","apps/web/src/app/App.tsx","412","20","direct"
"--status-success-bg","bg","App","apps/web/src/app/App.tsx","413","20","direct"
"--status-warning-fg","fg","App","apps/web/src/app/App.tsx","417","20","direct"
"--status-warning-bg","bg","App","apps/web/src/app/App.tsx","418","20","direct"
"--type-heading-md","fontSize","App","apps/web/src/app/App.tsx","427","26","direct"
"--weight-bold","fontWeight","App","apps/web/src/app/App.tsx","428","28","direct"
"--text-primary","color","App","apps/web/src/app/App.tsx","429","23","direct"
"--brand-primary","backgroundColor","App","apps/web/src/app/App.tsx","440","33","direct"
"--on-brand","color","App","apps/web/src/app/App.tsx","441","23","direct"
"--type-body-sm","fontSize","App","apps/web/src/app/App.tsx","442","26","direct"
"--weight-bold","fontWeight","App","apps/web/src/app/App.tsx","443","28","direct"
"--type-heading-sm","fontSize","App","apps/web/src/app/App.tsx","451","26","direct"
"--weight-semibold","fontWeight","App","apps/web/src/app/App.tsx","452","28","direct"
"--text-primary","color","App","apps/web/src/app/App.tsx","453","23","direct"
"--type-body-sm","fontSize","App","apps/web/src/app/App.tsx","465","26","direct"
"--weight-bold","fontWeight","App","apps/web/src/app/App.tsx","466","28","direct"
"--surface-app","backgroundColor","App","apps/web/src/app/App.tsx","635","40","direct"
"--surface-card","className","App","apps/web/src/app/App.tsx","639","130","direct"
"--text-primary","className","App","apps/web/src/app/App.tsx","639","185","direct"
"--ring","className","App","apps/web/src/app/App.tsx","639","231","direct"
"--ring","className","components/AlertBanner","apps/web/src/app/components/AlertBanner.tsx","38","222","direct"
"--brand-primary","backgroundColor","components/AlertBanner","apps/web/src/app/components/AlertBanner.tsx","40","31","direct"
"--on-brand","color","components/AlertBanner","apps/web/src/app/components/AlertBanner.tsx","41","21","direct"
"--tint-on-brand","backgroundColor","components/AlertBanner","apps/web/src/app/components/AlertBanner.tsx","46","30","direct"
"--status-icon-badge-fg","color","components/AlertBanner","apps/web/src/app/components/AlertBanner.tsx","50","24","direct"
"--font-display","fontFamily","components/AlertBanner","apps/web/src/app/components/AlertBanner.tsx","57","30","direct"
"--type-heading-sm","fontSize","components/AlertBanner","apps/web/src/app/components/AlertBanner.tsx","58","28","direct"
"--weight-semibold","fontWeight","components/AlertBanner","apps/web/src/app/components/AlertBanner.tsx","59","30","direct"
"--leading-snug","lineHeight","components/AlertBanner","apps/web/src/app/components/AlertBanner.tsx","60","30","direct"
"--on-brand","color","components/AlertBanner","apps/web/src/app/components/AlertBanner.tsx","61","25","direct"
"--font-body","fontFamily","components/AlertBanner","apps/web/src/app/components/AlertBanner.tsx","71","30","direct"
"--type-body-lg","fontSize","components/AlertBanner","apps/web/src/app/components/AlertBanner.tsx","72","28","direct"
"--leading-normal","lineHeight","components/AlertBanner","apps/web/src/app/components/AlertBanner.tsx","73","30","direct"
"--surface-card","backgroundColor","components/AppSidebar","apps/web/src/app/components/AppSidebar.tsx","134","35","direct"
"--border-subtle","borderColor","components/AppSidebar","apps/web/src/app/components/AppSidebar.tsx","135","31","direct"
"--ring","className","components/AppSidebar","apps/web/src/app/components/AppSidebar.tsx","149","220","direct"
"--global-nav-selected-bg","backgroundColor","components/AppSidebar","apps/web/src/app/components/AppSidebar.tsx","157","30","direct"
"--global-nav-selected-fg","color","components/AppSidebar","apps/web/src/app/components/AppSidebar.tsx","160","30","direct"
"--text-secondary","color","components/AppSidebar","apps/web/src/app/components/AppSidebar.tsx","161","30","direct"
"--shadow-lift","boxShadow","components/AppSidebar","apps/web/src/app/components/AppSidebar.tsx","162","48","direct"
"--font-body","fontFamily","components/AppSidebar","apps/web/src/app/components/AppSidebar.tsx","170","38","direct"
"--type-label","fontSize","components/AppSidebar","apps/web/src/app/components/AppSidebar.tsx","171","36","direct"
"--weight-bold","fontWeight","components/AppSidebar","apps/web/src/app/components/AppSidebar.tsx","173","30","direct"
"--weight-semibold","fontWeight","components/AppSidebar","apps/web/src/app/components/AppSidebar.tsx","174","30","direct"
"--leading-snug","lineHeight","components/AppSidebar","apps/web/src/app/components/AppSidebar.tsx","175","38","direct"
"--tracking-label","letterSpacing","components/AppSidebar","apps/web/src/app/components/AppSidebar.tsx","176","41","direct"
"--brand-primary","color","components/AppSidebar","apps/web/src/app/components/AppSidebar.tsx","178","30","direct"
"--text-secondary","color","components/AppSidebar","apps/web/src/app/components/AppSidebar.tsx","179","30","direct"
"--brand-primary","backgroundColor","components/AppSidebar","apps/web/src/app/components/AppSidebar.tsx","188","45","direct"
"--on-brand","color","components/AppSidebar","apps/web/src/app/components/AppSidebar.tsx","189","35","direct"
"--font-body","fontFamily","components/AppSidebar","apps/web/src/app/components/AppSidebar.tsx","190","40","direct"
"--type-label","fontSize","components/AppSidebar","apps/web/src/app/components/AppSidebar.tsx","191","38","direct"
"--weight-bold","fontWeight","components/AppSidebar","apps/web/src/app/components/AppSidebar.tsx","192","40","direct"
"--leading-snug","lineHeight","components/AppSidebar","apps/web/src/app/components/AppSidebar.tsx","193","40","direct"
"--ring","className","components/AppSidebar","apps/web/src/app/components/AppSidebar.tsx","208","216","direct"
"--global-nav-selected-bg","backgroundColor","components/AppSidebar","apps/web/src/app/components/AppSidebar.tsx","219","28","direct"
"--global-nav-selected-fg","color","components/AppSidebar","apps/web/src/app/components/AppSidebar.tsx","223","28","direct"
"--text-secondary","color","components/AppSidebar","apps/web/src/app/components/AppSidebar.tsx","224","28","direct"
"--shadow-lift","boxShadow","components/AppSidebar","apps/web/src/app/components/AppSidebar.tsx","226","55","direct"
"--font-body","fontFamily","components/AppSidebar","apps/web/src/app/components/AppSidebar.tsx","237","34","direct"
"--type-label","fontSize","components/AppSidebar","apps/web/src/app/components/AppSidebar.tsx","238","32","direct"
"--weight-bold","fontWeight","components/AppSidebar","apps/web/src/app/components/AppSidebar.tsx","241","28","direct"
"--weight-semibold","fontWeight","components/AppSidebar","apps/web/src/app/components/AppSidebar.tsx","242","28","direct"
"--leading-snug","lineHeight","components/AppSidebar","apps/web/src/app/components/AppSidebar.tsx","243","34","direct"
"--tracking-label","letterSpacing","components/AppSidebar","apps/web/src/app/components/AppSidebar.tsx","244","37","direct"
"--brand-primary","color","components/AppSidebar","apps/web/src/app/components/AppSidebar.tsx","247","28","direct"
"--text-secondary","color","components/AppSidebar","apps/web/src/app/components/AppSidebar.tsx","248","28","direct"
"--brand-primary","backgroundColor","components/AppSidebar","apps/web/src/app/components/AppSidebar.tsx","257","41","direct"
"--on-brand","color","components/AppSidebar","apps/web/src/app/components/AppSidebar.tsx","258","31","direct"
"--font-body","fontFamily","components/AppSidebar","apps/web/src/app/components/AppSidebar.tsx","259","36","direct"
"--type-label","fontSize","components/AppSidebar","apps/web/src/app/components/AppSidebar.tsx","260","34","direct"
"--weight-bold","fontWeight","components/AppSidebar","apps/web/src/app/components/AppSidebar.tsx","261","36","direct"
"--leading-snug","lineHeight","components/AppSidebar","apps/web/src/app/components/AppSidebar.tsx","262","36","direct"
"--mobile-bottom-nav-clearance","bottom","components/AppSidebar","apps/web/src/app/components/AppSidebar.tsx","302","28","direct"
"--mobile-bottom-nav-clearance","maxHeight","components/AppSidebar","apps/web/src/app/components/AppSidebar.tsx","304","36","direct"
"--surface-card","backgroundColor","components/AppSidebar","apps/web/src/app/components/AppSidebar.tsx","305","37","direct"
"--border-subtle","borderColor","components/AppSidebar","apps/web/src/app/components/AppSidebar.tsx","306","33","direct"
"--control-height-default","className","components/AppSidebar","apps/web/src/app/components/AppSidebar.tsx","320","46","direct"
"--nav-hover-bg","className","components/AppSidebar","apps/web/src/app/components/AppSidebar.tsx","320","179","direct"
"--ring","className","components/AppSidebar","apps/web/src/app/components/AppSidebar.tsx","320","268","direct"
"--local-nav-selected-bg","backgroundColor","components/AppSidebar","apps/web/src/app/components/AppSidebar.tsx","323","30","direct"
"--local-nav-selected-fg","color","components/AppSidebar","apps/web/src/app/components/AppSidebar.tsx","326","30","direct"
"--text-secondary","color","components/AppSidebar","apps/web/src/app/components/AppSidebar.tsx","327","30","direct"
"--font-body","fontFamily","components/AppSidebar","apps/web/src/app/components/AppSidebar.tsx","328","38","direct"
"--type-body","fontSize","components/AppSidebar","apps/web/src/app/components/AppSidebar.tsx","329","36","direct"
"--weight-semibold","fontWeight","components/AppSidebar","apps/web/src/app/components/AppSidebar.tsx","330","38","direct"
"--brand-primary","backgroundColor","components/AppSidebar","apps/web/src/app/components/AppSidebar.tsx","340","47","direct"
"--on-brand","color","components/AppSidebar","apps/web/src/app/components/AppSidebar.tsx","341","37","direct"
"--font-body","fontFamily","components/AppSidebar","apps/web/src/app/components/AppSidebar.tsx","342","42","direct"
"--type-label","fontSize","components/AppSidebar","apps/web/src/app/components/AppSidebar.tsx","343","40","direct"
"--weight-bold","fontWeight","components/AppSidebar","apps/web/src/app/components/AppSidebar.tsx","344","42","direct"
"--leading-snug","lineHeight","components/AppSidebar","apps/web/src/app/components/AppSidebar.tsx","345","42","direct"
"--type-body","className","components/AppSidebar","apps/web/src/app/components/AppSidebar.tsx","361","127","direct"
"--text-primary","className","components/AppSidebar","apps/web/src/app/components/AppSidebar.tsx","361","164","direct"
"--nav-hover-bg","className","components/AppSidebar","apps/web/src/app/components/AppSidebar.tsx","361","195","direct"
"--ring","className","components/AppSidebar","apps/web/src/app/components/AppSidebar.tsx","361","284","direct"
"--control-height-default","className","components/AppSidebar","apps/web/src/app/components/AppSidebar.tsx","373","47","direct"
"--status-danger-fg","className","components/AppSidebar","apps/web/src/app/components/AppSidebar.tsx","373","167","direct"
"--ring","className","components/AppSidebar","apps/web/src/app/components/AppSidebar.tsx","373","260","direct"
"--ring","className","components/AppSidebar","apps/web/src/app/components/AppSidebar.tsx","397","183","direct"
"--control-size-xs","width","components/AppSidebar","apps/web/src/app/components/AppSidebar.tsx","399","21","direct"
"--control-size-xs","height","components/AppSidebar","apps/web/src/app/components/AppSidebar.tsx","400","22","direct"
"--brand-primary","backgroundColor","components/AppSidebar","apps/web/src/app/components/AppSidebar.tsx","405","18","direct"
"--surface-card","backgroundColor","components/AppSidebar","apps/web/src/app/components/AppSidebar.tsx","406","18","direct"
"--border-width-hairline","border","components/AppSidebar","apps/web/src/app/components/AppSidebar.tsx","407","22","direct"
"--brand-primary","border","components/AppSidebar","apps/web/src/app/components/AppSidebar.tsx","407","72","direct"
"--border-subtle","border","components/AppSidebar","apps/web/src/app/components/AppSidebar.tsx","407","97","direct"
"--on-brand","color","components/AppSidebar","apps/web/src/app/components/AppSidebar.tsx","408","33","direct"
"--text-secondary","color","components/AppSidebar","apps/web/src/app/components/AppSidebar.tsx","408","53","direct"
"--shadow-edge","boxShadow","components/AppSidebar","apps/web/src/app/components/AppSidebar.tsx","409","25","direct"
"--global-nav-selected-bg","className","components/AppSidebar","apps/web/src/app/components/AppSidebar.tsx","436","197","direct"
"--global-nav-selected-bg","className","components/AppSidebar","apps/web/src/app/components/AppSidebar.tsx","436","232","direct"
"--global-nav-selected-fg","className","components/AppSidebar","apps/web/src/app/components/AppSidebar.tsx","436","269","direct"
"--text-secondary","className","components/AppSidebar","apps/web/src/app/components/AppSidebar.tsx","436","344","direct"
"--nav-hover-border","className","components/AppSidebar","apps/web/src/app/components/AppSidebar.tsx","436","381","direct"
"--nav-hover-bg","className","components/AppSidebar","apps/web/src/app/components/AppSidebar.tsx","436","416","direct"
"--brand-primary","className","components/AppSidebar","apps/web/src/app/components/AppSidebar.tsx","436","449","direct"
"--control-size-nav","height","components/AppSidebar","apps/web/src/app/components/AppSidebar.tsx","438","24","direct"
"--font-body","fontFamily","components/AppSidebar","apps/web/src/app/components/AppSidebar.tsx","440","28","direct"
"--type-body","fontSize","components/AppSidebar","apps/web/src/app/components/AppSidebar.tsx","441","26","direct"
"--weight-semibold","fontWeight","components/AppSidebar","apps/web/src/app/components/AppSidebar.tsx","442","28","direct"
"--leading-snug","lineHeight","components/AppSidebar","apps/web/src/app/components/AppSidebar.tsx","443","28","direct"
"--surface-card","backgroundColor","components/AppSidebar","apps/web/src/app/components/AppSidebar.tsx","455","24","direct"
"--brand-primary","backgroundColor","components/AppSidebar","apps/web/src/app/components/AppSidebar.tsx","456","24","direct"
"--brand-primary","color","components/AppSidebar","apps/web/src/app/components/AppSidebar.tsx","457","38","direct"
"--on-brand","color","components/AppSidebar","apps/web/src/app/components/AppSidebar.tsx","457","63","direct"
"--font-body","fontFamily","components/AppSidebar","apps/web/src/app/components/AppSidebar.tsx","458","32","direct"
"--type-label","fontSize","components/AppSidebar","apps/web/src/app/components/AppSidebar.tsx","459","30","direct"
"--weight-bold","fontWeight","components/AppSidebar","apps/web/src/app/components/AppSidebar.tsx","460","32","direct"
"--leading-snug","lineHeight","components/AppSidebar","apps/web/src/app/components/AppSidebar.tsx","461","32","direct"
"--surface-card","backgroundColor","components/AppSidebar","apps/web/src/app/components/AppSidebar.tsx","478","33","direct"
"--border-width-hairline","borderRight","components/AppSidebar","apps/web/src/app/components/AppSidebar.tsx","480","18","direct"
"--border-subtle","borderRight","components/AppSidebar","apps/web/src/app/components/AppSidebar.tsx","480","53","direct"
"--ring","className","components/AppSidebar","apps/web/src/app/components/AppSidebar.tsx","494","182","direct"
"--control-size-icon","width","components/AppSidebar","apps/web/src/app/components/AppSidebar.tsx","496","27","direct"
"--control-size-icon","height","components/AppSidebar","apps/web/src/app/components/AppSidebar.tsx","497","28","direct"
"--surface-muted","backgroundColor","components/AppSidebar","apps/web/src/app/components/AppSidebar.tsx","499","24","direct"
"--control-size-sm","width","components/AppSidebar","apps/web/src/app/components/AppSidebar.tsx","512","29","direct"
"--control-size-sm","height","components/AppSidebar","apps/web/src/app/components/AppSidebar.tsx","513","30","direct"
"--brand-primary","color","components/AppSidebar","apps/web/src/app/components/AppSidebar.tsx","524","29","direct"
"--surface-muted","className","components/AppSidebar","apps/web/src/app/components/AppSidebar.tsx","544","128","direct"
"--ring","className","components/AppSidebar","apps/web/src/app/components/AppSidebar.tsx","544","218","direct"
"--control-size-nav","width","components/AppSidebar","apps/web/src/app/components/AppSidebar.tsx","546","31","direct"
"--control-size-nav","height","components/AppSidebar","apps/web/src/app/components/AppSidebar.tsx","547","32","direct"
"--global-nav-selected-bg","backgroundColor","components/AppSidebar","apps/web/src/app/components/AppSidebar.tsx","549","28","direct"
"--global-nav-selected-fg","color","components/AppSidebar","apps/web/src/app/components/AppSidebar.tsx","552","28","direct"
"--text-muted","color","components/AppSidebar","apps/web/src/app/components/AppSidebar.tsx","553","28","direct"
"--status-danger-fg","backgroundColor","components/AppSidebar","apps/web/src/app/components/AppSidebar.tsx","568","45","direct"
"--surface-card","border","components/AppSidebar","apps/web/src/app/components/AppSidebar.tsx","569","48","direct"
"--surface-muted","className","components/AppSidebar","apps/web/src/app/components/AppSidebar.tsx","584","124","direct"
"--ring","className","components/AppSidebar","apps/web/src/app/components/AppSidebar.tsx","584","214","direct"
"--control-size-nav","width","components/AppSidebar","apps/web/src/app/components/AppSidebar.tsx","586","27","direct"
"--control-size-nav","height","components/AppSidebar","apps/web/src/app/components/AppSidebar.tsx","587","28","direct"
"--global-nav-selected-bg","backgroundColor","components/AppSidebar","apps/web/src/app/components/AppSidebar.tsx","590","26","direct"
"--global-nav-selected-fg","color","components/AppSidebar","apps/web/src/app/components/AppSidebar.tsx","594","26","direct"
"--text-muted","color","components/AppSidebar","apps/web/src/app/components/AppSidebar.tsx","595","26","direct"
"--ring","className","components/AppSidebar","apps/web/src/app/components/AppSidebar.tsx","611","166","direct"
"--control-size-sm","width","components/AppSidebar","apps/web/src/app/components/AppSidebar.tsx","615","27","direct"
"--control-size-sm","height","components/AppSidebar","apps/web/src/app/components/AppSidebar.tsx","616","28","direct"
"--text-secondary","color","components/AppSidebar","apps/web/src/app/components/AppSidebar.tsx","617","27","direct"
"--surface-card","backgroundColor","components/AppSidebar","apps/web/src/app/components/AppSidebar.tsx","632","31","direct"
"--border-subtle","borderColor","components/AppSidebar","apps/web/src/app/components/AppSidebar.tsx","633","27","direct"
"--control-size-sm","width","components/AppSidebar","apps/web/src/app/components/AppSidebar.tsx","646","25","direct"
"--control-size-sm","height","components/AppSidebar","apps/web/src/app/components/AppSidebar.tsx","647","26","direct"
"--font-display","fontFamily","components/AppSidebar","apps/web/src/app/components/AppSidebar.tsx","654","30","direct"
"--type-heading-md","fontSize","components/AppSidebar","apps/web/src/app/components/AppSidebar.tsx","655","28","direct"
"--weight-bold","fontWeight","components/AppSidebar","apps/web/src/app/components/AppSidebar.tsx","656","30","direct"
"--leading-snug","lineHeight","components/AppSidebar","apps/web/src/app/components/AppSidebar.tsx","657","30","direct"
"--text-primary","color","components/AppSidebar","apps/web/src/app/components/AppSidebar.tsx","658","25","direct"
"--surface-muted","className","components/AppSidebar","apps/web/src/app/components/AppSidebar.tsx","666","122","direct"
"--ring","className","components/AppSidebar","apps/web/src/app/components/AppSidebar.tsx","666","212","direct"
"--control-size-sm","width","components/AppSidebar","apps/web/src/app/components/AppSidebar.tsx","668","25","direct"
"--control-size-sm","height","components/AppSidebar","apps/web/src/app/components/AppSidebar.tsx","669","26","direct"
"--text-secondary","color","components/AppSidebar","apps/web/src/app/components/AppSidebar.tsx","670","25","direct"
"--surface-card","backgroundColor","components/AppSidebar","apps/web/src/app/components/AppSidebar.tsx","704","33","direct"
"--border-subtle","borderColor","components/AppSidebar","apps/web/src/app/components/AppSidebar.tsx","705","29","direct"
"--control-size-icon","width","components/AppSidebar","apps/web/src/app/components/AppSidebar.tsx","712","25","direct"
"--control-size-icon","height","components/AppSidebar","apps/web/src/app/components/AppSidebar.tsx","713","26","direct"
"--brand-primary","backgroundColor","components/AppSidebar","apps/web/src/app/components/AppSidebar.tsx","714","35","direct"
"--on-brand","color","components/AppSidebar","apps/web/src/app/components/AppSidebar.tsx","715","25","direct"
"--font-body","fontFamily","components/AppSidebar","apps/web/src/app/components/AppSidebar.tsx","716","30","direct"
"--type-body-sm","fontSize","components/AppSidebar","apps/web/src/app/components/AppSidebar.tsx","717","28","direct"
"--weight-bold","fontWeight","components/AppSidebar","apps/web/src/app/components/AppSidebar.tsx","718","30","direct"
"--leading-normal","lineHeight","components/AppSidebar","apps/web/src/app/components/AppSidebar.tsx","719","30","direct"
"--font-body","fontFamily","components/AppSidebar","apps/web/src/app/components/AppSidebar.tsx","728","32","direct"
"--type-body","fontSize","components/AppSidebar","apps/web/src/app/components/AppSidebar.tsx","729","30","direct"
"--weight-semibold","fontWeight","components/AppSidebar","apps/web/src/app/components/AppSidebar.tsx","730","32","direct"
"--leading-snug","lineHeight","components/AppSidebar","apps/web/src/app/components/AppSidebar.tsx","731","32","direct"
"--text-primary","color","components/AppSidebar","apps/web/src/app/components/AppSidebar.tsx","732","27","direct"
"--font-body","fontFamily","components/AppSidebar","apps/web/src/app/components/AppSidebar.tsx","742","32","direct"
"--type-caption","fontSize","components/AppSidebar","apps/web/src/app/components/AppSidebar.tsx","743","30","direct"
"--weight-medium","fontWeight","components/AppSidebar","apps/web/src/app/components/AppSidebar.tsx","744","32","direct"
"--leading-normal","lineHeight","components/AppSidebar","apps/web/src/app/components/AppSidebar.tsx","745","32","direct"
"--text-secondary","color","components/AppSidebar","apps/web/src/app/components/AppSidebar.tsx","746","27","direct"
"--text-secondary","className","components/AppSidebar","apps/web/src/app/components/AppSidebar.tsx","759","108","direct"
"--surface-muted","className","components/AppSidebar","apps/web/src/app/components/AppSidebar.tsx","759","141","direct"
"--status-danger-fg","className","components/AppSidebar","apps/web/src/app/components/AppSidebar.tsx","759","175","direct"
"--ring","className","components/AppSidebar","apps/web/src/app/components/AppSidebar.tsx","759","268","direct"
"--mobile-chamber-card-min-height","className","components/ChamberCardShell","apps/web/src/app/components/ChamberCardShell.tsx","38","56","direct"
"--nav-hover-border","className","components/ChamberCardShell","apps/web/src/app/components/ChamberCardShell.tsx","40","26","direct"
"--nav-hover-bg","className","components/ChamberCardShell","apps/web/src/app/components/ChamberCardShell.tsx","40","55","direct"
"--border-default","className","components/ChamberCardShell","apps/web/src/app/components/ChamberCardShell.tsx","41","26","direct"
"--surface-subtle","className","components/ChamberCardShell","apps/web/src/app/components/ChamberCardShell.tsx","41","53","direct"
"--shadow-card","className","components/ChamberCardShell","apps/web/src/app/components/ChamberCardShell.tsx","41","84","direct"
"--nav-hover-border","className","components/ChamberCardShell","apps/web/src/app/components/ChamberCardShell.tsx","41","118","direct"
"--nav-hover-bg","className","components/ChamberCardShell","apps/web/src/app/components/ChamberCardShell.tsx","41","153","direct"
"--radius-card","borderRadius","components/ChamberCardShell","apps/web/src/app/components/ChamberCardShell.tsx","44","35","direct"
"--font-display","fontFamily","components/ChamberCardShell","apps/web/src/app/components/ChamberCardShell.tsx","69","32","direct"
"--type-heading-sm","fontSize","components/ChamberCardShell","apps/web/src/app/components/ChamberCardShell.tsx","70","30","direct"
"--weight-semibold","fontWeight","components/ChamberCardShell","apps/web/src/app/components/ChamberCardShell.tsx","71","32","direct"
"--leading-snug","lineHeight","components/ChamberCardShell","apps/web/src/app/components/ChamberCardShell.tsx","72","32","direct"
"--text-primary","color","components/ChamberCardShell","apps/web/src/app/components/ChamberCardShell.tsx","73","27","direct"
"--text-secondary","color","components/ChamberCardShell","apps/web/src/app/components/ChamberCardShell.tsx","92","31","direct"
"--font-body","fontFamily","components/ChamberCardShell","apps/web/src/app/components/ChamberCardShell.tsx","93","36","direct"
"--type-body-sm","fontSize","components/ChamberCardShell","apps/web/src/app/components/ChamberCardShell.tsx","94","34","direct"
"--weight-regular","fontWeight","components/ChamberCardShell","apps/web/src/app/components/ChamberCardShell.tsx","95","36","direct"
"--leading-normal","lineHeight","components/ChamberCardShell","apps/web/src/app/components/ChamberCardShell.tsx","96","36","direct"
"--surface-track","backgroundColor","components/ChamberCardShell","apps/web/src/app/components/ChamberCardShell.tsx","125","31","direct"
"--border-width-hairline","border","components/ChamberCardShell","apps/web/src/app/components/ChamberCardShell.tsx","126","22","direct"
"--border-default","border","components/ChamberCardShell","apps/web/src/app/components/ChamberCardShell.tsx","126","57","direct"
"--status-warning-fg","borderColor","components/FarmDataStatus","apps/web/src/app/components/FarmDataStatus.tsx","37","29","direct"
"--status-warning-bg","backgroundColor","components/FarmDataStatus","apps/web/src/app/components/FarmDataStatus.tsx","38","33","direct"
"--status-warning-fg","color","components/FarmDataStatus","apps/web/src/app/components/FarmDataStatus.tsx","39","23","direct"
"--status-warning-fg","borderColor","components/FarmDataStatus","apps/web/src/app/components/FarmDataStatus.tsx","63","29","direct"
"--status-warning-bg","backgroundColor","components/FarmDataStatus","apps/web/src/app/components/FarmDataStatus.tsx","64","33","direct"
"--status-warning-fg","color","components/FarmDataStatus","apps/web/src/app/components/FarmDataStatus.tsx","65","23","direct"
"--text-secondary","className","components/FeatureDataStatus","apps/web/src/app/components/FeatureDataStatus.tsx","13","58","direct"
"--status-warning-fg","className","components/FeatureDataStatus","apps/web/src/app/components/FeatureDataStatus.tsx","21","103","direct"
"--status-warning-bg","className","components/FeatureDataStatus","apps/web/src/app/components/FeatureDataStatus.tsx","21","133","direct"
"--status-warning-fg","className","components/FeatureDataStatus","apps/web/src/app/components/FeatureDataStatus.tsx","21","169","direct"
"--text-secondary","MUTED","components/FieldCounterLabel","apps/web/src/app/components/FieldCounterLabel.tsx","3","20","component constant"
"--status-danger-fg","CRIT","components/FieldCounterLabel","apps/web/src/app/components/FieldCounterLabel.tsx","4","19","component constant"
"--type-caption","fontSize","components/FieldCounterLabel","apps/web/src/app/components/FieldCounterLabel.tsx","34","26","direct"
"--weight-semibold","fontWeight","components/FieldCounterLabel","apps/web/src/app/components/FieldCounterLabel.tsx","35","28","direct"
"--track-gauge","TRACK","components/GaugeDial","apps/web/src/app/components/GaugeDial.tsx","26","20","component constant"
"--status-success-fg","SAFE","components/GaugeDial","apps/web/src/app/components/GaugeDial.tsx","27","19","component constant"
"--status-warning-fg","WARN","components/GaugeDial","apps/web/src/app/components/GaugeDial.tsx","28","19","component constant"
"--status-danger-fg","CRITICAL","components/GaugeDial","apps/web/src/app/components/GaugeDial.tsx","29","23","component constant"
"--text-primary","TEXT","components/GaugeDial","apps/web/src/app/components/GaugeDial.tsx","30","19","component constant"
"--text-secondary","MUTED","components/GaugeDial","apps/web/src/app/components/GaugeDial.tsx","31","20","component constant"
"--surface-card","fill","components/GaugeDial","apps/web/src/app/components/GaugeDial.tsx","137","21","direct"
"--font-display","fontFamily","components/GaugeDial","apps/web/src/app/components/GaugeDial.tsx","146","27","direct"
"--font-body","fontFamily","components/GaugeDial","apps/web/src/app/components/GaugeDial.tsx","162","27","direct"
"--type-label-compact","className","components/GaugeDial","apps/web/src/app/components/GaugeDial.tsx","173","37","direct"
"--type-caption","className","components/GaugeDial","apps/web/src/app/components/GaugeDial.tsx","173","89","direct"
"--type-label-micro","className","components/GaugeDial","apps/web/src/app/components/GaugeDial.tsx","181","39","direct"
"--type-label-compact","className","components/GaugeDial","apps/web/src/app/components/GaugeDial.tsx","181","110","direct"
"--type-label-compact","className","components/GaugeDial","apps/web/src/app/components/GaugeDial.tsx","186","43","direct"
"--text-primary","className","components/GaugeDial","apps/web/src/app/components/GaugeDial.tsx","186","89","direct"
"--type-caption","className","components/GaugeDial","apps/web/src/app/components/GaugeDial.tsx","186","122","direct"
"--dialog-width-narrow","className","components/HarvestModal","apps/web/src/app/components/HarvestModal.tsx","74","40","direct"
"--surface-subtle","backgroundColor","components/HarvestModal","apps/web/src/app/components/HarvestModal.tsx","76","33","direct"
"--border-width-hairline","border","components/HarvestModal","apps/web/src/app/components/HarvestModal.tsx","77","24","direct"
"--border-default","border","components/HarvestModal","apps/web/src/app/components/HarvestModal.tsx","77","59","direct"
"--radius-card","borderRadius","components/HarvestModal","apps/web/src/app/components/HarvestModal.tsx","78","30","direct"
"--font-display","fontFamily","components/HarvestModal","apps/web/src/app/components/HarvestModal.tsx","84","32","direct"
"--type-heading-md","fontSize","components/HarvestModal","apps/web/src/app/components/HarvestModal.tsx","85","30","direct"
"--weight-bold","fontWeight","components/HarvestModal","apps/web/src/app/components/HarvestModal.tsx","86","32","direct"
"--leading-snug","lineHeight","components/HarvestModal","apps/web/src/app/components/HarvestModal.tsx","87","32","direct"
"--text-primary","color","components/HarvestModal","apps/web/src/app/components/HarvestModal.tsx","88","27","direct"
"--type-caption","fontSize","components/HarvestModal","apps/web/src/app/components/HarvestModal.tsx","95","32","direct"
"--weight-medium","fontWeight","components/HarvestModal","apps/web/src/app/components/HarvestModal.tsx","96","34","direct"
"--text-primary","color","components/HarvestModal","apps/web/src/app/components/HarvestModal.tsx","97","29","direct"
"--type-caption","fontSize","components/HarvestModal","apps/web/src/app/components/HarvestModal.tsx","107","30","direct"
"--text-secondary","color","components/HarvestModal","apps/web/src/app/components/HarvestModal.tsx","108","27","direct"
"--type-body-sm","fontSize","components/HarvestModal","apps/web/src/app/components/HarvestModal.tsx","122","32","direct"
"--text-primary","color","components/HarvestModal","apps/web/src/app/components/HarvestModal.tsx","123","29","direct"
"--status-danger-fg","borderColor","components/HarvestModal","apps/web/src/app/components/HarvestModal.tsx","141","26","direct"
"--input-border","borderColor","components/HarvestModal","apps/web/src/app/components/HarvestModal.tsx","142","26","direct"
"--surface-card","backgroundColor","components/HarvestModal","apps/web/src/app/components/HarvestModal.tsx","143","39","direct"
"--text-primary","color","components/HarvestModal","apps/web/src/app/components/HarvestModal.tsx","144","29","direct"
"--type-caption","fontSize","components/HarvestModal","apps/web/src/app/components/HarvestModal.tsx","152","34","direct"
"--status-danger-fg","color","components/HarvestModal","apps/web/src/app/components/HarvestModal.tsx","153","31","direct"
"--weight-semibold","fontWeight","components/HarvestModal","apps/web/src/app/components/HarvestModal.tsx","154","36","direct"
"--type-caption","fontSize","components/HarvestModal","apps/web/src/app/components/HarvestModal.tsx","164","34","direct"
"--status-danger-fg","color","components/HarvestModal","apps/web/src/app/components/HarvestModal.tsx","165","31","direct"
"--weight-semibold","fontWeight","components/HarvestModal","apps/web/src/app/components/HarvestModal.tsx","166","36","direct"
"--surface-subtle","backgroundColor","components/HarvestModal","apps/web/src/app/components/HarvestModal.tsx","176","37","direct"
"--border-width-hairline","border","components/HarvestModal","apps/web/src/app/components/HarvestModal.tsx","177","28","direct"
"--border-default","border","components/HarvestModal","apps/web/src/app/components/HarvestModal.tsx","177","63","direct"
"--type-body-sm","fontSize","components/HarvestModal","apps/web/src/app/components/HarvestModal.tsx","183","34","direct"
"--weight-bold","fontWeight","components/HarvestModal","apps/web/src/app/components/HarvestModal.tsx","184","36","direct"
"--text-secondary","color","components/HarvestModal","apps/web/src/app/components/HarvestModal.tsx","185","31","direct"
"--type-caption","fontSize","components/HarvestModal","apps/web/src/app/components/HarvestModal.tsx","193","34","direct"
"--text-secondary","color","components/HarvestModal","apps/web/src/app/components/HarvestModal.tsx","194","31","direct"
"--font-display","fontFamily","components/HarvestModal","apps/web/src/app/components/HarvestModal.tsx","217","34","direct"
"--type-heading-md","fontSize","components/HarvestModal","apps/web/src/app/components/HarvestModal.tsx","218","32","direct"
"--weight-bold","fontWeight","components/HarvestModal","apps/web/src/app/components/HarvestModal.tsx","219","34","direct"
"--leading-snug","lineHeight","components/HarvestModal","apps/web/src/app/components/HarvestModal.tsx","220","34","direct"
"--brand-primary","color","components/HarvestModal","apps/web/src/app/components/HarvestModal.tsx","221","29","direct"
"--surface-subtle","backgroundColor","components/HarvestModal","apps/web/src/app/components/HarvestModal.tsx","236","35","direct"
"--border-width-hairline","borderTop","components/HarvestModal","apps/web/src/app/components/HarvestModal.tsx","237","29","direct"
"--border-default","borderTop","components/HarvestModal","apps/web/src/app/components/HarvestModal.tsx","237","64","direct"
"--control-height-mobile","height","components/HarvestModal","apps/web/src/app/components/HarvestModal.tsx","245","30","direct"
"--type-body","fontSize","components/HarvestModal","apps/web/src/app/components/HarvestModal.tsx","246","32","direct"
"--brand-primary","backgroundColor","components/HarvestModal","apps/web/src/app/components/HarvestModal.tsx","259","39","direct"
"--on-brand","color","components/HarvestModal","apps/web/src/app/components/HarvestModal.tsx","260","29","direct"
"--control-height-mobile","height","components/HarvestModal","apps/web/src/app/components/HarvestModal.tsx","262","30","direct"
"--type-body","fontSize","components/HarvestModal","apps/web/src/app/components/HarvestModal.tsx","263","32","direct"
"--ring","className","components/HelpWidget","apps/web/src/app/components/HelpWidget.tsx","52","194","direct"
"--surface-card","backgroundColor","components/HelpWidget","apps/web/src/app/components/HelpWidget.tsx","54","35","direct"
"--border-width-hairline","border","components/HelpWidget","apps/web/src/app/components/HelpWidget.tsx","55","26","direct"
"--border-help","border","components/HelpWidget","apps/web/src/app/components/HelpWidget.tsx","55","61","direct"
"--shadow-bubble","boxShadow","components/HelpWidget","apps/web/src/app/components/HelpWidget.tsx","56","29","direct"
"--brand-primary","className","components/HelpWidget","apps/web/src/app/components/HelpWidget.tsx","67","111","direct"
"--on-brand","className","components/HelpWidget","apps/web/src/app/components/HelpWidget.tsx","67","139","direct"
"--surface-card","backgroundColor","components/HelpWidget","apps/web/src/app/components/HelpWidget.tsx","78","33","direct"
"--border-help","borderColor","components/HelpWidget","apps/web/src/app/components/HelpWidget.tsx","79","29","direct"
"--surface-help","backgroundColor","components/HelpWidget","apps/web/src/app/components/HelpWidget.tsx","91","35","direct"
"--border-help-soft","borderColor","components/HelpWidget","apps/web/src/app/components/HelpWidget.tsx","92","31","direct"
"--font-display","className","components/HelpWidget","apps/web/src/app/components/HelpWidget.tsx","96","47","direct"
"--text-primary","className","components/HelpWidget","apps/web/src/app/components/HelpWidget.tsx","96","74","direct"
"--type-body-sm","className","components/HelpWidget","apps/web/src/app/components/HelpWidget.tsx","99","61","direct"
"--type-body","className","components/HelpWidget","apps/web/src/app/components/HelpWidget.tsx","103","130","direct"
"--text-primary","className","components/HelpWidget","apps/web/src/app/components/HelpWidget.tsx","103","167","direct"
"--surface-help-hover","className","components/HelpWidget","apps/web/src/app/components/HelpWidget.tsx","103","198","direct"
"--ring","className","components/HelpWidget","apps/web/src/app/components/HelpWidget.tsx","103","293","direct"
"--type-body","className","components/HelpWidget","apps/web/src/app/components/HelpWidget.tsx","107","52","direct"
"--text-secondary","className","components/HelpWidget","apps/web/src/app/components/HelpWidget.tsx","107","75","direct"
"--surface-help","className","components/HelpWidget","apps/web/src/app/components/HelpWidget.tsx","117","163","direct"
"--ring","className","components/HelpWidget","apps/web/src/app/components/HelpWidget.tsx","117","252","direct"
"--border-help-row","borderColor","components/HelpWidget","apps/web/src/app/components/HelpWidget.tsx","119","39","direct"
"--text-help","color","components/HelpWidget","apps/web/src/app/components/HelpWidget.tsx","120","33","direct"
"--brand-primary","className","components/HelpWidget","apps/web/src/app/components/HelpWidget.tsx","129","52","direct"
"--border-default","BORDER","components/IncubatorCard","apps/web/src/app/components/IncubatorCard.tsx","38","21","component constant"
"--surface-tile","TILE","components/IncubatorCard","apps/web/src/app/components/IncubatorCard.tsx","39","19","component constant"
"--text-secondary","MUTED","components/IncubatorCard","apps/web/src/app/components/IncubatorCard.tsx","40","20","component constant"
"--brand-primary","RUST","components/IncubatorCard","apps/web/src/app/components/IncubatorCard.tsx","41","19","component constant"
"--brand-primary","CTA","components/IncubatorCard","apps/web/src/app/components/IncubatorCard.tsx","42","18","component constant"
"--surface-warn-tile","warning","components/IncubatorCard","apps/web/src/app/components/IncubatorCard.tsx","46","17","direct"
"--surface-blush","critical","components/IncubatorCard","apps/web/src/app/components/IncubatorCard.tsx","47","18","direct"
"--tile-border-warning","warning","components/IncubatorCard","apps/web/src/app/components/IncubatorCard.tsx","51","17","direct"
"--tile-border-critical","critical","components/IncubatorCard","apps/web/src/app/components/IncubatorCard.tsx","52","18","direct"
"--on-brand","color","components/IncubatorCard","apps/web/src/app/components/IncubatorCard.tsx","59","16","component default"
"--on-brand","color","components/IncubatorCard","apps/web/src/app/components/IncubatorCard.tsx","69","16","component default"
"--on-brand","color","components/IncubatorCard","apps/web/src/app/components/IncubatorCard.tsx","79","16","component default"
"--on-brand","color","components/IncubatorCard","apps/web/src/app/components/IncubatorCard.tsx","89","16","component default"
"--on-brand","color","components/IncubatorCard","apps/web/src/app/components/IncubatorCard.tsx","99","16","component default"
"--on-brand","color","components/IncubatorCard","apps/web/src/app/components/IncubatorCard.tsx","109","16","component default"
"--on-brand","color","components/IncubatorCard","apps/web/src/app/components/IncubatorCard.tsx","119","16","component default"
"--on-brand","color","components/IncubatorCard","apps/web/src/app/components/IncubatorCard.tsx","129","16","component default"
"--status-offline-bg","bg","components/IncubatorCard","apps/web/src/app/components/IncubatorCard.tsx","157","16","direct"
"--status-offline-fg","fg","components/IncubatorCard","apps/web/src/app/components/IncubatorCard.tsx","158","16","direct"
"--status-success-pale","bg","components/IncubatorCard","apps/web/src/app/components/IncubatorCard.tsx","165","16","direct"
"--status-success-strong","fg","components/IncubatorCard","apps/web/src/app/components/IncubatorCard.tsx","166","16","direct"
"--status-danger-bg","bg","components/IncubatorCard","apps/web/src/app/components/IncubatorCard.tsx","172","16","direct"
"--status-danger-strong","fg","components/IncubatorCard","apps/web/src/app/components/IncubatorCard.tsx","173","16","direct"
"--surface-pending","bg","components/IncubatorCard","apps/web/src/app/components/IncubatorCard.tsx","179","16","direct"
"--text-amber-soft","fg","components/IncubatorCard","apps/web/src/app/components/IncubatorCard.tsx","180","16","direct"
"--status-flight-bg","bg","components/IncubatorCard","apps/web/src/app/components/IncubatorCard.tsx","186","16","direct"
"--status-flight-fg","fg","components/IncubatorCard","apps/web/src/app/components/IncubatorCard.tsx","187","16","direct"
"--brand-primary-soft","bg","components/IncubatorCard","apps/web/src/app/components/IncubatorCard.tsx","193","16","direct"
"--brand-primary","fg","components/IncubatorCard","apps/web/src/app/components/IncubatorCard.tsx","194","16","direct"
"--status-idle-bg","bg","components/IncubatorCard","apps/web/src/app/components/IncubatorCard.tsx","200","16","direct"
"--status-idle-fg","fg","components/IncubatorCard","apps/web/src/app/components/IncubatorCard.tsx","201","16","direct"
"--status-hatch-bg","bg","components/IncubatorCard","apps/web/src/app/components/IncubatorCard.tsx","207","14","direct"
"--status-hatch-fg","fg","components/IncubatorCard","apps/web/src/app/components/IncubatorCard.tsx","208","14","direct"
"--font-body","fontFamily","components/IncubatorCard","apps/web/src/app/components/IncubatorCard.tsx","219","28","direct"
"--type-caption","fontSize","components/IncubatorCard","apps/web/src/app/components/IncubatorCard.tsx","220","26","direct"
"--weight-regular","fontWeight","components/IncubatorCard","apps/web/src/app/components/IncubatorCard.tsx","221","28","direct"
"--leading-normal","lineHeight","components/IncubatorCard","apps/web/src/app/components/IncubatorCard.tsx","222","28","direct"
"--font-body","fontFamily","components/IncubatorCard","apps/web/src/app/components/IncubatorCard.tsx","232","26","direct"
"--type-caption","fontSize","components/IncubatorCard","apps/web/src/app/components/IncubatorCard.tsx","233","24","direct"
"--weight-regular","fontWeight","components/IncubatorCard","apps/web/src/app/components/IncubatorCard.tsx","234","26","direct"
"--leading-normal","lineHeight","components/IncubatorCard","apps/web/src/app/components/IncubatorCard.tsx","235","26","direct"
"--radius-dialog","className","components/IncubatorCard","apps/web/src/app/components/IncubatorCard.tsx","272","55","direct"
"--border-width-hairline","border","components/IncubatorCard","apps/web/src/app/components/IncubatorCard.tsx","275","22","direct"
"--text-primary","color","components/IncubatorCard","apps/web/src/app/components/IncubatorCard.tsx","282","23","direct"
"--font-body","fontFamily","components/IncubatorCard","apps/web/src/app/components/IncubatorCard.tsx","283","28","direct"
"--type-label","fontSize","components/IncubatorCard","apps/web/src/app/components/IncubatorCard.tsx","284","26","direct"
"--weight-bold","fontWeight","components/IncubatorCard","apps/web/src/app/components/IncubatorCard.tsx","285","28","direct"
"--tracking-label","letterSpacing","components/IncubatorCard","apps/web/src/app/components/IncubatorCard.tsx","286","31","direct"
"--leading-snug","lineHeight","components/IncubatorCard","apps/web/src/app/components/IncubatorCard.tsx","287","28","direct"
"--font-display","fontFamily","components/IncubatorCard","apps/web/src/app/components/IncubatorCard.tsx","309","30","direct"
"--type-heading-sm","fontSize","components/IncubatorCard","apps/web/src/app/components/IncubatorCard.tsx","312","24","direct"
"--type-heading-md","fontSize","components/IncubatorCard","apps/web/src/app/components/IncubatorCard.tsx","313","24","direct"
"--weight-bold","fontWeight","components/IncubatorCard","apps/web/src/app/components/IncubatorCard.tsx","314","30","direct"
"--leading-tight","lineHeight","components/IncubatorCard","apps/web/src/app/components/IncubatorCard.tsx","315","30","direct"
"--font-body","fontFamily","components/IncubatorCard","apps/web/src/app/components/IncubatorCard.tsx","328","32","direct"
"--type-caption","fontSize","components/IncubatorCard","apps/web/src/app/components/IncubatorCard.tsx","329","30","direct"
"--weight-regular","fontWeight","components/IncubatorCard","apps/web/src/app/components/IncubatorCard.tsx","330","32","direct"
"--leading-normal","lineHeight","components/IncubatorCard","apps/web/src/app/components/IncubatorCard.tsx","331","32","direct"
"--font-body","fontFamily","components/IncubatorCard","apps/web/src/app/components/IncubatorCard.tsx","345","32","direct"
"--type-label","fontSize","components/IncubatorCard","apps/web/src/app/components/IncubatorCard.tsx","348","26","direct"
"--type-caption","fontSize","components/IncubatorCard","apps/web/src/app/components/IncubatorCard.tsx","349","26","direct"
"--weight-regular","fontWeight","components/IncubatorCard","apps/web/src/app/components/IncubatorCard.tsx","350","32","direct"
"--leading-normal","lineHeight","components/IncubatorCard","apps/web/src/app/components/IncubatorCard.tsx","351","32","direct"
"--ring","className","components/IncubatorCard","apps/web/src/app/components/IncubatorCard.tsx","402","153","direct"
"--progress-stroke","color","components/IncubatorCard","apps/web/src/app/components/IncubatorCard.tsx","426","36","direct"
"--text-gray-cool","color","components/IncubatorCard","apps/web/src/app/components/IncubatorCard.tsx","434","31","direct"
"--text-farm","color","components/IncubatorCard","apps/web/src/app/components/IncubatorCard.tsx","434","57","direct"
"--weight-medium","fontWeight","components/IncubatorCard","apps/web/src/app/components/IncubatorCard.tsx","435","28","direct"
"--status-danger-bg","backgroundColor","components/IncubatorCard","apps/web/src/app/components/IncubatorCard.tsx","450","30","direct"
"--status-warning-bg","backgroundColor","components/IncubatorCard","apps/web/src/app/components/IncubatorCard.tsx","451","30","direct"
"--status-danger-strong","color","components/IncubatorCard","apps/web/src/app/components/IncubatorCard.tsx","454","30","direct"
"--text-amber-deep","color","components/IncubatorCard","apps/web/src/app/components/IncubatorCard.tsx","455","30","direct"
"--font-body","fontFamily","components/IncubatorCard","apps/web/src/app/components/IncubatorCard.tsx","456","36","direct"
"--type-label","fontSize","components/IncubatorCard","apps/web/src/app/components/IncubatorCard.tsx","457","34","direct"
"--weight-bold","fontWeight","components/IncubatorCard","apps/web/src/app/components/IncubatorCard.tsx","458","36","direct"
"--tracking-label","letterSpacing","components/IncubatorCard","apps/web/src/app/components/IncubatorCard.tsx","459","39","direct"
"--leading-snug","lineHeight","components/IncubatorCard","apps/web/src/app/components/IncubatorCard.tsx","460","36","direct"
"--radius-dialog","className","components/IncubatorCard","apps/web/src/app/components/IncubatorCard.tsx","474","84","direct"
"--surface-subtle","backgroundColor","components/IncubatorCard","apps/web/src/app/components/IncubatorCard.tsx","475","42","direct"
"--font-display","fontFamily","components/IncubatorCard","apps/web/src/app/components/IncubatorCard.tsx","479","32","direct"
"--type-heading-sm","fontSize","components/IncubatorCard","apps/web/src/app/components/IncubatorCard.tsx","480","30","direct"
"--weight-bold","fontWeight","components/IncubatorCard","apps/web/src/app/components/IncubatorCard.tsx","481","32","direct"
"--leading-snug","lineHeight","components/IncubatorCard","apps/web/src/app/components/IncubatorCard.tsx","482","32","direct"
"--text-primary","color","components/IncubatorCard","apps/web/src/app/components/IncubatorCard.tsx","483","27","direct"
"--font-body","fontFamily","components/IncubatorCard","apps/web/src/app/components/IncubatorCard.tsx","490","32","direct"
"--type-caption","fontSize","components/IncubatorCard","apps/web/src/app/components/IncubatorCard.tsx","491","30","direct"
"--weight-regular","fontWeight","components/IncubatorCard","apps/web/src/app/components/IncubatorCard.tsx","492","32","direct"
"--text-farm","color","components/IncubatorCard","apps/web/src/app/components/IncubatorCard.tsx","493","27","direct"
"--leading-normal","lineHeight","components/IncubatorCard","apps/web/src/app/components/IncubatorCard.tsx","494","32","direct"
"--font-body","fontFamily","components/IncubatorCard","apps/web/src/app/components/IncubatorCard.tsx","544","36","direct"
"--type-body-sm","fontSize","components/IncubatorCard","apps/web/src/app/components/IncubatorCard.tsx","545","34","direct"
"--weight-bold","fontWeight","components/IncubatorCard","apps/web/src/app/components/IncubatorCard.tsx","546","36","direct"
"--leading-normal","lineHeight","components/IncubatorCard","apps/web/src/app/components/IncubatorCard.tsx","547","36","direct"
"--text-primary","color","components/IncubatorCard","apps/web/src/app/components/IncubatorCard.tsx","548","31","direct"
"--font-body","fontFamily","components/IncubatorCard","apps/web/src/app/components/IncubatorCard.tsx","556","36","direct"
"--type-caption","fontSize","components/IncubatorCard","apps/web/src/app/components/IncubatorCard.tsx","557","34","direct"
"--weight-medium","fontWeight","components/IncubatorCard","apps/web/src/app/components/IncubatorCard.tsx","558","36","direct"
"--leading-normal","lineHeight","components/IncubatorCard","apps/web/src/app/components/IncubatorCard.tsx","559","36","direct"
"--progress-thickness","height","components/IncubatorCard","apps/web/src/app/components/IncubatorCard.tsx","569","30","direct"
"--radius-pill","borderRadius","components/IncubatorCard","apps/web/src/app/components/IncubatorCard.tsx","583","38","direct"
"--status-icon-badge-fg","color","components/IncubatorCard","apps/web/src/app/components/IncubatorCard.tsx","605","30","direct"
"--font-body","fontFamily","components/IncubatorCard","apps/web/src/app/components/IncubatorCard.tsx","619","32","direct"
"--type-body","fontSize","components/IncubatorCard","apps/web/src/app/components/IncubatorCard.tsx","620","30","direct"
"--weight-bold","fontWeight","components/IncubatorCard","apps/web/src/app/components/IncubatorCard.tsx","621","32","direct"
"--leading-normal","lineHeight","components/IncubatorCard","apps/web/src/app/components/IncubatorCard.tsx","622","32","direct"
"--on-brand","color","components/IncubatorCard","apps/web/src/app/components/IncubatorCard.tsx","639","27","direct"
"--font-body","fontFamily","components/IncubatorCard","apps/web/src/app/components/IncubatorCard.tsx","640","32","direct"
"--type-caption","fontSize","components/IncubatorCard","apps/web/src/app/components/IncubatorCard.tsx","641","30","direct"
"--weight-bold","fontWeight","components/IncubatorCard","apps/web/src/app/components/IncubatorCard.tsx","642","32","direct"
"--leading-normal","lineHeight","components/IncubatorCard","apps/web/src/app/components/IncubatorCard.tsx","643","32","direct"
"--surface-action-hover","className","components/IncubatorCard","apps/web/src/app/components/IncubatorCard.tsx","658","108","direct"
"--surface-card","backgroundColor","components/IncubatorCard","apps/web/src/app/components/IncubatorCard.tsx","660","37","direct"
"--border-width-hairline","border","components/IncubatorCard","apps/web/src/app/components/IncubatorCard.tsx","662","28","direct"
"--border-ink","border","components/IncubatorCard","apps/web/src/app/components/IncubatorCard.tsx","662","63","direct"
"--font-body","fontFamily","components/IncubatorCard","apps/web/src/app/components/IncubatorCard.tsx","663","32","direct"
"--type-body-sm","fontSize","components/IncubatorCard","apps/web/src/app/components/IncubatorCard.tsx","664","30","direct"
"--weight-bold","fontWeight","components/IncubatorCard","apps/web/src/app/components/IncubatorCard.tsx","665","32","direct"
"--leading-normal","lineHeight","components/IncubatorCard","apps/web/src/app/components/IncubatorCard.tsx","666","32","direct"
"--surface-card","backgroundColor","components/KpiCard","apps/web/src/app/components/KpiCard.tsx","39","25","direct"
"--border-default","borderColor","components/KpiCard","apps/web/src/app/components/KpiCard.tsx","40","21","direct"
"--radius-card","borderRadius","components/KpiCard","apps/web/src/app/components/KpiCard.tsx","41","22","direct"
"--shadow-card","boxShadow","components/KpiCard","apps/web/src/app/components/KpiCard.tsx","42","19","direct"
"--brand-primary","color","components/KpiCard","apps/web/src/app/components/KpiCard.tsx","88","34","direct"
"--text-muted","color","components/KpiCard","apps/web/src/app/components/KpiCard.tsx","95","29","direct"
"--font-body","fontFamily","components/KpiCard","apps/web/src/app/components/KpiCard.tsx","96","34","direct"
"--type-label","fontSize","components/KpiCard","apps/web/src/app/components/KpiCard.tsx","97","32","direct"
"--weight-bold","fontWeight","components/KpiCard","apps/web/src/app/components/KpiCard.tsx","98","34","direct"
"--tracking-label","letterSpacing","components/KpiCard","apps/web/src/app/components/KpiCard.tsx","99","37","direct"
"--leading-snug","lineHeight","components/KpiCard","apps/web/src/app/components/KpiCard.tsx","100","34","direct"
"--type-panel-title","className","components/KpiCard","apps/web/src/app/components/KpiCard.tsx","114","43","direct"
"--font-display","fontFamily","components/KpiCard","apps/web/src/app/components/KpiCard.tsx","116","38","direct"
"--weight-extrabold","fontWeight","components/KpiCard","apps/web/src/app/components/KpiCard.tsx","117","38","direct"
"--leading-tight","lineHeight","components/KpiCard","apps/web/src/app/components/KpiCard.tsx","118","38","direct"
"--text-primary","color","components/KpiCard","apps/web/src/app/components/KpiCard.tsx","119","43","direct"
"--type-panel-title","className","components/KpiCard","apps/web/src/app/components/KpiCard.tsx","129","48","direct"
"--font-display","fontFamily","components/KpiCard","apps/web/src/app/components/KpiCard.tsx","131","36","direct"
"--weight-extrabold","fontWeight","components/KpiCard","apps/web/src/app/components/KpiCard.tsx","132","36","direct"
"--leading-tight","lineHeight","components/KpiCard","apps/web/src/app/components/KpiCard.tsx","133","36","direct"
"--text-primary","color","components/KpiCard","apps/web/src/app/components/KpiCard.tsx","134","41","direct"
"--border-subtle","className","components/KpiCard","apps/web/src/app/components/KpiCard.tsx","145","78","direct"
"--brand-primary","backgroundColor","components/KpiCard","apps/web/src/app/components/KpiCard.tsx","149","46","direct"
"--text-primary","color","components/KpiCard","apps/web/src/app/components/KpiCard.tsx","155","31","direct"
"--type-label","fontSize","components/KpiCard","apps/web/src/app/components/KpiCard.tsx","156","34","direct"
"--text-muted","color","components/KpiCard","apps/web/src/app/components/KpiCard.tsx","164","33","direct"
"--type-label","fontSize","components/KpiCard","apps/web/src/app/components/KpiCard.tsx","165","36","direct"
"--text-muted","color","components/KpiCard","apps/web/src/app/components/KpiCard.tsx","174","33","direct"
"--type-label","fontSize","components/KpiCard","apps/web/src/app/components/KpiCard.tsx","175","36","direct"
"--type-label","className","components/KpiCard","apps/web/src/app/components/KpiCard.tsx","186","123","direct"
"--status-info-bg","backgroundColor","components/KpiCard","apps/web/src/app/components/KpiCard.tsx","190","26","direct"
"--status-success-bg","backgroundColor","components/KpiCard","apps/web/src/app/components/KpiCard.tsx","192","28","direct"
"--status-danger-bg","backgroundColor","components/KpiCard","apps/web/src/app/components/KpiCard.tsx","194","30","direct"
"--status-warning-bg","backgroundColor","components/KpiCard","apps/web/src/app/components/KpiCard.tsx","195","30","direct"
"--status-info-fg","color","components/KpiCard","apps/web/src/app/components/KpiCard.tsx","198","26","direct"
"--status-success-fg","color","components/KpiCard","apps/web/src/app/components/KpiCard.tsx","200","28","direct"
"--status-danger-fg","color","components/KpiCard","apps/web/src/app/components/KpiCard.tsx","202","30","direct"
"--status-warning-fg","color","components/KpiCard","apps/web/src/app/components/KpiCard.tsx","203","30","direct"
"--border-default","borderColor","components/KpiCard","apps/web/src/app/components/KpiCard.tsx","204","33","direct"
"--type-caption","fontSize","components/LiveDateTime","apps/web/src/app/components/LiveDateTime.tsx","57","28","direct"
"--weight-medium","fontWeight","components/LiveDateTime","apps/web/src/app/components/LiveDateTime.tsx","58","30","direct"
"--text-muted","color","components/LiveDateTime","apps/web/src/app/components/LiveDateTime.tsx","59","25","direct"
"--type-body","fontSize","components/LiveDateTime","apps/web/src/app/components/LiveDateTime.tsx","80","26","direct"
"--weight-semibold","fontWeight","components/LiveDateTime","apps/web/src/app/components/LiveDateTime.tsx","81","28","direct"
"--text-primary","color","components/LiveDateTime","apps/web/src/app/components/LiveDateTime.tsx","82","23","direct"
"--tracking-tight","letterSpacing","components/LiveDateTime","apps/web/src/app/components/LiveDateTime.tsx","84","31","direct"
"--type-body-sm","fontSize","components/LiveDateTime","apps/web/src/app/components/LiveDateTime.tsx","92","26","direct"
"--weight-medium","fontWeight","components/LiveDateTime","apps/web/src/app/components/LiveDateTime.tsx","93","28","direct"
"--text-muted","color","components/LiveDateTime","apps/web/src/app/components/LiveDateTime.tsx","94","23","direct"
"--text-primary","TEXT","components/PageHeader","apps/web/src/app/components/PageHeader.tsx","33","19","component constant"
"--text-secondary","MUTED","components/PageHeader","apps/web/src/app/components/PageHeader.tsx","34","20","component constant"
"--brand-primary","RUST","components/PageHeader","apps/web/src/app/components/PageHeader.tsx","35","19","component constant"
"--brand-primary","color","components/PageHeader","apps/web/src/app/components/PageHeader.tsx","73","25","direct"
"--weight-extrabold","fontWeight","components/PageHeader","apps/web/src/app/components/PageHeader.tsx","74","30","direct"
"--surface-muted","className","components/PageHeader","apps/web/src/app/components/PageHeader.tsx","94","141","direct"
"--ring","className","components/PageHeader","apps/web/src/app/components/PageHeader.tsx","94","231","direct"
"--font-body","fontFamily","components/PageHeader","apps/web/src/app/components/PageHeader.tsx","97","34","direct"
"--type-body","fontSize","components/PageHeader","apps/web/src/app/components/PageHeader.tsx","98","32","direct"
"--weight-medium","fontWeight","components/PageHeader","apps/web/src/app/components/PageHeader.tsx","99","34","direct"
"--control-hit-area-icon","minHeight","components/PageHeader","apps/web/src/app/components/PageHeader.tsx","100","33","direct"
"--surface-muted","className","components/PageHeader","apps/web/src/app/components/PageHeader.tsx","180","139","direct"
"--ring","className","components/PageHeader","apps/web/src/app/components/PageHeader.tsx","180","229","direct"
"--font-body","fontFamily","components/PageHeader","apps/web/src/app/components/PageHeader.tsx","183","32","direct"
"--type-body","fontSize","components/PageHeader","apps/web/src/app/components/PageHeader.tsx","184","30","direct"
"--weight-medium","fontWeight","components/PageHeader","apps/web/src/app/components/PageHeader.tsx","185","32","direct"
"--control-hit-area-icon","minHeight","components/PageHeader","apps/web/src/app/components/PageHeader.tsx","186","31","direct"
"--status-success-fg","color","components/PowerIndicator","apps/web/src/app/components/PowerIndicator.tsx","30","12","component constant"
"--status-danger-fg","color","components/PowerIndicator","apps/web/src/app/components/PowerIndicator.tsx","32","14","component constant"
"--text-strong","color","components/PowerIndicator","apps/web/src/app/components/PowerIndicator.tsx","33","14","component constant"
"--status-success-bg","bg","components/PowerIndicator","apps/web/src/app/components/PowerIndicator.tsx","35","12","component constant"
"--status-danger-bg","bg","components/PowerIndicator","apps/web/src/app/components/PowerIndicator.tsx","37","14","component constant"
"--surface-tile","bg","components/PowerIndicator","apps/web/src/app/components/PowerIndicator.tsx","38","14","component constant"
"--control-height-pill","height","components/PowerIndicator","apps/web/src/app/components/PowerIndicator.tsx","49","22","direct"
"--type-label","fontSize","components/PowerIndicator","apps/web/src/app/components/PowerIndicator.tsx","52","24","direct"
"--weight-bold","fontWeight","components/PowerIndicator","apps/web/src/app/components/PowerIndicator.tsx","53","26","direct"
"--border-default","className","components/RawReadingsDialog","apps/web/src/app/components/RawReadingsDialog.tsx","119","84","direct"
"--border-default","className","components/RecoveryBoundary","apps/web/src/app/components/RecoveryBoundary.tsx","32","78","direct"
"--surface-card","className","components/RecoveryBoundary","apps/web/src/app/components/RecoveryBoundary.tsx","32","105","direct"
"--text-primary","className","components/RecoveryBoundary","apps/web/src/app/components/RecoveryBoundary.tsx","32","136","direct"
"--ring","className","components/RecoveryBoundary","apps/web/src/app/components/RecoveryBoundary.tsx","69","129","direct"
"--track-battery","TRACK","components/SegmentedBattery","apps/web/src/app/components/SegmentedBattery.tsx","3","20","component constant"
"--status-success-fg","CHARGING","components/SegmentedBattery","apps/web/src/app/components/SegmentedBattery.tsx","34","23","component constant"
"--text-note","NEUTRAL","components/SegmentedBattery","apps/web/src/app/components/SegmentedBattery.tsx","35","22","component constant"
"--status-danger-fg","LOW","components/SegmentedBattery","apps/web/src/app/components/SegmentedBattery.tsx","36","18","component constant"
"--type-caption","fontSize","components/SegmentedBattery","apps/web/src/app/components/SegmentedBattery.tsx","74","28","direct"
"--weight-bold","fontWeight","components/SegmentedBattery","apps/web/src/app/components/SegmentedBattery.tsx","75","30","direct"
"--battery-bar-height","height","components/SegmentedBattery","apps/web/src/app/components/SegmentedBattery.tsx","99","28","direct"
"--radius-bar","borderRadius","components/SegmentedBattery","apps/web/src/app/components/SegmentedBattery.tsx","100","34","direct"
"--status-success-bg","bg","components/StatusBadge","apps/web/src/app/components/StatusBadge.tsx","11","14","direct"
"--status-success-fg","fg","components/StatusBadge","apps/web/src/app/components/StatusBadge.tsx","12","14","direct"
"--status-warning-bg","bg","components/StatusBadge","apps/web/src/app/components/StatusBadge.tsx","16","14","direct"
"--status-warning-fg","fg","components/StatusBadge","apps/web/src/app/components/StatusBadge.tsx","17","14","direct"
"--status-danger-bg","bg","components/StatusBadge","apps/web/src/app/components/StatusBadge.tsx","21","14","direct"
"--status-danger-fg","fg","components/StatusBadge","apps/web/src/app/components/StatusBadge.tsx","22","14","direct"
"--control-height-pill","height","components/StatusBadge","apps/web/src/app/components/StatusBadge.tsx","35","22","direct"
"--pill-padding","padding","components/StatusBadge","apps/web/src/app/components/StatusBadge.tsx","36","23","direct"
"--weight-semibold","fontWeight","components/StatusBadge","apps/web/src/app/components/StatusBadge.tsx","43","28","direct"
"--type-caption","fontSize","components/StatusBadge","apps/web/src/app/components/StatusBadge.tsx","44","26","direct"
"--status-success-fg","success","components/StatusIconBadge","apps/web/src/app/components/StatusIconBadge.tsx","12","17","direct"
"--status-warning-fg","warning","components/StatusIconBadge","apps/web/src/app/components/StatusIconBadge.tsx","13","17","direct"
"--status-danger-fg","danger","components/StatusIconBadge","apps/web/src/app/components/StatusIconBadge.tsx","14","16","direct"
"--status-info-fg","info","components/StatusIconBadge","apps/web/src/app/components/StatusIconBadge.tsx","15","14","direct"
"--brand-primary","brand","components/StatusIconBadge","apps/web/src/app/components/StatusIconBadge.tsx","16","15","direct"
"--status-icon-badge-size-sm","circle","components/StatusIconBadge","apps/web/src/app/components/StatusIconBadge.tsx","24","18","direct"
"--status-icon-badge-glyph-sm","glyph","components/StatusIconBadge","apps/web/src/app/components/StatusIconBadge.tsx","25","17","direct"
"--status-icon-badge-size-md","circle","components/StatusIconBadge","apps/web/src/app/components/StatusIconBadge.tsx","28","18","direct"
"--status-icon-badge-glyph-md","glyph","components/StatusIconBadge","apps/web/src/app/components/StatusIconBadge.tsx","29","17","direct"
"--status-icon-badge-size-lg","circle","components/StatusIconBadge","apps/web/src/app/components/StatusIconBadge.tsx","32","18","direct"
"--status-icon-badge-glyph-lg","glyph","components/StatusIconBadge","apps/web/src/app/components/StatusIconBadge.tsx","33","17","direct"
"--status-icon-badge-size-banner","circle","components/StatusIconBadge","apps/web/src/app/components/StatusIconBadge.tsx","36","18","direct"
"--status-icon-badge-glyph-banner","glyph","components/StatusIconBadge","apps/web/src/app/components/StatusIconBadge.tsx","37","17","direct"
"--status-icon-badge-fg","color","components/StatusIconBadge","apps/web/src/app/components/StatusIconBadge.tsx","65","21","direct"
"--text-muted","color","components/SuspenseFallback","apps/web/src/app/components/SuspenseFallback.tsx","5","28","direct"
"--surface-muted","className","components/SuspenseFallback","apps/web/src/app/components/SuspenseFallback.tsx","11","64","direct"
"--surface-muted","className","components/SuspenseFallback","apps/web/src/app/components/SuspenseFallback.tsx","12","48","direct"
"--toast-bg","TOAST_BG","components/ToastStack","apps/web/src/app/components/ToastStack.tsx","5","23","component constant"
"--toast-success","SAGE","components/ToastStack","apps/web/src/app/components/ToastStack.tsx","6","19","component constant"
"--toast-neutral","NEUTRAL","components/ToastStack","apps/web/src/app/components/ToastStack.tsx","7","22","component constant"
"--mobile-bottom-nav-clearance","className","components/ToastStack","apps/web/src/app/components/ToastStack.tsx","65","56","direct"
"--shadow-toast","boxShadow","components/ToastStack","apps/web/src/app/components/ToastStack.tsx","79","31","direct"
"--text-toast","color","components/ToastStack","apps/web/src/app/components/ToastStack.tsx","96","29","direct"
"--type-body-sm","fontSize","components/ToastStack","apps/web/src/app/components/ToastStack.tsx","97","32","direct"
"--weight-semibold","fontWeight","components/ToastStack","apps/web/src/app/components/ToastStack.tsx","98","34","direct"
"--surface-muted","className","components/UtilityHeader","apps/web/src/app/components/UtilityHeader.tsx","14","135","direct"
"--ring","className","components/UtilityHeader","apps/web/src/app/components/UtilityHeader.tsx","14","245","direct"
"--control-size-lg","height","components/UtilityHeader","apps/web/src/app/components/UtilityHeader.tsx","16","22","direct"
"--control-size-lg","width","components/UtilityHeader","apps/web/src/app/components/UtilityHeader.tsx","17","21","direct"
"--surface-card","backgroundColor","components/UtilityHeader","apps/web/src/app/components/UtilityHeader.tsx","18","31","direct"
"--border-default","borderColor","components/UtilityHeader","apps/web/src/app/components/UtilityHeader.tsx","19","27","direct"
"--text-secondary","color","components/UtilityHeader","apps/web/src/app/components/UtilityHeader.tsx","20","21","direct"
"--badge-alert-bg","backgroundColor","components/UtilityHeader","apps/web/src/app/components/UtilityHeader.tsx","35","35","direct"
"--on-brand","color","components/UtilityHeader","apps/web/src/app/components/UtilityHeader.tsx","36","25","direct"
"--type-label","fontSize","components/UtilityHeader","apps/web/src/app/components/UtilityHeader.tsx","37","28","direct"
"--weight-bold","fontWeight","components/UtilityHeader","apps/web/src/app/components/UtilityHeader.tsx","38","30","direct"
"--surface-app","border","components/UtilityHeader","apps/web/src/app/components/UtilityHeader.tsx","39","36","direct"
"--surface-muted","backgroundColor","components/ViewToggle","apps/web/src/app/components/ViewToggle.tsx","23","38","direct"
"--surface-card","className","components/ViewToggle","apps/web/src/app/components/ViewToggle.tsx","35","193","direct"
"--brand-primary","className","components/ViewToggle","apps/web/src/app/components/ViewToggle.tsx","35","220","direct"
"--text-secondary","className","components/ViewToggle","apps/web/src/app/components/ViewToggle.tsx","35","267","direct"
"--wash-white-60","className","components/ViewToggle","apps/web/src/app/components/ViewToggle.tsx","35","300","direct"
"--brand-primary","className","components/ViewToggle","apps/web/src/app/components/ViewToggle.tsx","35","334","direct"
"--shadow-lift","boxShadow","components/ViewToggle","apps/web/src/app/components/ViewToggle.tsx","37","40","direct"
"--track-gauge","TRACK","components/WaterDroplet","apps/web/src/app/components/WaterDroplet.tsx","6","20","component constant"
"--status-success-fg","OK","components/WaterDroplet","apps/web/src/app/components/WaterDroplet.tsx","7","17","component constant"
"--status-danger-fg","ALERT","components/WaterDroplet","apps/web/src/app/components/WaterDroplet.tsx","8","20","component constant"
"--text-primary","TEXT","components/WaterDroplet","apps/web/src/app/components/WaterDroplet.tsx","9","19","component constant"
"--text-secondary","MUTED","components/WaterDroplet","apps/web/src/app/components/WaterDroplet.tsx","10","20","component constant"
"--font-display","fontFamily","components/WaterDroplet","apps/web/src/app/components/WaterDroplet.tsx","93","32","direct"
"--weight-bold","fontWeight","components/WaterDroplet","apps/web/src/app/components/WaterDroplet.tsx","95","32","direct"
"--font-body","fontFamily","components/WaterDroplet","apps/web/src/app/components/WaterDroplet.tsx","105","32","direct"
"--weight-semibold","fontWeight","components/WaterDroplet","apps/web/src/app/components/WaterDroplet.tsx","107","32","direct"
"--type-label-micro","className","components/WaterDroplet","apps/web/src/app/components/WaterDroplet.tsx","118","35","direct"
"--type-label-compact","className","components/WaterDroplet","apps/web/src/app/components/WaterDroplet.tsx","118","106","direct"
"--type-label-compact","className","components/WaterDroplet","apps/web/src/app/components/WaterDroplet.tsx","124","35","direct"
"--type-caption","className","components/WaterDroplet","apps/web/src/app/components/WaterDroplet.tsx","124","87","direct"
"--status-danger-fg","color","components/alerts/AlertConditionStatus","apps/web/src/app/components/alerts/AlertConditionStatus.tsx","20","20","direct"
"--text-muted","color","components/alerts/AlertConditionStatus","apps/web/src/app/components/alerts/AlertConditionStatus.tsx","21","20","direct"
"--brand-primary","RUST","components/alerts/NotificationPopover","apps/web/src/app/components/alerts/NotificationPopover.tsx","11","19","component constant"
"--text-primary","TEXT","components/alerts/NotificationPopover","apps/web/src/app/components/alerts/NotificationPopover.tsx","12","19","component constant"
"--text-secondary","MUTED","components/alerts/NotificationPopover","apps/web/src/app/components/alerts/NotificationPopover.tsx","13","20","component constant"
"--border-default","BORDER","components/alerts/NotificationPopover","apps/web/src/app/components/alerts/NotificationPopover.tsx","14","21","component constant"
"--border-divider","DIVIDER","components/alerts/NotificationPopover","apps/web/src/app/components/alerts/NotificationPopover.tsx","15","22","component constant"
"--radius-compact","className","components/alerts/NotificationPopover","apps/web/src/app/components/alerts/NotificationPopover.tsx","48","101","direct"
"--surface-muted","className","components/alerts/NotificationPopover","apps/web/src/app/components/alerts/NotificationPopover.tsx","48","159","direct"
"--control-hit-area-icon","height","components/alerts/NotificationPopover","apps/web/src/app/components/alerts/NotificationPopover.tsx","51","22","direct"
"--control-size-lg","height","components/alerts/NotificationPopover","apps/web/src/app/components/alerts/NotificationPopover.tsx","52","22","direct"
"--control-hit-area-icon","width","components/alerts/NotificationPopover","apps/web/src/app/components/alerts/NotificationPopover.tsx","54","22","direct"
"--control-size-lg","width","components/alerts/NotificationPopover","apps/web/src/app/components/alerts/NotificationPopover.tsx","55","22","direct"
"--surface-card","backgroundColor","components/alerts/NotificationPopover","apps/web/src/app/components/alerts/NotificationPopover.tsx","56","35","direct"
"--badge-alert-bg","backgroundColor","components/alerts/NotificationPopover","apps/web/src/app/components/alerts/NotificationPopover.tsx","73","39","direct"
"--on-brand","color","components/alerts/NotificationPopover","apps/web/src/app/components/alerts/NotificationPopover.tsx","74","29","direct"
"--font-body","fontFamily","components/alerts/NotificationPopover","apps/web/src/app/components/alerts/NotificationPopover.tsx","75","34","direct"
"--type-label","fontSize","components/alerts/NotificationPopover","apps/web/src/app/components/alerts/NotificationPopover.tsx","76","32","direct"
"--weight-bold","fontWeight","components/alerts/NotificationPopover","apps/web/src/app/components/alerts/NotificationPopover.tsx","77","34","direct"
"--surface-app","border","components/alerts/NotificationPopover","apps/web/src/app/components/alerts/NotificationPopover.tsx","78","40","direct"
"--surface-card","backgroundColor","components/alerts/NotificationPopover","apps/web/src/app/components/alerts/NotificationPopover.tsx","92","33","direct"
"--radius-dialog","borderRadius","components/alerts/NotificationPopover","apps/web/src/app/components/alerts/NotificationPopover.tsx","94","30","direct"
"--border-width-hairline","borderBottom","components/alerts/NotificationPopover","apps/web/src/app/components/alerts/NotificationPopover.tsx","101","32","direct"
"--font-body","fontFamily","components/alerts/NotificationPopover","apps/web/src/app/components/alerts/NotificationPopover.tsx","107","32","direct"
"--type-heading-sm","fontSize","components/alerts/NotificationPopover","apps/web/src/app/components/alerts/NotificationPopover.tsx","108","30","direct"
"--weight-bold","fontWeight","components/alerts/NotificationPopover","apps/web/src/app/components/alerts/NotificationPopover.tsx","109","32","direct"
"--ring","className","components/alerts/NotificationPopover","apps/web/src/app/components/alerts/NotificationPopover.tsx","120","180","direct"
"--font-body","fontFamily","components/alerts/NotificationPopover","apps/web/src/app/components/alerts/NotificationPopover.tsx","122","32","direct"
"--type-body-sm","fontSize","components/alerts/NotificationPopover","apps/web/src/app/components/alerts/NotificationPopover.tsx","123","30","direct"
"--weight-semibold","fontWeight","components/alerts/NotificationPopover","apps/web/src/app/components/alerts/NotificationPopover.tsx","124","32","direct"
"--font-body","fontFamily","components/alerts/NotificationPopover","apps/web/src/app/components/alerts/NotificationPopover.tsx","144","34","direct"
"--type-body","fontSize","components/alerts/NotificationPopover","apps/web/src/app/components/alerts/NotificationPopover.tsx","145","32","direct"
"--weight-bold","fontWeight","components/alerts/NotificationPopover","apps/web/src/app/components/alerts/NotificationPopover.tsx","146","34","direct"
"--font-body","fontFamily","components/alerts/NotificationPopover","apps/web/src/app/components/alerts/NotificationPopover.tsx","155","34","direct"
"--type-caption","fontSize","components/alerts/NotificationPopover","apps/web/src/app/components/alerts/NotificationPopover.tsx","156","32","direct"
"--surface-app","className","components/alerts/NotificationPopover","apps/web/src/app/components/alerts/NotificationPopover.tsx","170","116","direct"
"--border-width-hairline","borderBottom","components/alerts/NotificationPopover","apps/web/src/app/components/alerts/NotificationPopover.tsx","172","40","direct"
"--font-body","fontFamily","components/alerts/NotificationPopover","apps/web/src/app/components/alerts/NotificationPopover.tsx","192","44","direct"
"--type-body-sm","fontSize","components/alerts/NotificationPopover","apps/web/src/app/components/alerts/NotificationPopover.tsx","193","42","direct"
"--weight-bold","fontWeight","components/alerts/NotificationPopover","apps/web/src/app/components/alerts/NotificationPopover.tsx","194","44","direct"
"--font-body","fontFamily","components/alerts/NotificationPopover","apps/web/src/app/components/alerts/NotificationPopover.tsx","212","42","direct"
"--type-label","fontSize","components/alerts/NotificationPopover","apps/web/src/app/components/alerts/NotificationPopover.tsx","213","40","direct"
"--font-body","fontFamily","components/alerts/NotificationPopover","apps/web/src/app/components/alerts/NotificationPopover.tsx","223","42","direct"
"--type-body-sm","fontSize","components/alerts/NotificationPopover","apps/web/src/app/components/alerts/NotificationPopover.tsx","224","40","direct"
"--text-clay","color","components/alerts/NotificationPopover","apps/web/src/app/components/alerts/NotificationPopover.tsx","225","37","direct"
"--border-divider","className","components/alerts/NotificationPopover","apps/web/src/app/components/alerts/NotificationPopover.tsx","242","169","direct"
"--ring","className","components/alerts/NotificationPopover","apps/web/src/app/components/alerts/NotificationPopover.tsx","242","286","direct"
"--control-height-default","className","components/alerts/NotificationPopover","apps/web/src/app/components/alerts/NotificationPopover.tsx","262","38","direct"
"--surface-app","className","components/alerts/NotificationPopover","apps/web/src/app/components/alerts/NotificationPopover.tsx","262","173","direct"
"--ring","className","components/alerts/NotificationPopover","apps/web/src/app/components/alerts/NotificationPopover.tsx","262","261","direct"
"--control-height-compact","className","components/alerts/NotificationPopover","apps/web/src/app/components/alerts/NotificationPopover.tsx","262","309","direct"
"--font-body","fontFamily","components/alerts/NotificationPopover","apps/web/src/app/components/alerts/NotificationPopover.tsx","264","30","direct"
"--type-body-sm","fontSize","components/alerts/NotificationPopover","apps/web/src/app/components/alerts/NotificationPopover.tsx","265","28","direct"
"--weight-semibold","fontWeight","components/alerts/NotificationPopover","apps/web/src/app/components/alerts/NotificationPopover.tsx","266","30","direct"
"--status-danger-fg","color","components/alerts/alertStyle","apps/web/src/app/components/alerts/alertStyle.ts","10","17","direct"
"--status-danger-bg","bg","components/alerts/alertStyle","apps/web/src/app/components/alerts/alertStyle.ts","11","14","direct"
"--text-brand-soft","color","components/alerts/alertStyle","apps/web/src/app/components/alerts/alertStyle.ts","16","17","direct"
"--wash-alert","bg","components/alerts/alertStyle","apps/web/src/app/components/alerts/alertStyle.ts","17","14","direct"
"--text-taupe","color","components/alerts/alertStyle","apps/web/src/app/components/alerts/alertStyle.ts","22","17","direct"
"--wash-taupe","bg","components/alerts/alertStyle","apps/web/src/app/components/alerts/alertStyle.ts","23","14","direct"
"--surface-page","className","components/auth/AuthCard","apps/web/src/app/components/auth/AuthCard.tsx","5","72","direct"
"--auth-card-width","className","components/auth/AuthCard","apps/web/src/app/components/auth/AuthCard.tsx","6","41","direct"
"--border-subtle","className","components/auth/AuthCard","apps/web/src/app/components/auth/AuthCard.tsx","6","92","direct"
"--surface-card","className","components/auth/AuthCard","apps/web/src/app/components/auth/AuthCard.tsx","6","118","direct"
"--font-display","fontFamily","components/auth/AuthCard","apps/web/src/app/components/auth/AuthCard.tsx","15","32","direct"
"--type-heading-md","fontSize","components/auth/AuthCard","apps/web/src/app/components/auth/AuthCard.tsx","16","30","direct"
"--weight-bold","fontWeight","components/auth/AuthCard","apps/web/src/app/components/auth/AuthCard.tsx","17","32","direct"
"--brand-primary","color","components/auth/AuthCard","apps/web/src/app/components/auth/AuthCard.tsx","18","27","direct"
"--text-primary","className","components/auth/CreateAccountScreen","apps/web/src/app/components/auth/CreateAccountScreen.tsx","70","58","direct"
"--text-secondary","className","components/auth/CreateAccountScreen","apps/web/src/app/components/auth/CreateAccountScreen.tsx","73","48","direct"
"--border-default","className","components/auth/CreateAccountScreen","apps/web/src/app/components/auth/CreateAccountScreen.tsx","80","64","direct"
"--brand-primary","className","components/auth/CreateAccountScreen","apps/web/src/app/components/auth/CreateAccountScreen.tsx","80","112","direct"
"--surface-subtle","className","components/auth/CreateAccountScreen","apps/web/src/app/components/auth/CreateAccountScreen.tsx","80","144","direct"
"--ring","className","components/auth/CreateAccountScreen","apps/web/src/app/components/auth/CreateAccountScreen.tsx","80","235","direct"
"--font-body","fontFamily","components/auth/CreateAccountScreen","apps/web/src/app/components/auth/CreateAccountScreen.tsx","93","30","direct"
"--type-label","fontSize","components/auth/CreateAccountScreen","apps/web/src/app/components/auth/CreateAccountScreen.tsx","94","28","direct"
"--weight-bold","fontWeight","components/auth/CreateAccountScreen","apps/web/src/app/components/auth/CreateAccountScreen.tsx","95","30","direct"
"--tracking-label","letterSpacing","components/auth/CreateAccountScreen","apps/web/src/app/components/auth/CreateAccountScreen.tsx","96","33","direct"
"--text-muted","color","components/auth/CreateAccountScreen","apps/web/src/app/components/auth/CreateAccountScreen.tsx","98","25","direct"
"--font-display","fontFamily","components/auth/CreateAccountScreen","apps/web/src/app/components/auth/CreateAccountScreen.tsx","106","30","direct"
"--type-page-title","fontSize","components/auth/CreateAccountScreen","apps/web/src/app/components/auth/CreateAccountScreen.tsx","107","28","direct"
"--weight-bold","fontWeight","components/auth/CreateAccountScreen","apps/web/src/app/components/auth/CreateAccountScreen.tsx","108","30","direct"
"--text-primary","color","components/auth/CreateAccountScreen","apps/web/src/app/components/auth/CreateAccountScreen.tsx","109","25","direct"
"--leading-snug","lineHeight","components/auth/CreateAccountScreen","apps/web/src/app/components/auth/CreateAccountScreen.tsx","110","30","direct"
"--measure-auth","className","components/auth/CreateAccountScreen","apps/web/src/app/components/auth/CreateAccountScreen.tsx","116","40","direct"
"--font-body","fontFamily","components/auth/CreateAccountScreen","apps/web/src/app/components/auth/CreateAccountScreen.tsx","118","30","direct"
"--type-body","fontSize","components/auth/CreateAccountScreen","apps/web/src/app/components/auth/CreateAccountScreen.tsx","119","28","direct"
"--text-secondary","color","components/auth/CreateAccountScreen","apps/web/src/app/components/auth/CreateAccountScreen.tsx","120","25","direct"
"--measure-auth","className","components/auth/CreateAccountScreen","apps/web/src/app/components/auth/CreateAccountScreen.tsx","127","38","direct"
"--font-body","fontFamily","components/auth/CreateAccountScreen","apps/web/src/app/components/auth/CreateAccountScreen.tsx","129","30","direct"
"--type-caption","fontSize","components/auth/CreateAccountScreen","apps/web/src/app/components/auth/CreateAccountScreen.tsx","130","28","direct"
"--text-muted","color","components/auth/CreateAccountScreen","apps/web/src/app/components/auth/CreateAccountScreen.tsx","131","25","direct"
"--ring","className","components/auth/CreateAccountScreen","apps/web/src/app/components/auth/CreateAccountScreen.tsx","186","178","direct"
"--text-muted","color","components/auth/CreateAccountScreen","apps/web/src/app/components/auth/CreateAccountScreen.tsx","187","36","direct"
"--status-danger-fg","className","components/auth/CreateAccountScreen","apps/web/src/app/components/auth/CreateAccountScreen.tsx","205","46","direct"
"--brand-primary","className","components/auth/CreateAccountScreen","apps/web/src/app/components/auth/CreateAccountScreen.tsx","213","110","direct"
"--on-brand","className","components/auth/CreateAccountScreen","apps/web/src/app/components/auth/CreateAccountScreen.tsx","213","152","direct"
"--brand-primary-hover","className","components/auth/CreateAccountScreen","apps/web/src/app/components/auth/CreateAccountScreen.tsx","213","179","direct"
"--ring","className","components/auth/CreateAccountScreen","apps/web/src/app/components/auth/CreateAccountScreen.tsx","213","316","direct"
"--border-default","className","components/auth/CreateAccountScreen","apps/web/src/app/components/auth/CreateAccountScreen.tsx","220","62","direct"
"--brand-primary","className","components/auth/CreateAccountScreen","apps/web/src/app/components/auth/CreateAccountScreen.tsx","220","110","direct"
"--surface-subtle","className","components/auth/CreateAccountScreen","apps/web/src/app/components/auth/CreateAccountScreen.tsx","220","142","direct"
"--ring","className","components/auth/CreateAccountScreen","apps/web/src/app/components/auth/CreateAccountScreen.tsx","220","233","direct"
"--font-body","fontFamily","components/auth/FormInput","apps/web/src/app/components/auth/FormInput.tsx","26","28","direct"
"--type-label","fontSize","components/auth/FormInput","apps/web/src/app/components/auth/FormInput.tsx","27","26","direct"
"--weight-bold","fontWeight","components/auth/FormInput","apps/web/src/app/components/auth/FormInput.tsx","28","28","direct"
"--tracking-label","letterSpacing","components/auth/FormInput","apps/web/src/app/components/auth/FormInput.tsx","29","31","direct"
"--text-primary","color","components/auth/FormInput","apps/web/src/app/components/auth/FormInput.tsx","31","23","direct"
"--text-muted","color","components/auth/FormInput","apps/web/src/app/components/auth/FormInput.tsx","41","34","direct"
"--surface-input","className","components/auth/FormInput","apps/web/src/app/components/auth/FormInput.tsx","49","56","direct"
"--surface-card","className","components/auth/FormInput","apps/web/src/app/components/auth/FormInput.tsx","49","128","direct"
"--brand-primary","className","components/auth/FormInput","apps/web/src/app/components/auth/FormInput.tsx","49","217","direct"
"--status-danger-fg","className","components/auth/FormInput","apps/web/src/app/components/auth/FormInput.tsx","53","30","direct"
"--border-default","className","components/auth/FormInput","apps/web/src/app/components/auth/FormInput.tsx","54","30","direct"
"--input-border","className","components/auth/FormInput","apps/web/src/app/components/auth/FormInput.tsx","54","67","direct"
"--font-body","fontFamily","components/auth/FormInput","apps/web/src/app/components/auth/FormInput.tsx","57","30","direct"
"--type-control-value","fontSize","components/auth/FormInput","apps/web/src/app/components/auth/FormInput.tsx","58","28","direct"
"--text-primary","color","components/auth/FormInput","apps/web/src/app/components/auth/FormInput.tsx","59","25","direct"
"--type-caption","fontSize","components/auth/FormInput","apps/web/src/app/components/auth/FormInput.tsx","72","28","direct"
"--status-danger-fg","color","components/auth/FormInput","apps/web/src/app/components/auth/FormInput.tsx","73","25","direct"
"--font-display","fontFamily","components/auth/OnboardingStep1","apps/web/src/app/components/auth/OnboardingStep1.tsx","48","28","direct"
"--type-page-title","fontSize","components/auth/OnboardingStep1","apps/web/src/app/components/auth/OnboardingStep1.tsx","49","26","direct"
"--weight-bold","fontWeight","components/auth/OnboardingStep1","apps/web/src/app/components/auth/OnboardingStep1.tsx","50","28","direct"
"--text-primary","color","components/auth/OnboardingStep1","apps/web/src/app/components/auth/OnboardingStep1.tsx","51","23","direct"
"--leading-snug","lineHeight","components/auth/OnboardingStep1","apps/web/src/app/components/auth/OnboardingStep1.tsx","52","28","direct"
"--font-body","fontFamily","components/auth/OnboardingStep1","apps/web/src/app/components/auth/OnboardingStep1.tsx","59","28","direct"
"--type-body","fontSize","components/auth/OnboardingStep1","apps/web/src/app/components/auth/OnboardingStep1.tsx","60","26","direct"
"--text-secondary","color","components/auth/OnboardingStep1","apps/web/src/app/components/auth/OnboardingStep1.tsx","61","23","direct"
"--brand-primary","className","components/auth/OnboardingStep1","apps/web/src/app/components/auth/OnboardingStep1.tsx","98","110","direct"
"--on-brand","className","components/auth/OnboardingStep1","apps/web/src/app/components/auth/OnboardingStep1.tsx","98","152","direct"
"--brand-primary-hover","className","components/auth/OnboardingStep1","apps/web/src/app/components/auth/OnboardingStep1.tsx","98","179","direct"
"--ring","className","components/auth/OnboardingStep1","apps/web/src/app/components/auth/OnboardingStep1.tsx","98","275","direct"
"--font-display","fontFamily","components/auth/OnboardingStep2","apps/web/src/app/components/auth/OnboardingStep2.tsx","72","28","direct"
"--type-page-title","fontSize","components/auth/OnboardingStep2","apps/web/src/app/components/auth/OnboardingStep2.tsx","73","26","direct"
"--weight-bold","fontWeight","components/auth/OnboardingStep2","apps/web/src/app/components/auth/OnboardingStep2.tsx","74","28","direct"
"--text-primary","color","components/auth/OnboardingStep2","apps/web/src/app/components/auth/OnboardingStep2.tsx","75","23","direct"
"--leading-snug","lineHeight","components/auth/OnboardingStep2","apps/web/src/app/components/auth/OnboardingStep2.tsx","76","28","direct"
"--font-body","fontFamily","components/auth/OnboardingStep2","apps/web/src/app/components/auth/OnboardingStep2.tsx","83","28","direct"
"--type-body","fontSize","components/auth/OnboardingStep2","apps/web/src/app/components/auth/OnboardingStep2.tsx","84","26","direct"
"--text-secondary","color","components/auth/OnboardingStep2","apps/web/src/app/components/auth/OnboardingStep2.tsx","85","23","direct"
"--font-body","fontFamily","components/auth/OnboardingStep2","apps/web/src/app/components/auth/OnboardingStep2.tsx","93","30","direct"
"--type-label","fontSize","components/auth/OnboardingStep2","apps/web/src/app/components/auth/OnboardingStep2.tsx","94","28","direct"
"--weight-bold","fontWeight","components/auth/OnboardingStep2","apps/web/src/app/components/auth/OnboardingStep2.tsx","95","30","direct"
"--tracking-label","letterSpacing","components/auth/OnboardingStep2","apps/web/src/app/components/auth/OnboardingStep2.tsx","96","33","direct"
"--text-primary","color","components/auth/OnboardingStep2","apps/web/src/app/components/auth/OnboardingStep2.tsx","98","25","direct"
"--control-height-default","className","components/auth/OnboardingStep2","apps/web/src/app/components/auth/OnboardingStep2.tsx","113","44","direct"
"--brand-primary","className","components/auth/OnboardingStep2","apps/web/src/app/components/auth/OnboardingStep2.tsx","113","259","direct"
"--surface-selected","backgroundColor","components/auth/OnboardingStep2","apps/web/src/app/components/auth/OnboardingStep2.tsx","116","28","direct"
"--surface-card","backgroundColor","components/auth/OnboardingStep2","apps/web/src/app/components/auth/OnboardingStep2.tsx","117","28","direct"
"--brand-primary","borderColor","components/auth/OnboardingStep2","apps/web/src/app/components/auth/OnboardingStep2.tsx","119","28","direct"
"--border-default","borderColor","components/auth/OnboardingStep2","apps/web/src/app/components/auth/OnboardingStep2.tsx","120","28","direct"
"--brand-primary","color","components/auth/OnboardingStep2","apps/web/src/app/components/auth/OnboardingStep2.tsx","122","28","direct"
"--text-primary","color","components/auth/OnboardingStep2","apps/web/src/app/components/auth/OnboardingStep2.tsx","123","28","direct"
"--font-body","fontFamily","components/auth/OnboardingStep2","apps/web/src/app/components/auth/OnboardingStep2.tsx","130","38","direct"
"--type-body-sm","fontSize","components/auth/OnboardingStep2","apps/web/src/app/components/auth/OnboardingStep2.tsx","131","36","direct"
"--weight-semibold","fontWeight","components/auth/OnboardingStep2","apps/web/src/app/components/auth/OnboardingStep2.tsx","132","38","direct"
"--font-body","fontFamily","components/auth/OnboardingStep2","apps/web/src/app/components/auth/OnboardingStep2.tsx","146","30","direct"
"--type-label","fontSize","components/auth/OnboardingStep2","apps/web/src/app/components/auth/OnboardingStep2.tsx","147","28","direct"
"--weight-bold","fontWeight","components/auth/OnboardingStep2","apps/web/src/app/components/auth/OnboardingStep2.tsx","148","30","direct"
"--tracking-label","letterSpacing","components/auth/OnboardingStep2","apps/web/src/app/components/auth/OnboardingStep2.tsx","149","33","direct"
"--text-primary","color","components/auth/OnboardingStep2","apps/web/src/app/components/auth/OnboardingStep2.tsx","151","25","direct"
"--ring","className","components/auth/OnboardingStep2","apps/web/src/app/components/auth/OnboardingStep2.tsx","165","220","direct"
"--brand-primary","backgroundColor","components/auth/OnboardingStep2","apps/web/src/app/components/auth/OnboardingStep2.tsx","168","28","direct"
"--surface-card","backgroundColor","components/auth/OnboardingStep2","apps/web/src/app/components/auth/OnboardingStep2.tsx","169","28","direct"
"--on-brand","color","components/auth/OnboardingStep2","apps/web/src/app/components/auth/OnboardingStep2.tsx","170","42","direct"
"--text-primary","color","components/auth/OnboardingStep2","apps/web/src/app/components/auth/OnboardingStep2.tsx","170","62","direct"
"--brand-primary","borderColor","components/auth/OnboardingStep2","apps/web/src/app/components/auth/OnboardingStep2.tsx","172","28","direct"
"--border-default","borderColor","components/auth/OnboardingStep2","apps/web/src/app/components/auth/OnboardingStep2.tsx","173","28","direct"
"--type-caption","fontSize","components/auth/OnboardingStep2","apps/web/src/app/components/auth/OnboardingStep2.tsx","186","30","direct"
"--status-danger-fg","color","components/auth/OnboardingStep2","apps/web/src/app/components/auth/OnboardingStep2.tsx","187","27","direct"
"--surface-card","className","components/auth/OnboardingStep2","apps/web/src/app/components/auth/OnboardingStep2.tsx","200","108","direct"
"--surface-subtle","className","components/auth/OnboardingStep2","apps/web/src/app/components/auth/OnboardingStep2.tsx","200","171","direct"
"--ring","className","components/auth/OnboardingStep2","apps/web/src/app/components/auth/OnboardingStep2.tsx","200","262","direct"
"--border-default","borderColor","components/auth/OnboardingStep2","apps/web/src/app/components/auth/OnboardingStep2.tsx","202","31","direct"
"--text-primary","color","components/auth/OnboardingStep2","apps/web/src/app/components/auth/OnboardingStep2.tsx","203","25","direct"
"--brand-primary","className","components/auth/OnboardingStep2","apps/web/src/app/components/auth/OnboardingStep2.tsx","211","101","direct"
"--on-brand","className","components/auth/OnboardingStep2","apps/web/src/app/components/auth/OnboardingStep2.tsx","211","143","direct"
"--brand-primary-hover","className","components/auth/OnboardingStep2","apps/web/src/app/components/auth/OnboardingStep2.tsx","211","170","direct"
"--ring","className","components/auth/OnboardingStep2","apps/web/src/app/components/auth/OnboardingStep2.tsx","211","266","direct"
"--font-display","fontFamily","components/auth/OnboardingStep3","apps/web/src/app/components/auth/OnboardingStep3.tsx","49","28","direct"
"--type-page-title","fontSize","components/auth/OnboardingStep3","apps/web/src/app/components/auth/OnboardingStep3.tsx","50","26","direct"
"--weight-bold","fontWeight","components/auth/OnboardingStep3","apps/web/src/app/components/auth/OnboardingStep3.tsx","51","28","direct"
"--text-primary","color","components/auth/OnboardingStep3","apps/web/src/app/components/auth/OnboardingStep3.tsx","52","23","direct"
"--leading-snug","lineHeight","components/auth/OnboardingStep3","apps/web/src/app/components/auth/OnboardingStep3.tsx","53","28","direct"
"--font-body","fontFamily","components/auth/OnboardingStep3","apps/web/src/app/components/auth/OnboardingStep3.tsx","60","28","direct"
"--type-body","fontSize","components/auth/OnboardingStep3","apps/web/src/app/components/auth/OnboardingStep3.tsx","61","26","direct"
"--text-secondary","color","components/auth/OnboardingStep3","apps/web/src/app/components/auth/OnboardingStep3.tsx","62","23","direct"
"--font-body","fontFamily","components/auth/OnboardingStep3","apps/web/src/app/components/auth/OnboardingStep3.tsx","83","30","direct"
"--type-label","fontSize","components/auth/OnboardingStep3","apps/web/src/app/components/auth/OnboardingStep3.tsx","84","28","direct"
"--weight-bold","fontWeight","components/auth/OnboardingStep3","apps/web/src/app/components/auth/OnboardingStep3.tsx","85","30","direct"
"--tracking-label","letterSpacing","components/auth/OnboardingStep3","apps/web/src/app/components/auth/OnboardingStep3.tsx","86","33","direct"
"--text-primary","color","components/auth/OnboardingStep3","apps/web/src/app/components/auth/OnboardingStep3.tsx","88","25","direct"
"--border-illustration","className","components/auth/OnboardingStep3","apps/web/src/app/components/auth/OnboardingStep3.tsx","93","61","direct"
"--surface-illustration","className","components/auth/OnboardingStep3","apps/web/src/app/components/auth/OnboardingStep3.tsx","93","93","direct"
"--brand-primary-soft","className","components/auth/OnboardingStep3","apps/web/src/app/components/auth/OnboardingStep3.tsx","97","92","direct"
"--brand-primary","className","components/auth/OnboardingStep3","apps/web/src/app/components/auth/OnboardingStep3.tsx","97","125","direct"
"--font-body","fontFamily","components/auth/OnboardingStep3","apps/web/src/app/components/auth/OnboardingStep3.tsx","103","36","direct"
"--type-body","fontSize","components/auth/OnboardingStep3","apps/web/src/app/components/auth/OnboardingStep3.tsx","104","34","direct"
"--weight-bold","fontWeight","components/auth/OnboardingStep3","apps/web/src/app/components/auth/OnboardingStep3.tsx","105","36","direct"
"--text-primary","color","components/auth/OnboardingStep3","apps/web/src/app/components/auth/OnboardingStep3.tsx","106","31","direct"
"--font-body","fontFamily","components/auth/OnboardingStep3","apps/web/src/app/components/auth/OnboardingStep3.tsx","113","36","direct"
"--type-caption","fontSize","components/auth/OnboardingStep3","apps/web/src/app/components/auth/OnboardingStep3.tsx","114","34","direct"
"--text-muted","color","components/auth/OnboardingStep3","apps/web/src/app/components/auth/OnboardingStep3.tsx","115","31","direct"
"--border-subtle","className","components/auth/OnboardingStep3","apps/web/src/app/components/auth/OnboardingStep3.tsx","124","79","direct"
"--surface-card","className","components/auth/OnboardingStep3","apps/web/src/app/components/auth/OnboardingStep3.tsx","124","105","direct"
"--text-muted","color","components/auth/OnboardingStep3","apps/web/src/app/components/auth/OnboardingStep3.tsx","127","38","direct"
"--brand-primary","className","components/auth/OnboardingStep3","apps/web/src/app/components/auth/OnboardingStep3.tsx","131","40","direct"
"--font-body","fontFamily","components/auth/OnboardingStep3","apps/web/src/app/components/auth/OnboardingStep3.tsx","135","38","direct"
"--type-label","fontSize","components/auth/OnboardingStep3","apps/web/src/app/components/auth/OnboardingStep3.tsx","136","36","direct"
"--tracking-label","letterSpacing","components/auth/OnboardingStep3","apps/web/src/app/components/auth/OnboardingStep3.tsx","137","41","direct"
"--weight-bold","fontWeight","components/auth/OnboardingStep3","apps/web/src/app/components/auth/OnboardingStep3.tsx","139","38","direct"
"--font-body","fontFamily","components/auth/OnboardingStep3","apps/web/src/app/components/auth/OnboardingStep3.tsx","147","36","direct"
"--type-body","fontSize","components/auth/OnboardingStep3","apps/web/src/app/components/auth/OnboardingStep3.tsx","148","34","direct"
"--weight-bold","fontWeight","components/auth/OnboardingStep3","apps/web/src/app/components/auth/OnboardingStep3.tsx","149","36","direct"
"--text-primary","color","components/auth/OnboardingStep3","apps/web/src/app/components/auth/OnboardingStep3.tsx","150","31","direct"
"--border-subtle","className","components/auth/OnboardingStep3","apps/web/src/app/components/auth/OnboardingStep3.tsx","156","79","direct"
"--surface-card","className","components/auth/OnboardingStep3","apps/web/src/app/components/auth/OnboardingStep3.tsx","156","105","direct"
"--text-muted","color","components/auth/OnboardingStep3","apps/web/src/app/components/auth/OnboardingStep3.tsx","159","38","direct"
"--icon-info","className","components/auth/OnboardingStep3","apps/web/src/app/components/auth/OnboardingStep3.tsx","161","58","direct"
"--font-body","fontFamily","components/auth/OnboardingStep3","apps/web/src/app/components/auth/OnboardingStep3.tsx","164","38","direct"
"--type-label","fontSize","components/auth/OnboardingStep3","apps/web/src/app/components/auth/OnboardingStep3.tsx","165","36","direct"
"--tracking-label","letterSpacing","components/auth/OnboardingStep3","apps/web/src/app/components/auth/OnboardingStep3.tsx","166","41","direct"
"--weight-bold","fontWeight","components/auth/OnboardingStep3","apps/web/src/app/components/auth/OnboardingStep3.tsx","168","38","direct"
"--font-body","fontFamily","components/auth/OnboardingStep3","apps/web/src/app/components/auth/OnboardingStep3.tsx","176","36","direct"
"--type-body","fontSize","components/auth/OnboardingStep3","apps/web/src/app/components/auth/OnboardingStep3.tsx","177","34","direct"
"--weight-bold","fontWeight","components/auth/OnboardingStep3","apps/web/src/app/components/auth/OnboardingStep3.tsx","178","36","direct"
"--text-primary","color","components/auth/OnboardingStep3","apps/web/src/app/components/auth/OnboardingStep3.tsx","179","31","direct"
"--surface-card","className","components/auth/OnboardingStep3","apps/web/src/app/components/auth/OnboardingStep3.tsx","194","108","direct"
"--surface-subtle","className","components/auth/OnboardingStep3","apps/web/src/app/components/auth/OnboardingStep3.tsx","194","171","direct"
"--ring","className","components/auth/OnboardingStep3","apps/web/src/app/components/auth/OnboardingStep3.tsx","194","262","direct"
"--border-default","borderColor","components/auth/OnboardingStep3","apps/web/src/app/components/auth/OnboardingStep3.tsx","196","31","direct"
"--text-primary","color","components/auth/OnboardingStep3","apps/web/src/app/components/auth/OnboardingStep3.tsx","197","25","direct"
"--brand-primary","className","components/auth/OnboardingStep3","apps/web/src/app/components/auth/OnboardingStep3.tsx","207","101","direct"
"--on-brand","className","components/auth/OnboardingStep3","apps/web/src/app/components/auth/OnboardingStep3.tsx","207","143","direct"
"--brand-primary-hover","className","components/auth/OnboardingStep3","apps/web/src/app/components/auth/OnboardingStep3.tsx","207","170","direct"
"--ring","className","components/auth/OnboardingStep3","apps/web/src/app/components/auth/OnboardingStep3.tsx","207","266","direct"
"--font-body","fontFamily","components/auth/SignInScreen","apps/web/src/app/components/auth/SignInScreen.tsx","63","30","direct"
"--type-label","fontSize","components/auth/SignInScreen","apps/web/src/app/components/auth/SignInScreen.tsx","64","28","direct"
"--weight-bold","fontWeight","components/auth/SignInScreen","apps/web/src/app/components/auth/SignInScreen.tsx","65","30","direct"
"--tracking-label","letterSpacing","components/auth/SignInScreen","apps/web/src/app/components/auth/SignInScreen.tsx","66","33","direct"
"--text-muted","color","components/auth/SignInScreen","apps/web/src/app/components/auth/SignInScreen.tsx","68","25","direct"
"--font-display","fontFamily","components/auth/SignInScreen","apps/web/src/app/components/auth/SignInScreen.tsx","76","30","direct"
"--type-page-title","fontSize","components/auth/SignInScreen","apps/web/src/app/components/auth/SignInScreen.tsx","77","28","direct"
"--weight-bold","fontWeight","components/auth/SignInScreen","apps/web/src/app/components/auth/SignInScreen.tsx","78","30","direct"
"--text-primary","color","components/auth/SignInScreen","apps/web/src/app/components/auth/SignInScreen.tsx","79","25","direct"
"--leading-snug","lineHeight","components/auth/SignInScreen","apps/web/src/app/components/auth/SignInScreen.tsx","80","30","direct"
"--measure-auth","className","components/auth/SignInScreen","apps/web/src/app/components/auth/SignInScreen.tsx","86","40","direct"
"--font-body","fontFamily","components/auth/SignInScreen","apps/web/src/app/components/auth/SignInScreen.tsx","88","30","direct"
"--type-body","fontSize","components/auth/SignInScreen","apps/web/src/app/components/auth/SignInScreen.tsx","89","28","direct"
"--text-secondary","color","components/auth/SignInScreen","apps/web/src/app/components/auth/SignInScreen.tsx","90","25","direct"
"--text-primary","className","components/auth/SignInScreen","apps/web/src/app/components/auth/SignInScreen.tsx","121","140","direct"
"--brand-primary","className","components/auth/SignInScreen","apps/web/src/app/components/auth/SignInScreen.tsx","121","229","direct"
"--text-muted","color","components/auth/SignInScreen","apps/web/src/app/components/auth/SignInScreen.tsx","122","36","direct"
"--font-body","fontFamily","components/auth/SignInScreen","apps/web/src/app/components/auth/SignInScreen.tsx","133","30","direct"
"--text-secondary","color","components/auth/SignInScreen","apps/web/src/app/components/auth/SignInScreen.tsx","134","25","direct"
"--border-default","className","components/auth/SignInScreen","apps/web/src/app/components/auth/SignInScreen.tsx","141","59","direct"
"--brand-primary","className","components/auth/SignInScreen","apps/web/src/app/components/auth/SignInScreen.tsx","149","109","direct"
"--ring","className","components/auth/SignInScreen","apps/web/src/app/components/auth/SignInScreen.tsx","149","215","direct"
"--status-danger-fg","className","components/auth/SignInScreen","apps/web/src/app/components/auth/SignInScreen.tsx","155","46","direct"
"--brand-primary","className","components/auth/SignInScreen","apps/web/src/app/components/auth/SignInScreen.tsx","163","110","direct"
"--on-brand","className","components/auth/SignInScreen","apps/web/src/app/components/auth/SignInScreen.tsx","163","152","direct"
"--brand-primary-hover","className","components/auth/SignInScreen","apps/web/src/app/components/auth/SignInScreen.tsx","163","179","direct"
"--ring","className","components/auth/SignInScreen","apps/web/src/app/components/auth/SignInScreen.tsx","163","316","direct"
"--border-default","className","components/auth/SignInScreen","apps/web/src/app/components/auth/SignInScreen.tsx","170","49","direct"
"--font-body","fontFamily","components/auth/SignInScreen","apps/web/src/app/components/auth/SignInScreen.tsx","173","34","direct"
"--type-caption","fontSize","components/auth/SignInScreen","apps/web/src/app/components/auth/SignInScreen.tsx","174","32","direct"
"--text-muted","color","components/auth/SignInScreen","apps/web/src/app/components/auth/SignInScreen.tsx","175","29","direct"
"--border-default","className","components/auth/SignInScreen","apps/web/src/app/components/auth/SignInScreen.tsx","180","49","direct"
"--border-default","className","components/auth/SignInScreen","apps/web/src/app/components/auth/SignInScreen.tsx","185","76","direct"
"--brand-primary","className","components/auth/SignInScreen","apps/web/src/app/components/auth/SignInScreen.tsx","185","124","direct"
"--surface-subtle","className","components/auth/SignInScreen","apps/web/src/app/components/auth/SignInScreen.tsx","185","174","direct"
"--ring","className","components/auth/SignInScreen","apps/web/src/app/components/auth/SignInScreen.tsx","185","265","direct"
"--text-muted","className","components/auth/SignInScreen","apps/web/src/app/components/auth/SignInScreen.tsx","191","58","direct"
"--font-body","fontFamily","components/auth/StepperBar","apps/web/src/app/components/auth/StepperBar.tsx","13","30","direct"
"--type-label","fontSize","components/auth/StepperBar","apps/web/src/app/components/auth/StepperBar.tsx","14","28","direct"
"--weight-bold","fontWeight","components/auth/StepperBar","apps/web/src/app/components/auth/StepperBar.tsx","15","30","direct"
"--tracking-label","letterSpacing","components/auth/StepperBar","apps/web/src/app/components/auth/StepperBar.tsx","16","33","direct"
"--text-muted","color","components/auth/StepperBar","apps/web/src/app/components/auth/StepperBar.tsx","18","25","direct"
"--brand-primary","className","components/auth/StepperBar","apps/web/src/app/components/auth/StepperBar.tsx","26","109","direct"
"--ring","className","components/auth/StepperBar","apps/web/src/app/components/auth/StepperBar.tsx","26","215","direct"
"--brand-primary","backgroundColor","components/auth/StepperBar","apps/web/src/app/components/auth/StepperBar.tsx","45","34","direct"
"--surface-muted","backgroundColor","components/auth/StepperBar","apps/web/src/app/components/auth/StepperBar.tsx","45","59","direct"
"--status-success-bg","bg","components/candling/EggIcons","apps/web/src/app/components/candling/EggIcons.tsx","92","14","direct"
"--status-success-deep","text","components/candling/EggIcons","apps/web/src/app/components/candling/EggIcons.tsx","93","16","direct"
"--legend-green","icon","components/candling/EggIcons","apps/web/src/app/components/candling/EggIcons.tsx","94","16","direct"
"--surface-tile","bg","components/candling/EggIcons","apps/web/src/app/components/candling/EggIcons.tsx","98","14","direct"
"--text-slate","text","components/candling/EggIcons","apps/web/src/app/components/candling/EggIcons.tsx","99","16","direct"
"--text-slate-soft","icon","components/candling/EggIcons","apps/web/src/app/components/candling/EggIcons.tsx","100","16","direct"
"--status-warning-bg","bg","components/candling/EggIcons","apps/web/src/app/components/candling/EggIcons.tsx","104","14","direct"
"--text-amber-deep","text","components/candling/EggIcons","apps/web/src/app/components/candling/EggIcons.tsx","105","16","direct"
"--legend-amber","icon","components/candling/EggIcons","apps/web/src/app/components/candling/EggIcons.tsx","106","16","direct"
"--type-caption","fontSize","components/candling/EggIcons","apps/web/src/app/components/candling/EggIcons.tsx","143","24","direct"
"--weight-bold","fontWeight","components/candling/EggIcons","apps/web/src/app/components/candling/EggIcons.tsx","144","26","direct"
"--weight-semibold","fontWeight","components/candling/EggIcons","apps/web/src/app/components/candling/EggIcons.tsx","150","41","direct"
"--surface-subtle","backgroundColor","components/detail/CandlingJournalTab","apps/web/src/app/components/detail/CandlingJournalTab.tsx","143","33","direct"
"--border-width-hairline","border","components/detail/CandlingJournalTab","apps/web/src/app/components/detail/CandlingJournalTab.tsx","144","24","direct"
"--border-default","border","components/detail/CandlingJournalTab","apps/web/src/app/components/detail/CandlingJournalTab.tsx","144","59","direct"
"--radius-card","borderRadius","components/detail/CandlingJournalTab","apps/web/src/app/components/detail/CandlingJournalTab.tsx","145","30","direct"
"--shadow-card","boxShadow","components/detail/CandlingJournalTab","apps/web/src/app/components/detail/CandlingJournalTab.tsx","146","27","direct"
"--type-caption","fontSize","components/detail/CandlingJournalTab","apps/web/src/app/components/detail/CandlingJournalTab.tsx","152","30","direct"
"--weight-bold","fontWeight","components/detail/CandlingJournalTab","apps/web/src/app/components/detail/CandlingJournalTab.tsx","153","32","direct"
"--tracking-label","letterSpacing","components/detail/CandlingJournalTab","apps/web/src/app/components/detail/CandlingJournalTab.tsx","154","35","direct"
"--text-primary","color","components/detail/CandlingJournalTab","apps/web/src/app/components/detail/CandlingJournalTab.tsx","155","27","direct"
"--status-success-bg","backgroundColor","components/detail/CandlingJournalTab","apps/web/src/app/components/detail/CandlingJournalTab.tsx","167","39","direct"
"--status-success-fg","color","components/detail/CandlingJournalTab","apps/web/src/app/components/detail/CandlingJournalTab.tsx","168","29","direct"
"--pill-padding","padding","components/detail/CandlingJournalTab","apps/web/src/app/components/detail/CandlingJournalTab.tsx","169","31","direct"
"--radius-chip","borderRadius","components/detail/CandlingJournalTab","apps/web/src/app/components/detail/CandlingJournalTab.tsx","170","36","direct"
"--type-caption","fontSize","components/detail/CandlingJournalTab","apps/web/src/app/components/detail/CandlingJournalTab.tsx","171","32","direct"
"--weight-semibold","fontWeight","components/detail/CandlingJournalTab","apps/web/src/app/components/detail/CandlingJournalTab.tsx","172","34","direct"
"--surface-slate","backgroundColor","components/detail/CandlingJournalTab","apps/web/src/app/components/detail/CandlingJournalTab.tsx","181","39","direct"
"--text-slate-soft","color","components/detail/CandlingJournalTab","apps/web/src/app/components/detail/CandlingJournalTab.tsx","182","29","direct"
"--pill-padding","padding","components/detail/CandlingJournalTab","apps/web/src/app/components/detail/CandlingJournalTab.tsx","183","31","direct"
"--radius-chip","borderRadius","components/detail/CandlingJournalTab","apps/web/src/app/components/detail/CandlingJournalTab.tsx","184","36","direct"
"--type-caption","fontSize","components/detail/CandlingJournalTab","apps/web/src/app/components/detail/CandlingJournalTab.tsx","185","32","direct"
"--weight-semibold","fontWeight","components/detail/CandlingJournalTab","apps/web/src/app/components/detail/CandlingJournalTab.tsx","186","34","direct"
"--status-warning-bg","backgroundColor","components/detail/CandlingJournalTab","apps/web/src/app/components/detail/CandlingJournalTab.tsx","194","39","direct"
"--status-warning-fg","color","components/detail/CandlingJournalTab","apps/web/src/app/components/detail/CandlingJournalTab.tsx","195","29","direct"
"--pill-padding","padding","components/detail/CandlingJournalTab","apps/web/src/app/components/detail/CandlingJournalTab.tsx","196","31","direct"
"--radius-chip","borderRadius","components/detail/CandlingJournalTab","apps/web/src/app/components/detail/CandlingJournalTab.tsx","197","36","direct"
"--type-caption","fontSize","components/detail/CandlingJournalTab","apps/web/src/app/components/detail/CandlingJournalTab.tsx","198","32","direct"
"--weight-semibold","fontWeight","components/detail/CandlingJournalTab","apps/web/src/app/components/detail/CandlingJournalTab.tsx","199","34","direct"
"--status-danger-bg","backgroundColor","components/detail/CandlingJournalTab","apps/web/src/app/components/detail/CandlingJournalTab.tsx","208","41","direct"
"--status-danger-strong","color","components/detail/CandlingJournalTab","apps/web/src/app/components/detail/CandlingJournalTab.tsx","209","31","direct"
"--pill-padding","padding","components/detail/CandlingJournalTab","apps/web/src/app/components/detail/CandlingJournalTab.tsx","210","33","direct"
"--radius-chip","borderRadius","components/detail/CandlingJournalTab","apps/web/src/app/components/detail/CandlingJournalTab.tsx","211","38","direct"
"--type-caption","fontSize","components/detail/CandlingJournalTab","apps/web/src/app/components/detail/CandlingJournalTab.tsx","212","34","direct"
"--weight-semibold","fontWeight","components/detail/CandlingJournalTab","apps/web/src/app/components/detail/CandlingJournalTab.tsx","213","36","direct"
"--surface-card","backgroundColor","components/detail/CandlingJournalTab","apps/web/src/app/components/detail/CandlingJournalTab.tsx","229","43","direct"
"--border-width-hairline","border","components/detail/CandlingJournalTab","apps/web/src/app/components/detail/CandlingJournalTab.tsx","230","34","direct"
"--border-default","border","components/detail/CandlingJournalTab","apps/web/src/app/components/detail/CandlingJournalTab.tsx","230","69","direct"
"--text-strong","color","components/detail/CandlingJournalTab","apps/web/src/app/components/detail/CandlingJournalTab.tsx","231","33","direct"
"--type-label","fontSize","components/detail/CandlingJournalTab","apps/web/src/app/components/detail/CandlingJournalTab.tsx","232","36","direct"
"--weight-semibold","fontWeight","components/detail/CandlingJournalTab","apps/web/src/app/components/detail/CandlingJournalTab.tsx","233","38","direct"
"--status-success-fg","color","components/detail/CandlingJournalTab","apps/web/src/app/components/detail/CandlingJournalTab.tsx","238","33","direct"
"--type-caption","fontSize","components/detail/CandlingJournalTab","apps/web/src/app/components/detail/CandlingJournalTab.tsx","251","30","direct"
"--weight-bold","fontWeight","components/detail/CandlingJournalTab","apps/web/src/app/components/detail/CandlingJournalTab.tsx","252","32","direct"
"--tracking-label","letterSpacing","components/detail/CandlingJournalTab","apps/web/src/app/components/detail/CandlingJournalTab.tsx","253","35","direct"
"--text-primary","color","components/detail/CandlingJournalTab","apps/web/src/app/components/detail/CandlingJournalTab.tsx","254","27","direct"
"--border-width-hairline","border","components/detail/CandlingJournalTab","apps/web/src/app/components/detail/CandlingJournalTab.tsx","275","36","direct"
"--input-border","border","components/detail/CandlingJournalTab","apps/web/src/app/components/detail/CandlingJournalTab.tsx","275","71","direct"
"--surface-tile","backgroundColor","components/detail/CandlingJournalTab","apps/web/src/app/components/detail/CandlingJournalTab.tsx","276","45","direct"
"--type-control-value","fontSize","components/detail/CandlingJournalTab","apps/web/src/app/components/detail/CandlingJournalTab.tsx","277","38","direct"
"--text-primary","color","components/detail/CandlingJournalTab","apps/web/src/app/components/detail/CandlingJournalTab.tsx","278","35","direct"
"--brand-primary","backgroundColor","components/detail/CandlingJournalTab","apps/web/src/app/components/detail/CandlingJournalTab.tsx","298","47","direct"
"--on-brand","color","components/detail/CandlingJournalTab","apps/web/src/app/components/detail/CandlingJournalTab.tsx","299","37","direct"
"--surface-note","backgroundColor","components/detail/CandlingJournalTab","apps/web/src/app/components/detail/CandlingJournalTab.tsx","325","43","direct"
"--border-width-hairline","border","components/detail/CandlingJournalTab","apps/web/src/app/components/detail/CandlingJournalTab.tsx","326","34","direct"
"--border-default","border","components/detail/CandlingJournalTab","apps/web/src/app/components/detail/CandlingJournalTab.tsx","326","69","direct"
"--brand-primary","borderLeft","components/detail/CandlingJournalTab","apps/web/src/app/components/detail/CandlingJournalTab.tsx","327","48","direct"
"--radius-dialog","borderRadius","components/detail/CandlingJournalTab","apps/web/src/app/components/detail/CandlingJournalTab.tsx","328","40","direct"
"--type-body-sm","fontSize","components/detail/CandlingJournalTab","apps/web/src/app/components/detail/CandlingJournalTab.tsx","337","40","direct"
"--text-note","color","components/detail/CandlingJournalTab","apps/web/src/app/components/detail/CandlingJournalTab.tsx","339","37","direct"
"--type-body-sm","fontSize","components/detail/CandlingJournalTab","apps/web/src/app/components/detail/CandlingJournalTab.tsx","348","40","direct"
"--text-secondary","color","components/detail/CandlingJournalTab","apps/web/src/app/components/detail/CandlingJournalTab.tsx","349","37","direct"
"--control-size-photo","width","components/detail/CandlingJournalTab","apps/web/src/app/components/detail/CandlingJournalTab.tsx","372","33","direct"
"--control-size-photo","height","components/detail/CandlingJournalTab","apps/web/src/app/components/detail/CandlingJournalTab.tsx","373","34","direct"
"--border-width-hairline","border","components/detail/CandlingJournalTab","apps/web/src/app/components/detail/CandlingJournalTab.tsx","374","34","direct"
"--border-default","border","components/detail/CandlingJournalTab","apps/web/src/app/components/detail/CandlingJournalTab.tsx","374","69","direct"
"--control-size-photo","width","components/detail/CandlingJournalTab","apps/web/src/app/components/detail/CandlingJournalTab.tsx","400","33","direct"
"--control-size-photo","height","components/detail/CandlingJournalTab","apps/web/src/app/components/detail/CandlingJournalTab.tsx","401","34","direct"
"--border-width-hairline","border","components/detail/CandlingJournalTab","apps/web/src/app/components/detail/CandlingJournalTab.tsx","402","34","direct"
"--border-default","border","components/detail/CandlingJournalTab","apps/web/src/app/components/detail/CandlingJournalTab.tsx","402","69","direct"
"--type-body-sm","fontSize","components/detail/CandlingJournalTab","apps/web/src/app/components/detail/CandlingJournalTab.tsx","419","38","direct"
"--surface-paper","className","components/detail/CandlingJournalTab","apps/web/src/app/components/detail/CandlingJournalTab.tsx","430","197","direct"
"--control-size-photo","width","components/detail/CandlingJournalTab","apps/web/src/app/components/detail/CandlingJournalTab.tsx","432","31","direct"
"--control-size-photo","height","components/detail/CandlingJournalTab","apps/web/src/app/components/detail/CandlingJournalTab.tsx","433","32","direct"
"--border-accent","border","components/detail/CandlingJournalTab","apps/web/src/app/components/detail/CandlingJournalTab.tsx","434","45","direct"
"--surface-card","backgroundColor","components/detail/CandlingJournalTab","apps/web/src/app/components/detail/CandlingJournalTab.tsx","435","41","direct"
"--text-secondary","color","components/detail/CandlingJournalTab","apps/web/src/app/components/detail/CandlingJournalTab.tsx","440","45","direct"
"--font-body","fontFamily","components/detail/CandlingJournalTab","apps/web/src/app/components/detail/CandlingJournalTab.tsx","443","38","direct"
"--type-label","fontSize","components/detail/CandlingJournalTab","apps/web/src/app/components/detail/CandlingJournalTab.tsx","444","36","direct"
"--weight-semibold","fontWeight","components/detail/CandlingJournalTab","apps/web/src/app/components/detail/CandlingJournalTab.tsx","445","38","direct"
"--tracking-label","letterSpacing","components/detail/CandlingJournalTab","apps/web/src/app/components/detail/CandlingJournalTab.tsx","446","41","direct"
"--text-secondary","color","components/detail/CandlingJournalTab","apps/web/src/app/components/detail/CandlingJournalTab.tsx","447","33","direct"
"--dialog-width-narrow","className","components/detail/CandlingJournalTab","apps/web/src/app/components/detail/CandlingJournalTab.tsx","527","132","direct"
"--dialog-width-wide","className","components/detail/CandlingJournalTab","apps/web/src/app/components/detail/CandlingJournalTab.tsx","527","170","direct"
"--surface-subtle","backgroundColor","components/detail/CandlingJournalTab","apps/web/src/app/components/detail/CandlingJournalTab.tsx","529","33","direct"
"--border-width-hairline","border","components/detail/CandlingJournalTab","apps/web/src/app/components/detail/CandlingJournalTab.tsx","530","24","direct"
"--border-default","border","components/detail/CandlingJournalTab","apps/web/src/app/components/detail/CandlingJournalTab.tsx","530","59","direct"
"--radius-card","borderRadius","components/detail/CandlingJournalTab","apps/web/src/app/components/detail/CandlingJournalTab.tsx","531","30","direct"
"--status-success-deep","color","components/detail/CandlingJournalTab","apps/web/src/app/components/detail/CandlingJournalTab.tsx","755","25","direct"
"--text-slate","color","components/detail/CandlingJournalTab","apps/web/src/app/components/detail/CandlingJournalTab.tsx","757","55","direct"
"--status-danger-strong","color","components/detail/CandlingJournalTab","apps/web/src/app/components/detail/CandlingJournalTab.tsx","761","25","direct"
"--text-amber-deep","color","components/detail/CandlingJournalTab","apps/web/src/app/components/detail/CandlingJournalTab.tsx","766","25","direct"
"--status-success-deep","color","components/detail/CandlingJournalTab","apps/web/src/app/components/detail/CandlingJournalTab.tsx","773","25","direct"
"--text-slate","color","components/detail/CandlingJournalTab","apps/web/src/app/components/detail/CandlingJournalTab.tsx","775","55","direct"
"--text-amber-deep","color","components/detail/CandlingJournalTab","apps/web/src/app/components/detail/CandlingJournalTab.tsx","779","25","direct"
"--font-display","fontFamily","components/detail/CandlingJournalTab","apps/web/src/app/components/detail/CandlingJournalTab.tsx","812","32","direct"
"--type-heading-md","fontSize","components/detail/CandlingJournalTab","apps/web/src/app/components/detail/CandlingJournalTab.tsx","813","30","direct"
"--weight-bold","fontWeight","components/detail/CandlingJournalTab","apps/web/src/app/components/detail/CandlingJournalTab.tsx","814","32","direct"
"--leading-snug","lineHeight","components/detail/CandlingJournalTab","apps/web/src/app/components/detail/CandlingJournalTab.tsx","815","32","direct"
"--text-primary","color","components/detail/CandlingJournalTab","apps/web/src/app/components/detail/CandlingJournalTab.tsx","816","27","direct"
"--type-caption","fontSize","components/detail/CandlingJournalTab","apps/web/src/app/components/detail/CandlingJournalTab.tsx","825","37","direct"
"--text-primary","color","components/detail/CandlingJournalTab","apps/web/src/app/components/detail/CandlingJournalTab.tsx","830","29","direct"
"--weight-bold","fontWeight","components/detail/CandlingJournalTab","apps/web/src/app/components/detail/CandlingJournalTab.tsx","831","34","direct"
"--text-secondary","color","components/detail/CandlingJournalTab","apps/web/src/app/components/detail/CandlingJournalTab.tsx","836","58","direct"
"--brand-primary","borderColor","components/detail/CandlingJournalTab","apps/web/src/app/components/detail/CandlingJournalTab.tsx","857","32","direct"
"--status-success-fg","borderColor","components/detail/CandlingJournalTab","apps/web/src/app/components/detail/CandlingJournalTab.tsx","859","34","direct"
"--border-default","borderColor","components/detail/CandlingJournalTab","apps/web/src/app/components/detail/CandlingJournalTab.tsx","860","34","direct"
"--brand-primary","backgroundColor","components/detail/CandlingJournalTab","apps/web/src/app/components/detail/CandlingJournalTab.tsx","862","51","direct"
"--status-success-bg","backgroundColor","components/detail/CandlingJournalTab","apps/web/src/app/components/detail/CandlingJournalTab.tsx","864","34","direct"
"--surface-card","backgroundColor","components/detail/CandlingJournalTab","apps/web/src/app/components/detail/CandlingJournalTab.tsx","865","34","direct"
"--brand-primary","backgroundColor","components/detail/CandlingJournalTab","apps/web/src/app/components/detail/CandlingJournalTab.tsx","872","34","direct"
"--status-success-fg","backgroundColor","components/detail/CandlingJournalTab","apps/web/src/app/components/detail/CandlingJournalTab.tsx","874","36","direct"
"--border-width-hairline","border","components/detail/CandlingJournalTab","apps/web/src/app/components/detail/CandlingJournalTab.tsx","879","36","direct"
"--border-default","border","components/detail/CandlingJournalTab","apps/web/src/app/components/detail/CandlingJournalTab.tsx","879","71","direct"
"--surface-card","color","components/detail/CandlingJournalTab","apps/web/src/app/components/detail/CandlingJournalTab.tsx","882","36","direct"
"--text-secondary","color","components/detail/CandlingJournalTab","apps/web/src/app/components/detail/CandlingJournalTab.tsx","883","36","direct"
"--type-label","fontSize","components/detail/CandlingJournalTab","apps/web/src/app/components/detail/CandlingJournalTab.tsx","892","40","direct"
"--weight-bold","fontWeight","components/detail/CandlingJournalTab","apps/web/src/app/components/detail/CandlingJournalTab.tsx","893","42","direct"
"--text-primary","color","components/detail/CandlingJournalTab","apps/web/src/app/components/detail/CandlingJournalTab.tsx","914","27","direct"
"--type-body-sm","fontSize","components/detail/CandlingJournalTab","apps/web/src/app/components/detail/CandlingJournalTab.tsx","915","30","direct"
"--weight-bold","fontWeight","components/detail/CandlingJournalTab","apps/web/src/app/components/detail/CandlingJournalTab.tsx","916","32","direct"
"--text-secondary","color","components/detail/CandlingJournalTab","apps/web/src/app/components/detail/CandlingJournalTab.tsx","924","27","direct"
"--type-caption","fontSize","components/detail/CandlingJournalTab","apps/web/src/app/components/detail/CandlingJournalTab.tsx","925","30","direct"
"--type-body-sm","fontSize","components/detail/CandlingJournalTab","apps/web/src/app/components/detail/CandlingJournalTab.tsx","937","34","direct"
"--text-primary","color","components/detail/CandlingJournalTab","apps/web/src/app/components/detail/CandlingJournalTab.tsx","938","31","direct"
"--border-width-hairline","border","components/detail/CandlingJournalTab","apps/web/src/app/components/detail/CandlingJournalTab.tsx","947","34","direct"
"--border-default","border","components/detail/CandlingJournalTab","apps/web/src/app/components/detail/CandlingJournalTab.tsx","947","69","direct"
"--surface-card","backgroundColor","components/detail/CandlingJournalTab","apps/web/src/app/components/detail/CandlingJournalTab.tsx","948","43","direct"
"--type-body","fontSize","components/detail/CandlingJournalTab","apps/web/src/app/components/detail/CandlingJournalTab.tsx","953","38","direct"
"--weight-semibold","fontWeight","components/detail/CandlingJournalTab","apps/web/src/app/components/detail/CandlingJournalTab.tsx","954","40","direct"
"--text-primary","color","components/detail/CandlingJournalTab","apps/web/src/app/components/detail/CandlingJournalTab.tsx","955","35","direct"
"--type-label","fontSize","components/detail/CandlingJournalTab","apps/web/src/app/components/detail/CandlingJournalTab.tsx","964","38","direct"
"--weight-bold","fontWeight","components/detail/CandlingJournalTab","apps/web/src/app/components/detail/CandlingJournalTab.tsx","965","40","direct"
"--border-subtle","backgroundColor","components/detail/CandlingJournalTab","apps/web/src/app/components/detail/CandlingJournalTab.tsx","966","45","direct"
"--text-muted","color","components/detail/CandlingJournalTab","apps/web/src/app/components/detail/CandlingJournalTab.tsx","967","35","direct"
"--control-height-mobile","className","components/detail/CandlingJournalTab","apps/web/src/app/components/detail/CandlingJournalTab.tsx","989","46","direct"
"--control-height-default","className","components/detail/CandlingJournalTab","apps/web/src/app/components/detail/CandlingJournalTab.tsx","989","93","direct"
"--input-border","borderColor","components/detail/CandlingJournalTab","apps/web/src/app/components/detail/CandlingJournalTab.tsx","991","41","direct"
"--surface-card","backgroundColor","components/detail/CandlingJournalTab","apps/web/src/app/components/detail/CandlingJournalTab.tsx","992","45","direct"
"--type-body-sm","fontSize","components/detail/CandlingJournalTab","apps/web/src/app/components/detail/CandlingJournalTab.tsx","1013","38","direct"
"--text-primary","color","components/detail/CandlingJournalTab","apps/web/src/app/components/detail/CandlingJournalTab.tsx","1014","35","direct"
"--type-body","fontSize","components/detail/CandlingJournalTab","apps/web/src/app/components/detail/CandlingJournalTab.tsx","1022","40","direct"
"--weight-semibold","fontWeight","components/detail/CandlingJournalTab","apps/web/src/app/components/detail/CandlingJournalTab.tsx","1023","42","direct"
"--text-secondary","color","components/detail/CandlingJournalTab","apps/web/src/app/components/detail/CandlingJournalTab.tsx","1024","37","direct"
"--status-danger-fg","borderColor","components/detail/CandlingJournalTab","apps/web/src/app/components/detail/CandlingJournalTab.tsx","1051","34","direct"
"--input-border","borderColor","components/detail/CandlingJournalTab","apps/web/src/app/components/detail/CandlingJournalTab.tsx","1052","34","direct"
"--surface-card","backgroundColor","components/detail/CandlingJournalTab","apps/web/src/app/components/detail/CandlingJournalTab.tsx","1053","47","direct"
"--text-primary","color","components/detail/CandlingJournalTab","apps/web/src/app/components/detail/CandlingJournalTab.tsx","1054","37","direct"
"--type-body-sm","fontSize","components/detail/CandlingJournalTab","apps/web/src/app/components/detail/CandlingJournalTab.tsx","1062","40","direct"
"--status-danger-fg","color","components/detail/CandlingJournalTab","apps/web/src/app/components/detail/CandlingJournalTab.tsx","1063","37","direct"
"--weight-semibold","fontWeight","components/detail/CandlingJournalTab","apps/web/src/app/components/detail/CandlingJournalTab.tsx","1064","42","direct"
"--type-body-sm","fontSize","components/detail/CandlingJournalTab","apps/web/src/app/components/detail/CandlingJournalTab.tsx","1099","34","direct"
"--weight-bold","fontWeight","components/detail/CandlingJournalTab","apps/web/src/app/components/detail/CandlingJournalTab.tsx","1100","36","direct"
"--text-primary","color","components/detail/CandlingJournalTab","apps/web/src/app/components/detail/CandlingJournalTab.tsx","1101","31","direct"
"--type-caption","fontSize","components/detail/CandlingJournalTab","apps/web/src/app/components/detail/CandlingJournalTab.tsx","1109","34","direct"
"--text-secondary","color","components/detail/CandlingJournalTab","apps/web/src/app/components/detail/CandlingJournalTab.tsx","1110","31","direct"
"--type-filter-label","className","components/detail/CandlingJournalTab","apps/web/src/app/components/detail/CandlingJournalTab.tsx","1123","82","direct"
"--tracking-label","className","components/detail/CandlingJournalTab","apps/web/src/app/components/detail/CandlingJournalTab.tsx","1123","137","direct"
"--text-secondary","color","components/detail/CandlingJournalTab","apps/web/src/app/components/detail/CandlingJournalTab.tsx","1124","40","direct"
"--surface-card","backgroundColor","components/detail/CandlingJournalTab","apps/web/src/app/components/detail/CandlingJournalTab.tsx","1134","45","direct"
"--border-default","borderColor","components/detail/CandlingJournalTab","apps/web/src/app/components/detail/CandlingJournalTab.tsx","1135","41","direct"
"--type-caption","fontSize","components/detail/CandlingJournalTab","apps/web/src/app/components/detail/CandlingJournalTab.tsx","1143","40","direct"
"--weight-bold","fontWeight","components/detail/CandlingJournalTab","apps/web/src/app/components/detail/CandlingJournalTab.tsx","1144","42","direct"
"--status-danger-fg","borderColor","components/detail/CandlingJournalTab","apps/web/src/app/components/detail/CandlingJournalTab.tsx","1168","34","direct"
"--input-border","borderColor","components/detail/CandlingJournalTab","apps/web/src/app/components/detail/CandlingJournalTab.tsx","1169","34","direct"
"--surface-card","backgroundColor","components/detail/CandlingJournalTab","apps/web/src/app/components/detail/CandlingJournalTab.tsx","1170","47","direct"
"--text-primary","color","components/detail/CandlingJournalTab","apps/web/src/app/components/detail/CandlingJournalTab.tsx","1171","37","direct"
"--surface-honey","className","components/detail/CandlingJournalTab","apps/web/src/app/components/detail/CandlingJournalTab.tsx","1227","99","direct"
"--status-warning-bg","className","components/detail/CandlingJournalTab","apps/web/src/app/components/detail/CandlingJournalTab.tsx","1227","132","direct"
"--status-warning-fg","borderColor","components/detail/CandlingJournalTab","apps/web/src/app/components/detail/CandlingJournalTab.tsx","1230","43","direct"
"--status-warning-fg","color","components/detail/CandlingJournalTab","apps/web/src/app/components/detail/CandlingJournalTab.tsx","1231","37","direct"
"--type-filter-label","fontSize","components/detail/CandlingJournalTab","apps/web/src/app/components/detail/CandlingJournalTab.tsx","1232","40","direct"
"--type-body-sm","fontSize","components/detail/CandlingJournalTab","apps/web/src/app/components/detail/CandlingJournalTab.tsx","1265","36","direct"
"--text-primary","color","components/detail/CandlingJournalTab","apps/web/src/app/components/detail/CandlingJournalTab.tsx","1266","33","direct"
"--control-height-default","className","components/detail/CandlingJournalTab","apps/web/src/app/components/detail/CandlingJournalTab.tsx","1290","59","direct"
"--status-success-bg","backgroundColor","components/detail/CandlingJournalTab","apps/web/src/app/components/detail/CandlingJournalTab.tsx","1293","36","direct"
"--surface-card","backgroundColor","components/detail/CandlingJournalTab","apps/web/src/app/components/detail/CandlingJournalTab.tsx","1294","36","direct"
"--border-width-hairline","border","components/detail/CandlingJournalTab","apps/web/src/app/components/detail/CandlingJournalTab.tsx","1295","40","direct"
"--status-success-fg","border","components/detail/CandlingJournalTab","apps/web/src/app/components/detail/CandlingJournalTab.tsx","1295","83","direct"
"--border-default","border","components/detail/CandlingJournalTab","apps/web/src/app/components/detail/CandlingJournalTab.tsx","1295","112","direct"
"--status-success-deep","color","components/detail/CandlingJournalTab","apps/web/src/app/components/detail/CandlingJournalTab.tsx","1297","36","direct"
"--text-secondary","color","components/detail/CandlingJournalTab","apps/web/src/app/components/detail/CandlingJournalTab.tsx","1298","36","direct"
"--type-body-sm","fontSize","components/detail/CandlingJournalTab","apps/web/src/app/components/detail/CandlingJournalTab.tsx","1299","42","direct"
"--weight-semibold","fontWeight","components/detail/CandlingJournalTab","apps/web/src/app/components/detail/CandlingJournalTab.tsx","1300","44","direct"
"--type-body-sm","fontSize","components/detail/CandlingJournalTab","apps/web/src/app/components/detail/CandlingJournalTab.tsx","1322","36","direct"
"--text-primary","color","components/detail/CandlingJournalTab","apps/web/src/app/components/detail/CandlingJournalTab.tsx","1323","33","direct"
"--border-width-hairline","border","components/detail/CandlingJournalTab","apps/web/src/app/components/detail/CandlingJournalTab.tsx","1336","34","direct"
"--input-border","border","components/detail/CandlingJournalTab","apps/web/src/app/components/detail/CandlingJournalTab.tsx","1336","69","direct"
"--surface-card","backgroundColor","components/detail/CandlingJournalTab","apps/web/src/app/components/detail/CandlingJournalTab.tsx","1337","43","direct"
"--type-control-value","fontSize","components/detail/CandlingJournalTab","apps/web/src/app/components/detail/CandlingJournalTab.tsx","1338","36","direct"
"--text-primary","color","components/detail/CandlingJournalTab","apps/web/src/app/components/detail/CandlingJournalTab.tsx","1339","33","direct"
"--type-body-sm","fontSize","components/detail/CandlingJournalTab","apps/web/src/app/components/detail/CandlingJournalTab.tsx","1348","36","direct"
"--text-primary","color","components/detail/CandlingJournalTab","apps/web/src/app/components/detail/CandlingJournalTab.tsx","1349","33","direct"
"--ring","className","components/detail/CandlingJournalTab","apps/web/src/app/components/detail/CandlingJournalTab.tsx","1364","195","direct"
"--brand-primary","border","components/detail/CandlingJournalTab","apps/web/src/app/components/detail/CandlingJournalTab.tsx","1366","61","direct"
"--border-accent","border","components/detail/CandlingJournalTab","apps/web/src/app/components/detail/CandlingJournalTab.tsx","1366","86","direct"
"--brand-primary","backgroundColor","components/detail/CandlingJournalTab","apps/web/src/app/components/detail/CandlingJournalTab.tsx","1368","49","direct"
"--surface-card","backgroundColor","components/detail/CandlingJournalTab","apps/web/src/app/components/detail/CandlingJournalTab.tsx","1369","30","direct"
"--transition-interactive","transition","components/detail/CandlingJournalTab","apps/web/src/app/components/detail/CandlingJournalTab.tsx","1370","38","direct"
"--brand-primary","color","components/detail/CandlingJournalTab","apps/web/src/app/components/detail/CandlingJournalTab.tsx","1376","39","direct"
"--icon-earth","color","components/detail/CandlingJournalTab","apps/web/src/app/components/detail/CandlingJournalTab.tsx","1376","64","direct"
"--text-primary","color","components/detail/CandlingJournalTab","apps/web/src/app/components/detail/CandlingJournalTab.tsx","1381","35","direct"
"--type-body-sm","fontSize","components/detail/CandlingJournalTab","apps/web/src/app/components/detail/CandlingJournalTab.tsx","1382","38","direct"
"--weight-semibold","fontWeight","components/detail/CandlingJournalTab","apps/web/src/app/components/detail/CandlingJournalTab.tsx","1383","40","direct"
"--text-secondary","color","components/detail/CandlingJournalTab","apps/web/src/app/components/detail/CandlingJournalTab.tsx","1390","35","direct"
"--type-caption","fontSize","components/detail/CandlingJournalTab","apps/web/src/app/components/detail/CandlingJournalTab.tsx","1391","38","direct"
"--border-width-hairline","border","components/detail/CandlingJournalTab","apps/web/src/app/components/detail/CandlingJournalTab.tsx","1416","42","direct"
"--border-default","border","components/detail/CandlingJournalTab","apps/web/src/app/components/detail/CandlingJournalTab.tsx","1416","77","direct"
"--ring","className","components/detail/CandlingJournalTab","apps/web/src/app/components/detail/CandlingJournalTab.tsx","1428","206","direct"
"--surface-subtle","backgroundColor","components/detail/CandlingJournalTab","apps/web/src/app/components/detail/CandlingJournalTab.tsx","1473","33","direct"
"--border-width-hairline","borderTop","components/detail/CandlingJournalTab","apps/web/src/app/components/detail/CandlingJournalTab.tsx","1474","27","direct"
"--border-default","borderTop","components/detail/CandlingJournalTab","apps/web/src/app/components/detail/CandlingJournalTab.tsx","1474","62","direct"
"--surface-subtle","className","components/detail/CandlingJournalTab","apps/web/src/app/components/detail/CandlingJournalTab.tsx","1479","100","direct"
"--type-caption","className","components/detail/CandlingJournalTab","apps/web/src/app/components/detail/CandlingJournalTab.tsx","1484","50","direct"
"--type-caption","className","components/detail/CandlingJournalTab","apps/web/src/app/components/detail/CandlingJournalTab.tsx","1501","52","direct"
"--brand-primary","backgroundColor","components/detail/CandlingJournalTab","apps/web/src/app/components/detail/CandlingJournalTab.tsx","1503","39","direct"
"--on-brand","color","components/detail/CandlingJournalTab","apps/web/src/app/components/detail/CandlingJournalTab.tsx","1504","29","direct"
"--type-caption","className","components/detail/CandlingJournalTab","apps/web/src/app/components/detail/CandlingJournalTab.tsx","1514","52","direct"
"--brand-primary","backgroundColor","components/detail/CandlingJournalTab","apps/web/src/app/components/detail/CandlingJournalTab.tsx","1516","39","direct"
"--on-brand","color","components/detail/CandlingJournalTab","apps/web/src/app/components/detail/CandlingJournalTab.tsx","1517","29","direct"
"--border-default","className","components/detail/CandlingJournalTab","apps/web/src/app/components/detail/CandlingJournalTab.tsx","1540","46","direct"
"--surface-subtle","backgroundColor","components/detail/CandlingJournalTab","apps/web/src/app/components/detail/CandlingJournalTab.tsx","1542","35","direct"
"--text-primary","color","components/detail/CandlingJournalTab","apps/web/src/app/components/detail/CandlingJournalTab.tsx","1543","25","direct"
"--text-primary","color","components/detail/CandlingJournalTab","apps/web/src/app/components/detail/CandlingJournalTab.tsx","1549","29","direct"
"--type-heading-md","fontSize","components/detail/CandlingJournalTab","apps/web/src/app/components/detail/CandlingJournalTab.tsx","1550","32","direct"
"--weight-bold","fontWeight","components/detail/CandlingJournalTab","apps/web/src/app/components/detail/CandlingJournalTab.tsx","1551","34","direct"
"--border-default","borderColor","components/detail/CandlingJournalTab","apps/web/src/app/components/detail/CandlingJournalTab.tsx","1571","35","direct"
"--text-secondary","color","components/detail/CandlingJournalTab","apps/web/src/app/components/detail/CandlingJournalTab.tsx","1572","29","direct"
"--control-height-mobile","height","components/detail/CandlingJournalTab","apps/web/src/app/components/detail/CandlingJournalTab.tsx","1573","30","direct"
"--type-body","fontSize","components/detail/CandlingJournalTab","apps/web/src/app/components/detail/CandlingJournalTab.tsx","1574","32","direct"
"--brand-primary","backgroundColor","components/detail/CandlingJournalTab","apps/web/src/app/components/detail/CandlingJournalTab.tsx","1582","39","direct"
"--surface-card","color","components/detail/CandlingJournalTab","apps/web/src/app/components/detail/CandlingJournalTab.tsx","1583","29","direct"
"--control-height-mobile","height","components/detail/CandlingJournalTab","apps/web/src/app/components/detail/CandlingJournalTab.tsx","1584","30","direct"
"--type-body","fontSize","components/detail/CandlingJournalTab","apps/web/src/app/components/detail/CandlingJournalTab.tsx","1585","32","direct"
"--candling-compact-card-height","className","components/detail/CandlingJournalTab","apps/web/src/app/components/detail/CandlingJournalTab.tsx","1627","34","direct"
"--border-width-hairline","border","components/detail/CandlingJournalTab","apps/web/src/app/components/detail/CandlingJournalTab.tsx","1630","26","direct"
"--type-label","fontSize","components/detail/CandlingJournalTab","apps/web/src/app/components/detail/CandlingJournalTab.tsx","1636","30","direct"
"--weight-bold","fontWeight","components/detail/CandlingJournalTab","apps/web/src/app/components/detail/CandlingJournalTab.tsx","1637","32","direct"
"--font-display","fontFamily","components/detail/CandlingJournalTab","apps/web/src/app/components/detail/CandlingJournalTab.tsx","1653","40","direct"
"--type-heading-md","fontSize","components/detail/CandlingJournalTab","apps/web/src/app/components/detail/CandlingJournalTab.tsx","1655","32","direct"
"--weight-extrabold","fontWeight","components/detail/CandlingJournalTab","apps/web/src/app/components/detail/CandlingJournalTab.tsx","1656","34","direct"
"--leading-tight","lineHeight","components/detail/CandlingJournalTab","apps/web/src/app/components/detail/CandlingJournalTab.tsx","1657","34","direct"
"--surface-mint","surface","components/detail/CandlingJournalTab","apps/web/src/app/components/detail/CandlingJournalTab.tsx","1745","21","direct"
"--border-mint","border","components/detail/CandlingJournalTab","apps/web/src/app/components/detail/CandlingJournalTab.tsx","1746","20","direct"
"--status-success-fg","fg","components/detail/CandlingJournalTab","apps/web/src/app/components/detail/CandlingJournalTab.tsx","1747","16","direct"
"--status-success-fg","labelFg","components/detail/CandlingJournalTab","apps/web/src/app/components/detail/CandlingJournalTab.tsx","1748","21","direct"
"--surface-blush","surface","components/detail/CandlingJournalTab","apps/web/src/app/components/detail/CandlingJournalTab.tsx","1754","37","direct"
"--surface-mist","surface","components/detail/CandlingJournalTab","apps/web/src/app/components/detail/CandlingJournalTab.tsx","1754","62","direct"
"--border-blush","border","components/detail/CandlingJournalTab","apps/web/src/app/components/detail/CandlingJournalTab.tsx","1755","36","direct"
"--border-mist","border","components/detail/CandlingJournalTab","apps/web/src/app/components/detail/CandlingJournalTab.tsx","1755","60","direct"
"--status-danger-fg","fg","components/detail/CandlingJournalTab","apps/web/src/app/components/detail/CandlingJournalTab.tsx","1756","32","direct"
"--text-slate-cool","fg","components/detail/CandlingJournalTab","apps/web/src/app/components/detail/CandlingJournalTab.tsx","1756","60","direct"
"--status-danger-fg","labelFg","components/detail/CandlingJournalTab","apps/web/src/app/components/detail/CandlingJournalTab.tsx","1758","16","direct"
"--text-slate-cool","labelFg","components/detail/CandlingJournalTab","apps/web/src/app/components/detail/CandlingJournalTab.tsx","1759","16","direct"
"--surface-slate-light","surface","components/detail/CandlingJournalTab","apps/web/src/app/components/detail/CandlingJournalTab.tsx","1765","21","direct"
"--border-slate-light","border","components/detail/CandlingJournalTab","apps/web/src/app/components/detail/CandlingJournalTab.tsx","1766","20","direct"
"--text-slate","fg","components/detail/CandlingJournalTab","apps/web/src/app/components/detail/CandlingJournalTab.tsx","1767","16","direct"
"--text-slate-soft","labelFg","components/detail/CandlingJournalTab","apps/web/src/app/components/detail/CandlingJournalTab.tsx","1768","21","direct"
"--surface-warn-tile","surface","components/detail/CandlingJournalTab","apps/web/src/app/components/detail/CandlingJournalTab.tsx","1774","21","direct"
"--border-amber-soft","border","components/detail/CandlingJournalTab","apps/web/src/app/components/detail/CandlingJournalTab.tsx","1775","20","direct"
"--status-warning-fg","fg","components/detail/CandlingJournalTab","apps/web/src/app/components/detail/CandlingJournalTab.tsx","1776","16","direct"
"--status-warning-fg","labelFg","components/detail/CandlingJournalTab","apps/web/src/app/components/detail/CandlingJournalTab.tsx","1777","21","direct"
"--surface-mint","surface","components/detail/CandlingJournalTab","apps/web/src/app/components/detail/CandlingJournalTab.tsx","1785","21","direct"
"--border-mint","border","components/detail/CandlingJournalTab","apps/web/src/app/components/detail/CandlingJournalTab.tsx","1786","20","direct"
"--status-success-fg","fg","components/detail/CandlingJournalTab","apps/web/src/app/components/detail/CandlingJournalTab.tsx","1787","16","direct"
"--status-success-fg","labelFg","components/detail/CandlingJournalTab","apps/web/src/app/components/detail/CandlingJournalTab.tsx","1788","21","direct"
"--surface-slate-light","surface","components/detail/CandlingJournalTab","apps/web/src/app/components/detail/CandlingJournalTab.tsx","1793","21","direct"
"--border-slate-light","border","components/detail/CandlingJournalTab","apps/web/src/app/components/detail/CandlingJournalTab.tsx","1794","20","direct"
"--text-slate","fg","components/detail/CandlingJournalTab","apps/web/src/app/components/detail/CandlingJournalTab.tsx","1795","16","direct"
"--text-slate-soft","labelFg","components/detail/CandlingJournalTab","apps/web/src/app/components/detail/CandlingJournalTab.tsx","1796","21","direct"
"--surface-warn-tile","surface","components/detail/CandlingJournalTab","apps/web/src/app/components/detail/CandlingJournalTab.tsx","1801","21","direct"
"--border-amber-soft","border","components/detail/CandlingJournalTab","apps/web/src/app/components/detail/CandlingJournalTab.tsx","1802","20","direct"
"--status-warning-fg","fg","components/detail/CandlingJournalTab","apps/web/src/app/components/detail/CandlingJournalTab.tsx","1803","16","direct"
"--status-warning-fg","labelFg","components/detail/CandlingJournalTab","apps/web/src/app/components/detail/CandlingJournalTab.tsx","1804","21","direct"
"--surface-track","surface","components/detail/CandlingJournalTab","apps/web/src/app/components/detail/CandlingJournalTab.tsx","1809","21","direct"
"--border-subtle","border","components/detail/CandlingJournalTab","apps/web/src/app/components/detail/CandlingJournalTab.tsx","1810","20","direct"
"--text-primary","fg","components/detail/CandlingJournalTab","apps/web/src/app/components/detail/CandlingJournalTab.tsx","1811","16","direct"
"--text-muted","labelFg","components/detail/CandlingJournalTab","apps/web/src/app/components/detail/CandlingJournalTab.tsx","1812","21","direct"
"--surface-mint","surface","components/detail/CandlingJournalTab","apps/web/src/app/components/detail/CandlingJournalTab.tsx","1820","21","direct"
"--border-mint","border","components/detail/CandlingJournalTab","apps/web/src/app/components/detail/CandlingJournalTab.tsx","1821","20","direct"
"--status-success-fg","fg","components/detail/CandlingJournalTab","apps/web/src/app/components/detail/CandlingJournalTab.tsx","1822","16","direct"
"--status-success-fg","labelFg","components/detail/CandlingJournalTab","apps/web/src/app/components/detail/CandlingJournalTab.tsx","1823","21","direct"
"--surface-mist","surface","components/detail/CandlingJournalTab","apps/web/src/app/components/detail/CandlingJournalTab.tsx","1829","21","direct"
"--border-mist","border","components/detail/CandlingJournalTab","apps/web/src/app/components/detail/CandlingJournalTab.tsx","1830","20","direct"
"--text-slate-cool","fg","components/detail/CandlingJournalTab","apps/web/src/app/components/detail/CandlingJournalTab.tsx","1831","16","direct"
"--text-slate-cool","labelFg","components/detail/CandlingJournalTab","apps/web/src/app/components/detail/CandlingJournalTab.tsx","1832","21","direct"
"--surface-slate-light","surface","components/detail/CandlingJournalTab","apps/web/src/app/components/detail/CandlingJournalTab.tsx","1838","21","direct"
"--border-slate-light","border","components/detail/CandlingJournalTab","apps/web/src/app/components/detail/CandlingJournalTab.tsx","1839","20","direct"
"--text-slate","fg","components/detail/CandlingJournalTab","apps/web/src/app/components/detail/CandlingJournalTab.tsx","1840","16","direct"
"--text-slate-soft","labelFg","components/detail/CandlingJournalTab","apps/web/src/app/components/detail/CandlingJournalTab.tsx","1841","21","direct"
"--surface-warn-tile","surface","components/detail/CandlingJournalTab","apps/web/src/app/components/detail/CandlingJournalTab.tsx","1847","21","direct"
"--border-amber-soft","border","components/detail/CandlingJournalTab","apps/web/src/app/components/detail/CandlingJournalTab.tsx","1848","20","direct"
"--status-warning-fg","fg","components/detail/CandlingJournalTab","apps/web/src/app/components/detail/CandlingJournalTab.tsx","1849","16","direct"
"--status-warning-fg","labelFg","components/detail/CandlingJournalTab","apps/web/src/app/components/detail/CandlingJournalTab.tsx","1850","21","direct"
"--brand-primary","backgroundColor","components/detail/CandlingJournalTab","apps/web/src/app/components/detail/CandlingJournalTab.tsx","2060","27","direct"
"--on-brand","color","components/detail/CandlingJournalTab","apps/web/src/app/components/detail/CandlingJournalTab.tsx","2061","17","direct"
"--border-default","backgroundColor","components/detail/CandlingJournalTab","apps/web/src/app/components/detail/CandlingJournalTab.tsx","2078","53","direct"
"--font-display","fontFamily","components/detail/CandlingJournalTab","apps/web/src/app/components/detail/CandlingJournalTab.tsx","2087","40","direct"
"--type-label","fontSize","components/detail/CandlingJournalTab","apps/web/src/app/components/detail/CandlingJournalTab.tsx","2088","38","direct"
"--weight-extrabold","fontWeight","components/detail/CandlingJournalTab","apps/web/src/app/components/detail/CandlingJournalTab.tsx","2089","40","direct"
"--tracking-label","letterSpacing","components/detail/CandlingJournalTab","apps/web/src/app/components/detail/CandlingJournalTab.tsx","2090","43","direct"
"--leading-snug","lineHeight","components/detail/CandlingJournalTab","apps/web/src/app/components/detail/CandlingJournalTab.tsx","2091","40","direct"
"--brand-primary","color","components/detail/CandlingJournalTab","apps/web/src/app/components/detail/CandlingJournalTab.tsx","2092","35","direct"
"--type-body","fontSize","components/detail/CandlingJournalTab","apps/web/src/app/components/detail/CandlingJournalTab.tsx","2100","38","direct"
"--weight-bold","fontWeight","components/detail/CandlingJournalTab","apps/web/src/app/components/detail/CandlingJournalTab.tsx","2101","40","direct"
"--text-primary","color","components/detail/CandlingJournalTab","apps/web/src/app/components/detail/CandlingJournalTab.tsx","2102","35","direct"
"--type-caption","fontSize","components/detail/CandlingJournalTab","apps/web/src/app/components/detail/CandlingJournalTab.tsx","2110","38","direct"
"--text-secondary","color","components/detail/CandlingJournalTab","apps/web/src/app/components/detail/CandlingJournalTab.tsx","2111","35","direct"
"--candling-compact-card-height","className","components/detail/CandlingJournalTab","apps/web/src/app/components/detail/CandlingJournalTab.tsx","2119","42","direct"
"--surface-track","backgroundColor","components/detail/CandlingJournalTab","apps/web/src/app/components/detail/CandlingJournalTab.tsx","2121","43","direct"
"--border-width-hairline","border","components/detail/CandlingJournalTab","apps/web/src/app/components/detail/CandlingJournalTab.tsx","2122","34","direct"
"--border-default","border","components/detail/CandlingJournalTab","apps/web/src/app/components/detail/CandlingJournalTab.tsx","2122","69","direct"
"--font-display","fontFamily","components/detail/CandlingJournalTab","apps/web/src/app/components/detail/CandlingJournalTab.tsx","2127","40","direct"
"--type-label","fontSize","components/detail/CandlingJournalTab","apps/web/src/app/components/detail/CandlingJournalTab.tsx","2128","38","direct"
"--weight-extrabold","fontWeight","components/detail/CandlingJournalTab","apps/web/src/app/components/detail/CandlingJournalTab.tsx","2129","40","direct"
"--tracking-label","letterSpacing","components/detail/CandlingJournalTab","apps/web/src/app/components/detail/CandlingJournalTab.tsx","2130","43","direct"
"--leading-snug","lineHeight","components/detail/CandlingJournalTab","apps/web/src/app/components/detail/CandlingJournalTab.tsx","2131","40","direct"
"--text-secondary","color","components/detail/CandlingJournalTab","apps/web/src/app/components/detail/CandlingJournalTab.tsx","2132","35","direct"
"--type-body-sm","fontSize","components/detail/CandlingJournalTab","apps/web/src/app/components/detail/CandlingJournalTab.tsx","2140","38","direct"
"--weight-bold","fontWeight","components/detail/CandlingJournalTab","apps/web/src/app/components/detail/CandlingJournalTab.tsx","2141","40","direct"
"--text-primary","color","components/detail/CandlingJournalTab","apps/web/src/app/components/detail/CandlingJournalTab.tsx","2142","35","direct"
"--font-display","fontFamily","components/detail/CandlingJournalTab","apps/web/src/app/components/detail/CandlingJournalTab.tsx","2150","42","direct"
"--type-heading-sm","fontSize","components/detail/CandlingJournalTab","apps/web/src/app/components/detail/CandlingJournalTab.tsx","2151","40","direct"
"--weight-extrabold","fontWeight","components/detail/CandlingJournalTab","apps/web/src/app/components/detail/CandlingJournalTab.tsx","2152","42","direct"
"--leading-tight","lineHeight","components/detail/CandlingJournalTab","apps/web/src/app/components/detail/CandlingJournalTab.tsx","2153","42","direct"
"--brand-primary","color","components/detail/CandlingJournalTab","apps/web/src/app/components/detail/CandlingJournalTab.tsx","2154","37","direct"
"--font-display","fontFamily","components/detail/CandlingJournalTab","apps/web/src/app/components/detail/CandlingJournalTab.tsx","2168","38","direct"
"--type-label","fontSize","components/detail/CandlingJournalTab","apps/web/src/app/components/detail/CandlingJournalTab.tsx","2169","36","direct"
"--weight-extrabold","fontWeight","components/detail/CandlingJournalTab","apps/web/src/app/components/detail/CandlingJournalTab.tsx","2170","38","direct"
"--tracking-label","letterSpacing","components/detail/CandlingJournalTab","apps/web/src/app/components/detail/CandlingJournalTab.tsx","2171","41","direct"
"--leading-snug","lineHeight","components/detail/CandlingJournalTab","apps/web/src/app/components/detail/CandlingJournalTab.tsx","2172","38","direct"
"--text-secondary","color","components/detail/CandlingJournalTab","apps/web/src/app/components/detail/CandlingJournalTab.tsx","2173","33","direct"
"--border-default","borderColor","components/detail/CandlingJournalTab","apps/web/src/app/components/detail/CandlingJournalTab.tsx","2189","42","direct"
"--font-display","fontFamily","components/detail/CandlingJournalTab","apps/web/src/app/components/detail/CandlingJournalTab.tsx","2194","38","direct"
"--type-label","fontSize","components/detail/CandlingJournalTab","apps/web/src/app/components/detail/CandlingJournalTab.tsx","2195","36","direct"
"--weight-extrabold","fontWeight","components/detail/CandlingJournalTab","apps/web/src/app/components/detail/CandlingJournalTab.tsx","2196","38","direct"
"--tracking-label","letterSpacing","components/detail/CandlingJournalTab","apps/web/src/app/components/detail/CandlingJournalTab.tsx","2197","41","direct"
"--leading-snug","lineHeight","components/detail/CandlingJournalTab","apps/web/src/app/components/detail/CandlingJournalTab.tsx","2198","38","direct"
"--text-secondary","color","components/detail/CandlingJournalTab","apps/web/src/app/components/detail/CandlingJournalTab.tsx","2199","33","direct"
"--status-danger-bg","backgroundColor","components/detail/CandlingJournalTab","apps/web/src/app/components/detail/CandlingJournalTab.tsx","2211","34","direct"
"--status-warning-bg","backgroundColor","components/detail/CandlingJournalTab","apps/web/src/app/components/detail/CandlingJournalTab.tsx","2213","36","direct"
"--surface-muted","backgroundColor","components/detail/CandlingJournalTab","apps/web/src/app/components/detail/CandlingJournalTab.tsx","2214","36","direct"
"--status-danger-fg","color","components/detail/CandlingJournalTab","apps/web/src/app/components/detail/CandlingJournalTab.tsx","2217","34","direct"
"--status-warning-fg","color","components/detail/CandlingJournalTab","apps/web/src/app/components/detail/CandlingJournalTab.tsx","2219","36","direct"
"--text-secondary","color","components/detail/CandlingJournalTab","apps/web/src/app/components/detail/CandlingJournalTab.tsx","2220","36","direct"
"--type-label","fontSize","components/detail/CandlingJournalTab","apps/web/src/app/components/detail/CandlingJournalTab.tsx","2221","38","direct"
"--weight-bold","fontWeight","components/detail/CandlingJournalTab","apps/web/src/app/components/detail/CandlingJournalTab.tsx","2222","40","direct"
"--tracking-label","letterSpacing","components/detail/CandlingJournalTab","apps/web/src/app/components/detail/CandlingJournalTab.tsx","2223","43","direct"
"--control-height-default","className","components/detail/CandlingJournalTab","apps/web/src/app/components/detail/CandlingJournalTab.tsx","2234","60","direct"
"--type-filter-label","className","components/detail/CandlingJournalTab","apps/web/src/app/components/detail/CandlingJournalTab.tsx","2234","175","direct"
"--control-height-toolbar","className","components/detail/CandlingJournalTab","apps/web/src/app/components/detail/CandlingJournalTab.tsx","2234","216","direct"
"--type-body","fontSize","components/detail/CandlingJournalTab","apps/web/src/app/components/detail/CandlingJournalTab.tsx","2243","36","direct"
"--weight-bold","fontWeight","components/detail/CandlingJournalTab","apps/web/src/app/components/detail/CandlingJournalTab.tsx","2244","38","direct"
"--text-primary","color","components/detail/CandlingJournalTab","apps/web/src/app/components/detail/CandlingJournalTab.tsx","2245","33","direct"
"--text-secondary","color","components/detail/CandlingJournalTab","apps/web/src/app/components/detail/CandlingJournalTab.tsx","2257","33","direct"
"--type-caption","fontSize","components/detail/CandlingJournalTab","apps/web/src/app/components/detail/CandlingJournalTab.tsx","2258","36","direct"
"--font-display","fontFamily","components/detail/CandlingJournalTab","apps/web/src/app/components/detail/CandlingJournalTab.tsx","2271","36","direct"
"--type-label","fontSize","components/detail/CandlingJournalTab","apps/web/src/app/components/detail/CandlingJournalTab.tsx","2272","34","direct"
"--weight-extrabold","fontWeight","components/detail/CandlingJournalTab","apps/web/src/app/components/detail/CandlingJournalTab.tsx","2273","36","direct"
"--tracking-label","letterSpacing","components/detail/CandlingJournalTab","apps/web/src/app/components/detail/CandlingJournalTab.tsx","2274","39","direct"
"--leading-snug","lineHeight","components/detail/CandlingJournalTab","apps/web/src/app/components/detail/CandlingJournalTab.tsx","2275","36","direct"
"--text-secondary","color","components/detail/CandlingJournalTab","apps/web/src/app/components/detail/CandlingJournalTab.tsx","2276","31","direct"
"--border-default","borderColor","components/detail/CandlingJournalTab","apps/web/src/app/components/detail/CandlingJournalTab.tsx","2289","42","direct"
"--font-display","fontFamily","components/detail/CandlingJournalTab","apps/web/src/app/components/detail/CandlingJournalTab.tsx","2294","38","direct"
"--type-label","fontSize","components/detail/CandlingJournalTab","apps/web/src/app/components/detail/CandlingJournalTab.tsx","2295","36","direct"
"--weight-extrabold","fontWeight","components/detail/CandlingJournalTab","apps/web/src/app/components/detail/CandlingJournalTab.tsx","2296","38","direct"
"--tracking-label","letterSpacing","components/detail/CandlingJournalTab","apps/web/src/app/components/detail/CandlingJournalTab.tsx","2297","41","direct"
"--leading-snug","lineHeight","components/detail/CandlingJournalTab","apps/web/src/app/components/detail/CandlingJournalTab.tsx","2298","38","direct"
"--text-secondary","color","components/detail/CandlingJournalTab","apps/web/src/app/components/detail/CandlingJournalTab.tsx","2299","33","direct"
"--status-danger-bg","backgroundColor","components/detail/CandlingJournalTab","apps/web/src/app/components/detail/CandlingJournalTab.tsx","2311","34","direct"
"--status-warning-bg","backgroundColor","components/detail/CandlingJournalTab","apps/web/src/app/components/detail/CandlingJournalTab.tsx","2313","36","direct"
"--surface-muted","backgroundColor","components/detail/CandlingJournalTab","apps/web/src/app/components/detail/CandlingJournalTab.tsx","2314","36","direct"
"--status-danger-fg","color","components/detail/CandlingJournalTab","apps/web/src/app/components/detail/CandlingJournalTab.tsx","2317","34","direct"
"--status-warning-fg","color","components/detail/CandlingJournalTab","apps/web/src/app/components/detail/CandlingJournalTab.tsx","2319","36","direct"
"--text-secondary","color","components/detail/CandlingJournalTab","apps/web/src/app/components/detail/CandlingJournalTab.tsx","2320","36","direct"
"--type-label","fontSize","components/detail/CandlingJournalTab","apps/web/src/app/components/detail/CandlingJournalTab.tsx","2321","38","direct"
"--weight-bold","fontWeight","components/detail/CandlingJournalTab","apps/web/src/app/components/detail/CandlingJournalTab.tsx","2322","40","direct"
"--tracking-label","letterSpacing","components/detail/CandlingJournalTab","apps/web/src/app/components/detail/CandlingJournalTab.tsx","2323","43","direct"
"--control-height-default","className","components/detail/CandlingJournalTab","apps/web/src/app/components/detail/CandlingJournalTab.tsx","2335","60","direct"
"--type-filter-label","className","components/detail/CandlingJournalTab","apps/web/src/app/components/detail/CandlingJournalTab.tsx","2335","175","direct"
"--control-height-toolbar","className","components/detail/CandlingJournalTab","apps/web/src/app/components/detail/CandlingJournalTab.tsx","2335","216","direct"
"--type-body","fontSize","components/detail/CandlingJournalTab","apps/web/src/app/components/detail/CandlingJournalTab.tsx","2344","36","direct"
"--weight-bold","fontWeight","components/detail/CandlingJournalTab","apps/web/src/app/components/detail/CandlingJournalTab.tsx","2345","38","direct"
"--text-primary","color","components/detail/CandlingJournalTab","apps/web/src/app/components/detail/CandlingJournalTab.tsx","2346","33","direct"
"--text-secondary","color","components/detail/CandlingJournalTab","apps/web/src/app/components/detail/CandlingJournalTab.tsx","2358","33","direct"
"--type-caption","fontSize","components/detail/CandlingJournalTab","apps/web/src/app/components/detail/CandlingJournalTab.tsx","2359","36","direct"
"--type-heading-md","fontSize","components/detail/CandlingJournalTab","apps/web/src/app/components/detail/CandlingJournalTab.tsx","2394","37","direct"
"--weight-bold","fontWeight","components/detail/CandlingJournalTab","apps/web/src/app/components/detail/CandlingJournalTab.tsx","2395","34","direct"
"--text-primary","color","components/detail/CandlingJournalTab","apps/web/src/app/components/detail/CandlingJournalTab.tsx","2396","29","direct"
"--border-default","className","components/detail/CandlingJournalTab","apps/web/src/app/components/detail/CandlingJournalTab.tsx","2406","130","direct"
"--surface-card","className","components/detail/CandlingJournalTab","apps/web/src/app/components/detail/CandlingJournalTab.tsx","2406","157","direct"
"--brand-primary","className","components/detail/CandlingJournalTab","apps/web/src/app/components/detail/CandlingJournalTab.tsx","2406","184","direct"
"--surface-action-hover","className","components/detail/CandlingJournalTab","apps/web/src/app/components/detail/CandlingJournalTab.tsx","2406","244","direct"
"--type-label","fontSize","components/detail/CandlingJournalTab","apps/web/src/app/components/detail/CandlingJournalTab.tsx","2417","34","direct"
"--weight-bold","fontWeight","components/detail/CandlingJournalTab","apps/web/src/app/components/detail/CandlingJournalTab.tsx","2418","36","direct"
"--tracking-label","letterSpacing","components/detail/CandlingJournalTab","apps/web/src/app/components/detail/CandlingJournalTab.tsx","2420","39","direct"
"--text-muted","color","components/detail/CandlingJournalTab","apps/web/src/app/components/detail/CandlingJournalTab.tsx","2421","31","direct"
"--border-subtle","backgroundColor","components/detail/CandlingJournalTab","apps/web/src/app/components/detail/CandlingJournalTab.tsx","2438","43","direct"
"--control-size-xs","width","components/detail/CandlingJournalTab","apps/web/src/app/components/detail/CandlingJournalTab.tsx","2463","41","direct"
"--control-size-xs","height","components/detail/CandlingJournalTab","apps/web/src/app/components/detail/CandlingJournalTab.tsx","2464","42","direct"
"--brand-primary","backgroundColor","components/detail/CandlingJournalTab","apps/web/src/app/components/detail/CandlingJournalTab.tsx","2465","51","direct"
"--surface-card","color","components/detail/CandlingJournalTab","apps/web/src/app/components/detail/CandlingJournalTab.tsx","2466","41","direct"
"--type-body-sm","fontSize","components/detail/CandlingJournalTab","apps/web/src/app/components/detail/CandlingJournalTab.tsx","2467","44","direct"
"--weight-bold","fontWeight","components/detail/CandlingJournalTab","apps/web/src/app/components/detail/CandlingJournalTab.tsx","2468","46","direct"
"--surface-app","boxShadow","components/detail/CandlingJournalTab","apps/web/src/app/components/detail/CandlingJournalTab.tsx","2469","55","direct"
"--control-height-compact","minHeight","components/detail/CandlingJournalTab","apps/web/src/app/components/detail/CandlingJournalTab.tsx","2479","52","direct"
"--control-height-default","className","components/detail/CandlingJournalTab","apps/web/src/app/components/detail/CandlingJournalTab.tsx","2495","56","direct"
"--surface-subtle","className","components/detail/CandlingJournalTab","apps/web/src/app/components/detail/CandlingJournalTab.tsx","2495","200","direct"
"--brand-primary","className","components/detail/CandlingJournalTab","apps/web/src/app/components/detail/CandlingJournalTab.tsx","2495","291","direct"
"--type-filter-label","fontSize","components/detail/CandlingJournalTab","apps/web/src/app/components/detail/CandlingJournalTab.tsx","2497","51","direct"
"--weight-bold","fontWeight","components/detail/CandlingJournalTab","apps/web/src/app/components/detail/CandlingJournalTab.tsx","2498","48","direct"
"--text-primary","color","components/detail/CandlingJournalTab","apps/web/src/app/components/detail/CandlingJournalTab.tsx","2499","43","direct"
"--status-success-fg","className","components/detail/CandlingJournalTab","apps/web/src/app/components/detail/CandlingJournalTab.tsx","2518","61","direct"
"--text-muted","className","components/detail/CandlingJournalTab","apps/web/src/app/components/detail/CandlingJournalTab.tsx","2523","60","direct"
"--type-label","fontSize","components/detail/CandlingJournalTab","apps/web/src/app/components/detail/CandlingJournalTab.tsx","2531","48","direct"
"--text-farm","color","components/detail/CandlingJournalTab","apps/web/src/app/components/detail/CandlingJournalTab.tsx","2532","45","direct"
"--text-faint","className","components/detail/CandlingJournalTab","apps/web/src/app/components/detail/CandlingJournalTab.tsx","2543","135","direct"
"--surface-action-hover","className","components/detail/CandlingJournalTab","apps/web/src/app/components/detail/CandlingJournalTab.tsx","2543","182","direct"
"--brand-primary","className","components/detail/CandlingJournalTab","apps/web/src/app/components/detail/CandlingJournalTab.tsx","2543","223","direct"
"--text-faint","className","components/detail/CandlingJournalTab","apps/web/src/app/components/detail/CandlingJournalTab.tsx","2552","135","direct"
"--status-danger-bg","className","components/detail/CandlingJournalTab","apps/web/src/app/components/detail/CandlingJournalTab.tsx","2552","182","direct"
"--status-danger-fg","className","components/detail/CandlingJournalTab","apps/web/src/app/components/detail/CandlingJournalTab.tsx","2552","219","direct"
"--control-height-compact","className","components/detail/CandlingJournalTab","apps/web/src/app/components/detail/CandlingJournalTab.tsx","2588","76","direct"
"--control-size-xs","width","components/detail/CandlingJournalTab","apps/web/src/app/components/detail/CandlingJournalTab.tsx","2597","45","direct"
"--control-size-xs","height","components/detail/CandlingJournalTab","apps/web/src/app/components/detail/CandlingJournalTab.tsx","2598","46","direct"
"--surface-card","backgroundColor","components/detail/CandlingJournalTab","apps/web/src/app/components/detail/CandlingJournalTab.tsx","2599","55","direct"
"--status-warning-fg","border","components/detail/CandlingJournalTab","apps/web/src/app/components/detail/CandlingJournalTab.tsx","2601","52","direct"
"--border-subtle","border","components/detail/CandlingJournalTab","apps/web/src/app/components/detail/CandlingJournalTab.tsx","2602","52","direct"
"--status-warning-fg","color","components/detail/CandlingJournalTab","apps/web/src/app/components/detail/CandlingJournalTab.tsx","2604","42","direct"
"--text-muted","color","components/detail/CandlingJournalTab","apps/web/src/app/components/detail/CandlingJournalTab.tsx","2605","42","direct"
"--type-body-sm","fontSize","components/detail/CandlingJournalTab","apps/web/src/app/components/detail/CandlingJournalTab.tsx","2606","48","direct"
"--weight-bold","fontWeight","components/detail/CandlingJournalTab","apps/web/src/app/components/detail/CandlingJournalTab.tsx","2607","50","direct"
"--surface-app","boxShadow","components/detail/CandlingJournalTab","apps/web/src/app/components/detail/CandlingJournalTab.tsx","2608","59","direct"
"--type-body-sm","fontSize","components/detail/CandlingJournalTab","apps/web/src/app/components/detail/CandlingJournalTab.tsx","2620","50","direct"
"--weight-bold","fontWeight","components/detail/CandlingJournalTab","apps/web/src/app/components/detail/CandlingJournalTab.tsx","2621","52","direct"
"--text-primary","color","components/detail/CandlingJournalTab","apps/web/src/app/components/detail/CandlingJournalTab.tsx","2622","47","direct"
"--status-warning-fg","color","components/detail/CandlingJournalTab","apps/web/src/app/components/detail/CandlingJournalTab.tsx","2628","46","direct"
"--type-body-sm","fontSize","components/detail/CandlingJournalTab","apps/web/src/app/components/detail/CandlingJournalTab.tsx","2636","50","direct"
"--weight-semibold","fontWeight","components/detail/CandlingJournalTab","apps/web/src/app/components/detail/CandlingJournalTab.tsx","2637","52","direct"
"--text-muted","color","components/detail/CandlingJournalTab","apps/web/src/app/components/detail/CandlingJournalTab.tsx","2638","47","direct"
"--border-default","className","components/detail/CandlingJournalTab","apps/web/src/app/components/detail/CandlingJournalTab.tsx","2672","52","direct"
"--surface-subtle","backgroundColor","components/detail/CandlingJournalTab","apps/web/src/app/components/detail/CandlingJournalTab.tsx","2674","41","direct"
"--text-primary","color","components/detail/CandlingJournalTab","apps/web/src/app/components/detail/CandlingJournalTab.tsx","2675","31","direct"
"--text-primary","color","components/detail/CandlingJournalTab","apps/web/src/app/components/detail/CandlingJournalTab.tsx","2681","35","direct"
"--type-heading-md","fontSize","components/detail/CandlingJournalTab","apps/web/src/app/components/detail/CandlingJournalTab.tsx","2682","38","direct"
"--weight-bold","fontWeight","components/detail/CandlingJournalTab","apps/web/src/app/components/detail/CandlingJournalTab.tsx","2683","40","direct"
"--border-default","borderColor","components/detail/CandlingJournalTab","apps/web/src/app/components/detail/CandlingJournalTab.tsx","2703","41","direct"
"--text-secondary","color","components/detail/CandlingJournalTab","apps/web/src/app/components/detail/CandlingJournalTab.tsx","2704","35","direct"
"--control-height-mobile","height","components/detail/CandlingJournalTab","apps/web/src/app/components/detail/CandlingJournalTab.tsx","2705","36","direct"
"--type-body","fontSize","components/detail/CandlingJournalTab","apps/web/src/app/components/detail/CandlingJournalTab.tsx","2706","38","direct"
"--status-danger-fg","backgroundColor","components/detail/CandlingJournalTab","apps/web/src/app/components/detail/CandlingJournalTab.tsx","2714","45","direct"
"--surface-card","color","components/detail/CandlingJournalTab","apps/web/src/app/components/detail/CandlingJournalTab.tsx","2715","35","direct"
"--control-height-mobile","height","components/detail/CandlingJournalTab","apps/web/src/app/components/detail/CandlingJournalTab.tsx","2716","36","direct"
"--type-body","fontSize","components/detail/CandlingJournalTab","apps/web/src/app/components/detail/CandlingJournalTab.tsx","2717","38","direct"
"--surface-card","className","components/detail/CandlingJournalTab","apps/web/src/app/components/detail/CandlingJournalTab.tsx","2751","92","direct"
"--border-subtle","className","components/detail/CandlingJournalTab","apps/web/src/app/components/detail/CandlingJournalTab.tsx","2751","148","direct"
"--border-default","borderColor","components/detail/DeviceSettingsTab","apps/web/src/app/components/detail/DeviceSettingsTab.tsx","112","23","direct"
"--text-primary","color","components/detail/DeviceSettingsTab","apps/web/src/app/components/detail/DeviceSettingsTab.tsx","113","17","direct"
"--surface-card","backgroundColor","components/detail/DeviceSettingsTab","apps/web/src/app/components/detail/DeviceSettingsTab.tsx","114","27","direct"
"--surface-card","backgroundColor","components/detail/DeviceSettingsTab","apps/web/src/app/components/detail/DeviceSettingsTab.tsx","130","33","direct"
"--radius-card","borderRadius","components/detail/DeviceSettingsTab","apps/web/src/app/components/detail/DeviceSettingsTab.tsx","131","30","direct"
"--border-width-hairline","border","components/detail/DeviceSettingsTab","apps/web/src/app/components/detail/DeviceSettingsTab.tsx","132","24","direct"
"--border-default","border","components/detail/DeviceSettingsTab","apps/web/src/app/components/detail/DeviceSettingsTab.tsx","132","59","direct"
"--border-width-hairline","borderBottom","components/detail/DeviceSettingsTab","apps/web/src/app/components/detail/DeviceSettingsTab.tsx","193","24","direct"
"--border-default","borderBottom","components/detail/DeviceSettingsTab","apps/web/src/app/components/detail/DeviceSettingsTab.tsx","193","59","direct"
"--type-heading-sm","className","components/detail/DeviceSettingsTab","apps/web/src/app/components/detail/DeviceSettingsTab.tsx","198","56","direct"
"--font-display","fontFamily","components/detail/DeviceSettingsTab","apps/web/src/app/components/detail/DeviceSettingsTab.tsx","200","36","direct"
"--weight-bold","fontWeight","components/detail/DeviceSettingsTab","apps/web/src/app/components/detail/DeviceSettingsTab.tsx","201","36","direct"
"--leading-snug","lineHeight","components/detail/DeviceSettingsTab","apps/web/src/app/components/detail/DeviceSettingsTab.tsx","202","36","direct"
"--text-primary","color","components/detail/DeviceSettingsTab","apps/web/src/app/components/detail/DeviceSettingsTab.tsx","203","31","direct"
"--type-body-sm","className","components/detail/DeviceSettingsTab","apps/web/src/app/components/detail/DeviceSettingsTab.tsx","209","61","direct"
"--font-body","fontFamily","components/detail/DeviceSettingsTab","apps/web/src/app/components/detail/DeviceSettingsTab.tsx","211","36","direct"
"--weight-regular","fontWeight","components/detail/DeviceSettingsTab","apps/web/src/app/components/detail/DeviceSettingsTab.tsx","212","36","direct"
"--text-farm","color","components/detail/DeviceSettingsTab","apps/web/src/app/components/detail/DeviceSettingsTab.tsx","213","31","direct"
"--radius-dialog","className","components/detail/DeviceSettingsTab","apps/web/src/app/components/detail/DeviceSettingsTab.tsx","222","61","direct"
"--surface-porcelain","backgroundColor","components/detail/DeviceSettingsTab","apps/web/src/app/components/detail/DeviceSettingsTab.tsx","224","41","direct"
"--border-width-hairline","border","components/detail/DeviceSettingsTab","apps/web/src/app/components/detail/DeviceSettingsTab.tsx","225","32","direct"
"--border-default","border","components/detail/DeviceSettingsTab","apps/web/src/app/components/detail/DeviceSettingsTab.tsx","225","67","direct"
"--surface-oat","backgroundColor","components/detail/DeviceSettingsTab","apps/web/src/app/components/detail/DeviceSettingsTab.tsx","234","47","direct"
"--brand-primary-hover","color","components/detail/DeviceSettingsTab","apps/web/src/app/components/detail/DeviceSettingsTab.tsx","235","37","direct"
"--brand-primary-hover","color","components/detail/DeviceSettingsTab","apps/web/src/app/components/detail/DeviceSettingsTab.tsx","240","36","direct"
"--text-secondary","color","components/detail/DeviceSettingsTab","apps/web/src/app/components/detail/DeviceSettingsTab.tsx","248","39","direct"
"--font-body","fontFamily","components/detail/DeviceSettingsTab","apps/web/src/app/components/detail/DeviceSettingsTab.tsx","249","44","direct"
"--type-label","fontSize","components/detail/DeviceSettingsTab","apps/web/src/app/components/detail/DeviceSettingsTab.tsx","250","42","direct"
"--weight-bold","fontWeight","components/detail/DeviceSettingsTab","apps/web/src/app/components/detail/DeviceSettingsTab.tsx","251","44","direct"
"--font-display","fontFamily","components/detail/DeviceSettingsTab","apps/web/src/app/components/detail/DeviceSettingsTab.tsx","259","46","direct"
"--type-heading-sm","fontSize","components/detail/DeviceSettingsTab","apps/web/src/app/components/detail/DeviceSettingsTab.tsx","260","44","direct"
"--weight-extrabold","fontWeight","components/detail/DeviceSettingsTab","apps/web/src/app/components/detail/DeviceSettingsTab.tsx","261","46","direct"
"--leading-snug","lineHeight","components/detail/DeviceSettingsTab","apps/web/src/app/components/detail/DeviceSettingsTab.tsx","262","46","direct"
"--text-primary","color","components/detail/DeviceSettingsTab","apps/web/src/app/components/detail/DeviceSettingsTab.tsx","263","41","direct"
"--input-border","borderColor","components/detail/DeviceSettingsTab","apps/web/src/app/components/detail/DeviceSettingsTab.tsx","286","45","direct"
"--surface-card","backgroundColor","components/detail/DeviceSettingsTab","apps/web/src/app/components/detail/DeviceSettingsTab.tsx","287","49","direct"
"--font-body","fontFamily","components/detail/DeviceSettingsTab","apps/web/src/app/components/detail/DeviceSettingsTab.tsx","288","44","direct"
"--type-control-value","fontSize","components/detail/DeviceSettingsTab","apps/web/src/app/components/detail/DeviceSettingsTab.tsx","289","42","direct"
"--weight-bold","fontWeight","components/detail/DeviceSettingsTab","apps/web/src/app/components/detail/DeviceSettingsTab.tsx","290","44","direct"
"--font-display","fontFamily","components/detail/DeviceSettingsTab","apps/web/src/app/components/detail/DeviceSettingsTab.tsx","318","36","direct"
"--type-label","fontSize","components/detail/DeviceSettingsTab","apps/web/src/app/components/detail/DeviceSettingsTab.tsx","319","34","direct"
"--weight-extrabold","fontWeight","components/detail/DeviceSettingsTab","apps/web/src/app/components/detail/DeviceSettingsTab.tsx","320","36","direct"
"--tracking-label","letterSpacing","components/detail/DeviceSettingsTab","apps/web/src/app/components/detail/DeviceSettingsTab.tsx","321","39","direct"
"--leading-snug","lineHeight","components/detail/DeviceSettingsTab","apps/web/src/app/components/detail/DeviceSettingsTab.tsx","322","36","direct"
"--text-secondary","color","components/detail/DeviceSettingsTab","apps/web/src/app/components/detail/DeviceSettingsTab.tsx","323","31","direct"
"--radius-dialog","className","components/detail/DeviceSettingsTab","apps/web/src/app/components/detail/DeviceSettingsTab.tsx","330","74","direct"
"--border-width-hairline","border","components/detail/DeviceSettingsTab","apps/web/src/app/components/detail/DeviceSettingsTab.tsx","332","32","direct"
"--border-default","border","components/detail/DeviceSettingsTab","apps/web/src/app/components/detail/DeviceSettingsTab.tsx","332","67","direct"
"--surface-card","backgroundColor","components/detail/DeviceSettingsTab","apps/web/src/app/components/detail/DeviceSettingsTab.tsx","333","41","direct"
"--surface-porcelain","backgroundColor","components/detail/DeviceSettingsTab","apps/web/src/app/components/detail/DeviceSettingsTab.tsx","358","45","direct"
"--border-default","borderColor","components/detail/DeviceSettingsTab","apps/web/src/app/components/detail/DeviceSettingsTab.tsx","359","41","direct"
"--text-secondary","color","components/detail/DeviceSettingsTab","apps/web/src/app/components/detail/DeviceSettingsTab.tsx","364","37","direct"
"--font-body","fontFamily","components/detail/DeviceSettingsTab","apps/web/src/app/components/detail/DeviceSettingsTab.tsx","365","42","direct"
"--type-caption","fontSize","components/detail/DeviceSettingsTab","apps/web/src/app/components/detail/DeviceSettingsTab.tsx","366","40","direct"
"--weight-bold","fontWeight","components/detail/DeviceSettingsTab","apps/web/src/app/components/detail/DeviceSettingsTab.tsx","367","42","direct"
"--font-display","fontFamily","components/detail/DeviceSettingsTab","apps/web/src/app/components/detail/DeviceSettingsTab.tsx","375","42","direct"
"--type-body","fontSize","components/detail/DeviceSettingsTab","apps/web/src/app/components/detail/DeviceSettingsTab.tsx","376","40","direct"
"--weight-extrabold","fontWeight","components/detail/DeviceSettingsTab","apps/web/src/app/components/detail/DeviceSettingsTab.tsx","377","42","direct"
"--leading-normal","lineHeight","components/detail/DeviceSettingsTab","apps/web/src/app/components/detail/DeviceSettingsTab.tsx","378","42","direct"
"--text-primary","color","components/detail/DeviceSettingsTab","apps/web/src/app/components/detail/DeviceSettingsTab.tsx","379","37","direct"
"--control-height-default","className","components/detail/DeviceSettingsTab","apps/web/src/app/components/detail/DeviceSettingsTab.tsx","395","51","direct"
"--brand-primary","className","components/detail/DeviceSettingsTab","apps/web/src/app/components/detail/DeviceSettingsTab.tsx","395","140","direct"
"--brand-primary-hover","className","components/detail/DeviceSettingsTab","apps/web/src/app/components/detail/DeviceSettingsTab.tsx","395","192","direct"
"--font-body","fontFamily","components/detail/DeviceSettingsTab","apps/web/src/app/components/detail/DeviceSettingsTab.tsx","397","36","direct"
"--type-body-sm","fontSize","components/detail/DeviceSettingsTab","apps/web/src/app/components/detail/DeviceSettingsTab.tsx","398","34","direct"
"--weight-semibold","fontWeight","components/detail/DeviceSettingsTab","apps/web/src/app/components/detail/DeviceSettingsTab.tsx","399","36","direct"
"--border-width-hairline","borderBottom","components/detail/DeviceSettingsTab","apps/web/src/app/components/detail/DeviceSettingsTab.tsx","415","24","direct"
"--border-oat","borderBottom","components/detail/DeviceSettingsTab","apps/web/src/app/components/detail/DeviceSettingsTab.tsx","415","59","direct"
"--type-heading-sm","className","components/detail/DeviceSettingsTab","apps/web/src/app/components/detail/DeviceSettingsTab.tsx","420","56","direct"
"--font-display","fontFamily","components/detail/DeviceSettingsTab","apps/web/src/app/components/detail/DeviceSettingsTab.tsx","422","36","direct"
"--weight-bold","fontWeight","components/detail/DeviceSettingsTab","apps/web/src/app/components/detail/DeviceSettingsTab.tsx","423","36","direct"
"--leading-snug","lineHeight","components/detail/DeviceSettingsTab","apps/web/src/app/components/detail/DeviceSettingsTab.tsx","424","36","direct"
"--text-primary","color","components/detail/DeviceSettingsTab","apps/web/src/app/components/detail/DeviceSettingsTab.tsx","425","31","direct"
"--type-body-sm","className","components/detail/DeviceSettingsTab","apps/web/src/app/components/detail/DeviceSettingsTab.tsx","431","61","direct"
"--font-body","fontFamily","components/detail/DeviceSettingsTab","apps/web/src/app/components/detail/DeviceSettingsTab.tsx","433","36","direct"
"--weight-regular","fontWeight","components/detail/DeviceSettingsTab","apps/web/src/app/components/detail/DeviceSettingsTab.tsx","434","36","direct"
"--text-farm","color","components/detail/DeviceSettingsTab","apps/web/src/app/components/detail/DeviceSettingsTab.tsx","435","31","direct"
"--weight-semibold","fontWeight","components/detail/DeviceSettingsTab","apps/web/src/app/components/detail/DeviceSettingsTab.tsx","447","40","direct"
"--font-body","fontFamily","components/detail/DeviceSettingsTab","apps/web/src/app/components/detail/DeviceSettingsTab.tsx","448","40","direct"
"--type-body-sm","fontSize","components/detail/DeviceSettingsTab","apps/web/src/app/components/detail/DeviceSettingsTab.tsx","449","38","direct"
"--text-primary","color","components/detail/DeviceSettingsTab","apps/web/src/app/components/detail/DeviceSettingsTab.tsx","450","35","direct"
"--text-secondary","color","components/detail/DeviceSettingsTab","apps/web/src/app/components/detail/DeviceSettingsTab.tsx","457","35","direct"
"--font-body","fontFamily","components/detail/DeviceSettingsTab","apps/web/src/app/components/detail/DeviceSettingsTab.tsx","458","40","direct"
"--type-caption","fontSize","components/detail/DeviceSettingsTab","apps/web/src/app/components/detail/DeviceSettingsTab.tsx","459","38","direct"
"--font-body","fontFamily","components/detail/DeviceSettingsTab","apps/web/src/app/components/detail/DeviceSettingsTab.tsx","479","38","direct"
"--type-caption","fontSize","components/detail/DeviceSettingsTab","apps/web/src/app/components/detail/DeviceSettingsTab.tsx","480","36","direct"
"--text-secondary","color","components/detail/DeviceSettingsTab","apps/web/src/app/components/detail/DeviceSettingsTab.tsx","481","33","direct"
"--font-body","fontFamily","components/detail/DeviceSettingsTab","apps/web/src/app/components/detail/DeviceSettingsTab.tsx","490","38","direct"
"--type-body-sm","fontSize","components/detail/DeviceSettingsTab","apps/web/src/app/components/detail/DeviceSettingsTab.tsx","491","36","direct"
"--weight-semibold","fontWeight","components/detail/DeviceSettingsTab","apps/web/src/app/components/detail/DeviceSettingsTab.tsx","492","38","direct"
"--text-primary","color","components/detail/DeviceSettingsTab","apps/web/src/app/components/detail/DeviceSettingsTab.tsx","493","33","direct"
"--control-height-default","className","components/detail/DeviceSettingsTab","apps/web/src/app/components/detail/DeviceSettingsTab.tsx","509","39","direct"
"--border-clay","borderColor","components/detail/DeviceSettingsTab","apps/web/src/app/components/detail/DeviceSettingsTab.tsx","511","41","direct"
"--surface-card","backgroundColor","components/detail/DeviceSettingsTab","apps/web/src/app/components/detail/DeviceSettingsTab.tsx","512","45","direct"
"--font-body","fontFamily","components/detail/DeviceSettingsTab","apps/web/src/app/components/detail/DeviceSettingsTab.tsx","513","40","direct"
"--type-control-value","fontSize","components/detail/DeviceSettingsTab","apps/web/src/app/components/detail/DeviceSettingsTab.tsx","514","38","direct"
"--font-body","fontFamily","components/detail/DeviceSettingsTab","apps/web/src/app/components/detail/DeviceSettingsTab.tsx","532","38","direct"
"--type-caption","fontSize","components/detail/DeviceSettingsTab","apps/web/src/app/components/detail/DeviceSettingsTab.tsx","533","36","direct"
"--status-danger-fg","color","components/detail/DeviceSettingsTab","apps/web/src/app/components/detail/DeviceSettingsTab.tsx","535","30","direct"
"--text-secondary","color","components/detail/DeviceSettingsTab","apps/web/src/app/components/detail/DeviceSettingsTab.tsx","536","30","direct"
"--border-width-hairline","borderBottom","components/detail/DeviceSettingsTab","apps/web/src/app/components/detail/DeviceSettingsTab.tsx","586","24","direct"
"--border-oat","borderBottom","components/detail/DeviceSettingsTab","apps/web/src/app/components/detail/DeviceSettingsTab.tsx","586","59","direct"
"--type-heading-sm","className","components/detail/DeviceSettingsTab","apps/web/src/app/components/detail/DeviceSettingsTab.tsx","591","56","direct"
"--font-display","fontFamily","components/detail/DeviceSettingsTab","apps/web/src/app/components/detail/DeviceSettingsTab.tsx","593","36","direct"
"--weight-bold","fontWeight","components/detail/DeviceSettingsTab","apps/web/src/app/components/detail/DeviceSettingsTab.tsx","594","36","direct"
"--leading-snug","lineHeight","components/detail/DeviceSettingsTab","apps/web/src/app/components/detail/DeviceSettingsTab.tsx","595","36","direct"
"--text-primary","color","components/detail/DeviceSettingsTab","apps/web/src/app/components/detail/DeviceSettingsTab.tsx","596","31","direct"
"--type-body-sm","className","components/detail/DeviceSettingsTab","apps/web/src/app/components/detail/DeviceSettingsTab.tsx","602","61","direct"
"--font-body","fontFamily","components/detail/DeviceSettingsTab","apps/web/src/app/components/detail/DeviceSettingsTab.tsx","604","36","direct"
"--weight-regular","fontWeight","components/detail/DeviceSettingsTab","apps/web/src/app/components/detail/DeviceSettingsTab.tsx","605","36","direct"
"--text-farm","color","components/detail/DeviceSettingsTab","apps/web/src/app/components/detail/DeviceSettingsTab.tsx","606","31","direct"
"--surface-card","backgroundColor","components/detail/DeviceSettingsTab","apps/web/src/app/components/detail/DeviceSettingsTab.tsx","652","41","direct"
"--border-width-hairline","border","components/detail/DeviceSettingsTab","apps/web/src/app/components/detail/DeviceSettingsTab.tsx","653","32","direct"
"--border-default","border","components/detail/DeviceSettingsTab","apps/web/src/app/components/detail/DeviceSettingsTab.tsx","653","67","direct"
"--font-body","fontFamily","components/detail/DeviceSettingsTab","apps/web/src/app/components/detail/DeviceSettingsTab.tsx","659","40","direct"
"--type-caption","fontSize","components/detail/DeviceSettingsTab","apps/web/src/app/components/detail/DeviceSettingsTab.tsx","660","38","direct"
"--text-secondary","color","components/detail/DeviceSettingsTab","apps/web/src/app/components/detail/DeviceSettingsTab.tsx","661","35","direct"
"--font-body","fontFamily","components/detail/DeviceSettingsTab","apps/web/src/app/components/detail/DeviceSettingsTab.tsx","668","40","direct"
"--type-body-sm","fontSize","components/detail/DeviceSettingsTab","apps/web/src/app/components/detail/DeviceSettingsTab.tsx","669","38","direct"
"--weight-bold","fontWeight","components/detail/DeviceSettingsTab","apps/web/src/app/components/detail/DeviceSettingsTab.tsx","670","40","direct"
"--status-danger-fg","color","components/detail/DeviceSettingsTab","apps/web/src/app/components/detail/DeviceSettingsTab.tsx","673","34","direct"
"--text-primary","color","components/detail/DeviceSettingsTab","apps/web/src/app/components/detail/DeviceSettingsTab.tsx","674","34","direct"
"--surface-amber-pale","backgroundColor","components/detail/DeviceSettingsTab","apps/web/src/app/components/detail/DeviceSettingsTab.tsx","685","41","direct"
"--border-width-hairline","border","components/detail/DeviceSettingsTab","apps/web/src/app/components/detail/DeviceSettingsTab.tsx","687","26","direct"
"--accent-gold","border","components/detail/DeviceSettingsTab","apps/web/src/app/components/detail/DeviceSettingsTab.tsx","687","61","direct"
"--type-label","fontSize","components/detail/DeviceSettingsTab","apps/web/src/app/components/detail/DeviceSettingsTab.tsx","692","36","direct"
"--weight-extrabold","fontWeight","components/detail/DeviceSettingsTab","apps/web/src/app/components/detail/DeviceSettingsTab.tsx","693","38","direct"
"--text-primary","color","components/detail/DeviceSettingsTab","apps/web/src/app/components/detail/DeviceSettingsTab.tsx","694","33","direct"
"--font-body","fontFamily","components/detail/DeviceSettingsTab","apps/web/src/app/components/detail/DeviceSettingsTab.tsx","703","38","direct"
"--type-caption","fontSize","components/detail/DeviceSettingsTab","apps/web/src/app/components/detail/DeviceSettingsTab.tsx","704","36","direct"
"--text-secondary","color","components/detail/DeviceSettingsTab","apps/web/src/app/components/detail/DeviceSettingsTab.tsx","705","33","direct"
"--button-danger-border","borderColor","components/detail/DeviceSettingsTab","apps/web/src/app/components/detail/DeviceSettingsTab.tsx","722","39","direct"
"--control-height-mobile","height","components/detail/DeviceSettingsTab","apps/web/src/app/components/detail/DeviceSettingsTab.tsx","723","34","direct"
"--button-danger-fg","color","components/detail/DeviceSettingsTab","apps/web/src/app/components/detail/DeviceSettingsTab.tsx","724","33","direct"
"--surface-card","backgroundColor","components/detail/DeviceSettingsTab","apps/web/src/app/components/detail/DeviceSettingsTab.tsx","725","43","direct"
"--surface-muted","backgroundColor","components/detail/IncubationCalendar","apps/web/src/app/components/detail/IncubationCalendar.tsx","143","42","direct"
"--brand-primary","backgroundColor","components/detail/IncubationCalendar","apps/web/src/app/components/detail/IncubationCalendar.tsx","148","44","direct"
"--text-primary","color","components/detail/IncubationCalendar","apps/web/src/app/components/detail/IncubationCalendar.tsx","152","27","direct"
"--font-body","fontFamily","components/detail/IncubationCalendar","apps/web/src/app/components/detail/IncubationCalendar.tsx","153","32","direct"
"--type-caption","fontSize","components/detail/IncubationCalendar","apps/web/src/app/components/detail/IncubationCalendar.tsx","154","30","direct"
"--weight-bold","fontWeight","components/detail/IncubationCalendar","apps/web/src/app/components/detail/IncubationCalendar.tsx","155","32","direct"
"--leading-normal","lineHeight","components/detail/IncubationCalendar","apps/web/src/app/components/detail/IncubationCalendar.tsx","156","32","direct"
"--accent-gold","dot","components/detail/IncubationCalendar","apps/web/src/app/components/detail/IncubationCalendar.tsx","174","22","component constant"
"--legend-amber","dot","components/detail/IncubationCalendar","apps/web/src/app/components/detail/IncubationCalendar.tsx","176","24","component constant"
"--legend-green","dot","components/detail/IncubationCalendar","apps/web/src/app/components/detail/IncubationCalendar.tsx","178","26","component constant"
"--brand-primary","backgroundColor","components/detail/IncubationCalendar","apps/web/src/app/components/detail/IncubationCalendar.tsx","187","45","direct"
"--on-brand","color","components/detail/IncubationCalendar","apps/web/src/app/components/detail/IncubationCalendar.tsx","188","35","direct"
"--surface-muted","backgroundColor","components/detail/IncubationCalendar","apps/web/src/app/components/detail/IncubationCalendar.tsx","190","45","direct"
"--font-body","fontFamily","components/detail/IncubationCalendar","apps/web/src/app/components/detail/IncubationCalendar.tsx","195","36","direct"
"--type-label","fontSize","components/detail/IncubationCalendar","apps/web/src/app/components/detail/IncubationCalendar.tsx","196","34","direct"
"--weight-bold","fontWeight","components/detail/IncubationCalendar","apps/web/src/app/components/detail/IncubationCalendar.tsx","197","36","direct"
"--tracking-label","letterSpacing","components/detail/IncubationCalendar","apps/web/src/app/components/detail/IncubationCalendar.tsx","198","39","direct"
"--leading-snug","lineHeight","components/detail/IncubationCalendar","apps/web/src/app/components/detail/IncubationCalendar.tsx","199","36","direct"
"--on-brand","color","components/detail/IncubationCalendar","apps/web/src/app/components/detail/IncubationCalendar.tsx","200","41","direct"
"--text-muted","color","components/detail/IncubationCalendar","apps/web/src/app/components/detail/IncubationCalendar.tsx","200","61","direct"
"--font-display","fontFamily","components/detail/IncubationCalendar","apps/web/src/app/components/detail/IncubationCalendar.tsx","207","36","direct"
"--type-body","fontSize","components/detail/IncubationCalendar","apps/web/src/app/components/detail/IncubationCalendar.tsx","208","34","direct"
"--weight-bold","fontWeight","components/detail/IncubationCalendar","apps/web/src/app/components/detail/IncubationCalendar.tsx","209","36","direct"
"--leading-tight","lineHeight","components/detail/IncubationCalendar","apps/web/src/app/components/detail/IncubationCalendar.tsx","210","36","direct"
"--on-brand","color","components/detail/IncubationCalendar","apps/web/src/app/components/detail/IncubationCalendar.tsx","211","41","direct"
"--text-primary","color","components/detail/IncubationCalendar","apps/web/src/app/components/detail/IncubationCalendar.tsx","211","61","direct"
"--control-hit-area-icon","className","components/detail/IncubationCalendar","apps/web/src/app/components/detail/IncubationCalendar.tsx","275","34","direct"
"--control-hit-area-icon","className","components/detail/IncubationCalendar","apps/web/src/app/components/detail/IncubationCalendar.tsx","275","67","direct"
"--text-faint","className","components/detail/IncubationCalendar","apps/web/src/app/components/detail/IncubationCalendar.tsx","275","159","direct"
"--surface-track","className","components/detail/IncubationCalendar","apps/web/src/app/components/detail/IncubationCalendar.tsx","275","206","direct"
"--brand-primary","className","components/detail/IncubationCalendar","apps/web/src/app/components/detail/IncubationCalendar.tsx","275","240","direct"
"--ring","className","components/detail/IncubationCalendar","apps/web/src/app/components/detail/IncubationCalendar.tsx","275","330","direct"
"--control-size-icon","className","components/detail/IncubationCalendar","apps/web/src/app/components/detail/IncubationCalendar.tsx","275","377","direct"
"--control-size-icon","className","components/detail/IncubationCalendar","apps/web/src/app/components/detail/IncubationCalendar.tsx","275","409","direct"
"--type-body","fontSize","components/detail/IncubationCalendar","apps/web/src/app/components/detail/IncubationCalendar.tsx","284","28","direct"
"--weight-semibold","fontWeight","components/detail/IncubationCalendar","apps/web/src/app/components/detail/IncubationCalendar.tsx","285","30","direct"
"--text-primary","color","components/detail/IncubationCalendar","apps/web/src/app/components/detail/IncubationCalendar.tsx","286","25","direct"
"--control-hit-area-icon","className","components/detail/IncubationCalendar","apps/web/src/app/components/detail/IncubationCalendar.tsx","294","34","direct"
"--control-hit-area-icon","className","components/detail/IncubationCalendar","apps/web/src/app/components/detail/IncubationCalendar.tsx","294","67","direct"
"--text-faint","className","components/detail/IncubationCalendar","apps/web/src/app/components/detail/IncubationCalendar.tsx","294","159","direct"
"--surface-track","className","components/detail/IncubationCalendar","apps/web/src/app/components/detail/IncubationCalendar.tsx","294","206","direct"
"--brand-primary","className","components/detail/IncubationCalendar","apps/web/src/app/components/detail/IncubationCalendar.tsx","294","240","direct"
"--ring","className","components/detail/IncubationCalendar","apps/web/src/app/components/detail/IncubationCalendar.tsx","294","330","direct"
"--control-size-icon","className","components/detail/IncubationCalendar","apps/web/src/app/components/detail/IncubationCalendar.tsx","294","377","direct"
"--control-size-icon","className","components/detail/IncubationCalendar","apps/web/src/app/components/detail/IncubationCalendar.tsx","294","409","direct"
"--font-body","fontFamily","components/detail/IncubationCalendar","apps/web/src/app/components/detail/IncubationCalendar.tsx","308","32","direct"
"--type-label","fontSize","components/detail/IncubationCalendar","apps/web/src/app/components/detail/IncubationCalendar.tsx","309","30","direct"
"--weight-bold","fontWeight","components/detail/IncubationCalendar","apps/web/src/app/components/detail/IncubationCalendar.tsx","310","32","direct"
"--tracking-label","letterSpacing","components/detail/IncubationCalendar","apps/web/src/app/components/detail/IncubationCalendar.tsx","311","35","direct"
"--text-faint","color","components/detail/IncubationCalendar","apps/web/src/app/components/detail/IncubationCalendar.tsx","312","27","direct"
"--brand-primary-soft","backgroundColor","components/detail/IncubationCalendar","apps/web/src/app/components/detail/IncubationCalendar.tsx","376","28","direct"
"--surface-amber-wash","backgroundColor","components/detail/IncubationCalendar","apps/web/src/app/components/detail/IncubationCalendar.tsx","377","28","direct"
"--border-width-hairline","borderTop","components/detail/IncubationCalendar","apps/web/src/app/components/detail/IncubationCalendar.tsx","380","26","direct"
"--swatch-clay","borderTop","components/detail/IncubationCalendar","apps/web/src/app/components/detail/IncubationCalendar.tsx","380","82","direct"
"--swatch-sand","borderTop","components/detail/IncubationCalendar","apps/web/src/app/components/detail/IncubationCalendar.tsx","380","105","direct"
"--border-width-hairline","borderBottom","components/detail/IncubationCalendar","apps/web/src/app/components/detail/IncubationCalendar.tsx","383","26","direct"
"--swatch-clay","borderBottom","components/detail/IncubationCalendar","apps/web/src/app/components/detail/IncubationCalendar.tsx","383","82","direct"
"--swatch-sand","borderBottom","components/detail/IncubationCalendar","apps/web/src/app/components/detail/IncubationCalendar.tsx","383","105","direct"
"--border-width-hairline","borderLeft","components/detail/IncubationCalendar","apps/web/src/app/components/detail/IncubationCalendar.tsx","386","26","direct"
"--swatch-clay","borderLeft","components/detail/IncubationCalendar","apps/web/src/app/components/detail/IncubationCalendar.tsx","386","82","direct"
"--swatch-sand","borderLeft","components/detail/IncubationCalendar","apps/web/src/app/components/detail/IncubationCalendar.tsx","386","105","direct"
"--border-width-hairline","borderRight","components/detail/IncubationCalendar","apps/web/src/app/components/detail/IncubationCalendar.tsx","389","26","direct"
"--swatch-clay","borderRight","components/detail/IncubationCalendar","apps/web/src/app/components/detail/IncubationCalendar.tsx","389","82","direct"
"--swatch-sand","borderRight","components/detail/IncubationCalendar","apps/web/src/app/components/detail/IncubationCalendar.tsx","389","105","direct"
"--radius-compact","borderRadius","components/detail/IncubationCalendar","apps/web/src/app/components/detail/IncubationCalendar.tsx","391","57","direct"
"--radius-compact","borderRadius","components/detail/IncubationCalendar","apps/web/src/app/components/detail/IncubationCalendar.tsx","391","104","direct"
"--radius-compact","borderRadius","components/detail/IncubationCalendar","apps/web/src/app/components/detail/IncubationCalendar.tsx","391","151","direct"
"--radius-compact","borderRadius","components/detail/IncubationCalendar","apps/web/src/app/components/detail/IncubationCalendar.tsx","391","200","direct"
"--z-sunken","zIndex","components/detail/IncubationCalendar","apps/web/src/app/components/detail/IncubationCalendar.tsx","392","52","direct"
"--radius-compact","className","components/detail/IncubationCalendar","apps/web/src/app/components/detail/IncubationCalendar.tsx","403","114","direct"
"--brand-primary-hover","backgroundColor","components/detail/IncubationCalendar","apps/web/src/app/components/detail/IncubationCalendar.tsx","408","43","direct"
"--on-brand","color","components/detail/IncubationCalendar","apps/web/src/app/components/detail/IncubationCalendar.tsx","409","33","direct"
"--shadow-dot","boxShadow","components/detail/IncubationCalendar","apps/web/src/app/components/detail/IncubationCalendar.tsx","410","37","direct"
"--z-low","zIndex","components/detail/IncubationCalendar","apps/web/src/app/components/detail/IncubationCalendar.tsx","411","34","direct"
"--font-body","fontFamily","components/detail/IncubationCalendar","apps/web/src/app/components/detail/IncubationCalendar.tsx","416","40","direct"
"--type-label","fontSize","components/detail/IncubationCalendar","apps/web/src/app/components/detail/IncubationCalendar.tsx","417","38","direct"
"--weight-bold","fontWeight","components/detail/IncubationCalendar","apps/web/src/app/components/detail/IncubationCalendar.tsx","418","40","direct"
"--tracking-label","letterSpacing","components/detail/IncubationCalendar","apps/web/src/app/components/detail/IncubationCalendar.tsx","419","43","direct"
"--leading-snug","lineHeight","components/detail/IncubationCalendar","apps/web/src/app/components/detail/IncubationCalendar.tsx","420","40","direct"
"--font-display","fontFamily","components/detail/IncubationCalendar","apps/web/src/app/components/detail/IncubationCalendar.tsx","427","40","direct"
"--type-body","fontSize","components/detail/IncubationCalendar","apps/web/src/app/components/detail/IncubationCalendar.tsx","428","38","direct"
"--weight-bold","fontWeight","components/detail/IncubationCalendar","apps/web/src/app/components/detail/IncubationCalendar.tsx","429","40","direct"
"--leading-tight","lineHeight","components/detail/IncubationCalendar","apps/web/src/app/components/detail/IncubationCalendar.tsx","430","40","direct"
"--type-caption","fontSize","components/detail/IncubationCalendar","apps/web/src/app/components/detail/IncubationCalendar.tsx","442","36","direct"
"--weight-bold","fontWeight","components/detail/IncubationCalendar","apps/web/src/app/components/detail/IncubationCalendar.tsx","445","30","direct"
"--weight-medium","fontWeight","components/detail/IncubationCalendar","apps/web/src/app/components/detail/IncubationCalendar.tsx","446","30","direct"
"--accent-gold","backgroundColor","components/detail/IncubationCalendar","apps/web/src/app/components/detail/IncubationCalendar.tsx","450","32","direct"
"--status-warning-fg","backgroundColor","components/detail/IncubationCalendar","apps/web/src/app/components/detail/IncubationCalendar.tsx","452","34","direct"
"--status-success-fg","backgroundColor","components/detail/IncubationCalendar","apps/web/src/app/components/detail/IncubationCalendar.tsx","454","36","direct"
"--on-brand","color","components/detail/IncubationCalendar","apps/web/src/app/components/detail/IncubationCalendar.tsx","458","32","direct"
"--on-brand","color","components/detail/IncubationCalendar","apps/web/src/app/components/detail/IncubationCalendar.tsx","460","34","direct"
"--text-amber-strong","color","components/detail/IncubationCalendar","apps/web/src/app/components/detail/IncubationCalendar.tsx","462","36","direct"
"--text-primary","color","components/detail/IncubationCalendar","apps/web/src/app/components/detail/IncubationCalendar.tsx","464","38","direct"
"--text-muted","color","components/detail/IncubationCalendar","apps/web/src/app/components/detail/IncubationCalendar.tsx","465","38","direct"
"--border-stone","color","components/detail/IncubationCalendar","apps/web/src/app/components/detail/IncubationCalendar.tsx","467","39","direct"
"--border-sand","borderColor","components/detail/IncubationCalendar","apps/web/src/app/components/detail/IncubationCalendar.tsx","482","36","direct"
"--brand-primary-hover","backgroundColor","components/detail/IncubationCalendar","apps/web/src/app/components/detail/IncubationCalendar.tsx","492","41","direct"
"--accent-gold","backgroundColor","components/detail/IncubationCalendar","apps/web/src/app/components/detail/IncubationCalendar.tsx","505","41","direct"
"--legend-amber","backgroundColor","components/detail/IncubationCalendar","apps/web/src/app/components/detail/IncubationCalendar.tsx","518","41","direct"
"--legend-green","backgroundColor","components/detail/IncubationCalendar","apps/web/src/app/components/detail/IncubationCalendar.tsx","531","41","direct"
"--font-body","fontFamily","components/detail/IncubationCalendar","apps/web/src/app/components/detail/IncubationCalendar.tsx","542","32","direct"
"--type-caption","fontSize","components/detail/IncubationCalendar","apps/web/src/app/components/detail/IncubationCalendar.tsx","543","30","direct"
"--weight-semibold","fontWeight","components/detail/IncubationCalendar","apps/web/src/app/components/detail/IncubationCalendar.tsx","544","32","direct"
"--leading-normal","lineHeight","components/detail/IncubationCalendar","apps/web/src/app/components/detail/IncubationCalendar.tsx","545","32","direct"
"--text-muted","color","components/detail/IncubationCalendar","apps/web/src/app/components/detail/IncubationCalendar.tsx","546","27","direct"
"--text-faint","dot","components/detail/IncubationCalendar","apps/web/src/app/components/detail/IncubationCalendar.tsx","571","21","direct"
"--accent-gold","dot","components/detail/IncubationCalendar","apps/web/src/app/components/detail/IncubationCalendar.tsx","577","21","direct"
"--legend-amber","dot","components/detail/IncubationCalendar","apps/web/src/app/components/detail/IncubationCalendar.tsx","583","21","direct"
"--legend-green","dot","components/detail/IncubationCalendar","apps/web/src/app/components/detail/IncubationCalendar.tsx","589","21","direct"
"--border-subtle","className","components/detail/IncubationCalendar","apps/web/src/app/components/detail/IncubationCalendar.tsx","597","69","direct"
"--font-body","fontFamily","components/detail/IncubationCalendar","apps/web/src/app/components/detail/IncubationCalendar.tsx","607","34","direct"
"--type-caption","fontSize","components/detail/IncubationCalendar","apps/web/src/app/components/detail/IncubationCalendar.tsx","608","32","direct"
"--weight-bold","fontWeight","components/detail/IncubationCalendar","apps/web/src/app/components/detail/IncubationCalendar.tsx","609","34","direct"
"--leading-normal","lineHeight","components/detail/IncubationCalendar","apps/web/src/app/components/detail/IncubationCalendar.tsx","610","34","direct"
"--text-primary","color","components/detail/IncubationCalendar","apps/web/src/app/components/detail/IncubationCalendar.tsx","611","29","direct"
"--text-muted","color","components/detail/IncubationCalendar","apps/web/src/app/components/detail/IncubationCalendar.tsx","618","29","direct"
"--font-body","fontFamily","components/detail/IncubationCalendar","apps/web/src/app/components/detail/IncubationCalendar.tsx","619","34","direct"
"--type-label","fontSize","components/detail/IncubationCalendar","apps/web/src/app/components/detail/IncubationCalendar.tsx","620","32","direct"
"--weight-regular","fontWeight","components/detail/IncubationCalendar","apps/web/src/app/components/detail/IncubationCalendar.tsx","621","34","direct"
"--leading-snug","lineHeight","components/detail/IncubationCalendar","apps/web/src/app/components/detail/IncubationCalendar.tsx","622","34","direct"
"--font-body","fontFamily","components/detail/IncubationCalendar","apps/web/src/app/components/detail/IncubationCalendar.tsx","631","32","direct"
"--type-caption","fontSize","components/detail/IncubationCalendar","apps/web/src/app/components/detail/IncubationCalendar.tsx","632","30","direct"
"--weight-semibold","fontWeight","components/detail/IncubationCalendar","apps/web/src/app/components/detail/IncubationCalendar.tsx","633","32","direct"
"--leading-normal","lineHeight","components/detail/IncubationCalendar","apps/web/src/app/components/detail/IncubationCalendar.tsx","634","32","direct"
"--text-secondary","color","components/detail/IncubationCalendar","apps/web/src/app/components/detail/IncubationCalendar.tsx","635","27","direct"
"--border-sand","borderColor","components/detail/IncubationCalendar","apps/web/src/app/components/detail/IncubationCalendar.tsx","685","36","direct"
"--text-primary","color","components/detail/IncubationCalendar","apps/web/src/app/components/detail/IncubationCalendar.tsx","691","29","direct"
"--font-body","fontFamily","components/detail/IncubationCalendar","apps/web/src/app/components/detail/IncubationCalendar.tsx","692","34","direct"
"--type-caption","fontSize","components/detail/IncubationCalendar","apps/web/src/app/components/detail/IncubationCalendar.tsx","693","32","direct"
"--weight-bold","fontWeight","components/detail/IncubationCalendar","apps/web/src/app/components/detail/IncubationCalendar.tsx","694","34","direct"
"--leading-normal","lineHeight","components/detail/IncubationCalendar","apps/web/src/app/components/detail/IncubationCalendar.tsx","695","34","direct"
"--text-muted","color","components/detail/IncubationCalendar","apps/web/src/app/components/detail/IncubationCalendar.tsx","702","29","direct"
"--font-body","fontFamily","components/detail/IncubationCalendar","apps/web/src/app/components/detail/IncubationCalendar.tsx","703","34","direct"
"--type-label","fontSize","components/detail/IncubationCalendar","apps/web/src/app/components/detail/IncubationCalendar.tsx","704","32","direct"
"--weight-regular","fontWeight","components/detail/IncubationCalendar","apps/web/src/app/components/detail/IncubationCalendar.tsx","705","34","direct"
"--leading-snug","lineHeight","components/detail/IncubationCalendar","apps/web/src/app/components/detail/IncubationCalendar.tsx","706","34","direct"
"--font-body","fontFamily","components/detail/IncubationCalendar","apps/web/src/app/components/detail/IncubationCalendar.tsx","715","32","direct"
"--type-label","fontSize","components/detail/IncubationCalendar","apps/web/src/app/components/detail/IncubationCalendar.tsx","716","30","direct"
"--weight-bold","fontWeight","components/detail/IncubationCalendar","apps/web/src/app/components/detail/IncubationCalendar.tsx","717","32","direct"
"--tracking-label","letterSpacing","components/detail/IncubationCalendar","apps/web/src/app/components/detail/IncubationCalendar.tsx","718","35","direct"
"--leading-snug","lineHeight","components/detail/IncubationCalendar","apps/web/src/app/components/detail/IncubationCalendar.tsx","719","32","direct"
"--status-success-bg","backgroundColor","components/detail/IncubationCalendar","apps/web/src/app/components/detail/IncubationCalendar.tsx","722","26","direct"
"--brand-primary-soft","backgroundColor","components/detail/IncubationCalendar","apps/web/src/app/components/detail/IncubationCalendar.tsx","724","28","direct"
"--surface-oat","backgroundColor","components/detail/IncubationCalendar","apps/web/src/app/components/detail/IncubationCalendar.tsx","725","28","direct"
"--status-success-fg","color","components/detail/IncubationCalendar","apps/web/src/app/components/detail/IncubationCalendar.tsx","728","26","direct"
"--text-caramel","color","components/detail/IncubationCalendar","apps/web/src/app/components/detail/IncubationCalendar.tsx","730","28","direct"
"--text-muted","color","components/detail/IncubationCalendar","apps/web/src/app/components/detail/IncubationCalendar.tsx","731","28","direct"
"--surface-porcelain","backgroundColor","components/detail/IncubationCalendar","apps/web/src/app/components/detail/IncubationCalendar.tsx","745","37","direct"
"--border-width-hairline","border","components/detail/IncubationCalendar","apps/web/src/app/components/detail/IncubationCalendar.tsx","746","28","direct"
"--border-subtle","border","components/detail/IncubationCalendar","apps/web/src/app/components/detail/IncubationCalendar.tsx","746","63","direct"
"--text-muted","color","components/detail/IncubationCalendar","apps/web/src/app/components/detail/IncubationCalendar.tsx","751","29","direct"
"--font-body","fontFamily","components/detail/IncubationCalendar","apps/web/src/app/components/detail/IncubationCalendar.tsx","752","34","direct"
"--type-label","fontSize","components/detail/IncubationCalendar","apps/web/src/app/components/detail/IncubationCalendar.tsx","753","32","direct"
"--weight-bold","fontWeight","components/detail/IncubationCalendar","apps/web/src/app/components/detail/IncubationCalendar.tsx","754","34","direct"
"--tracking-label","letterSpacing","components/detail/IncubationCalendar","apps/web/src/app/components/detail/IncubationCalendar.tsx","755","37","direct"
"--leading-snug","lineHeight","components/detail/IncubationCalendar","apps/web/src/app/components/detail/IncubationCalendar.tsx","756","34","direct"
"--font-body","fontFamily","components/detail/IncubationCalendar","apps/web/src/app/components/detail/IncubationCalendar.tsx","764","34","direct"
"--type-caption","fontSize","components/detail/IncubationCalendar","apps/web/src/app/components/detail/IncubationCalendar.tsx","765","32","direct"
"--weight-bold","fontWeight","components/detail/IncubationCalendar","apps/web/src/app/components/detail/IncubationCalendar.tsx","766","34","direct"
"--leading-normal","lineHeight","components/detail/IncubationCalendar","apps/web/src/app/components/detail/IncubationCalendar.tsx","767","34","direct"
"--text-primary","color","components/detail/IncubationCalendar","apps/web/src/app/components/detail/IncubationCalendar.tsx","768","29","direct"
"--text-muted","color","components/detail/IncubationCalendar","apps/web/src/app/components/detail/IncubationCalendar.tsx","779","29","direct"
"--font-body","fontFamily","components/detail/IncubationCalendar","apps/web/src/app/components/detail/IncubationCalendar.tsx","780","34","direct"
"--type-label","fontSize","components/detail/IncubationCalendar","apps/web/src/app/components/detail/IncubationCalendar.tsx","781","32","direct"
"--weight-regular","fontWeight","components/detail/IncubationCalendar","apps/web/src/app/components/detail/IncubationCalendar.tsx","782","34","direct"
"--leading-snug","lineHeight","components/detail/IncubationCalendar","apps/web/src/app/components/detail/IncubationCalendar.tsx","783","34","direct"
"--surface-pending","backgroundColor","components/detail/IncubationCalendar","apps/web/src/app/components/detail/IncubationCalendar.tsx","794","26","direct"
"--surface-porcelain","backgroundColor","components/detail/IncubationCalendar","apps/web/src/app/components/detail/IncubationCalendar.tsx","795","26","direct"
"--border-width-hairline","border","components/detail/IncubationCalendar","apps/web/src/app/components/detail/IncubationCalendar.tsx","796","28","direct"
"--accent-gold","border","components/detail/IncubationCalendar","apps/web/src/app/components/detail/IncubationCalendar.tsx","796","94","direct"
"--border-subtle","border","components/detail/IncubationCalendar","apps/web/src/app/components/detail/IncubationCalendar.tsx","796","117","direct"
"--text-caramel","color","components/detail/IncubationCalendar","apps/web/src/app/components/detail/IncubationCalendar.tsx","803","28","direct"
"--text-muted","color","components/detail/IncubationCalendar","apps/web/src/app/components/detail/IncubationCalendar.tsx","804","28","direct"
"--font-body","fontFamily","components/detail/IncubationCalendar","apps/web/src/app/components/detail/IncubationCalendar.tsx","805","34","direct"
"--type-label","fontSize","components/detail/IncubationCalendar","apps/web/src/app/components/detail/IncubationCalendar.tsx","806","32","direct"
"--weight-bold","fontWeight","components/detail/IncubationCalendar","apps/web/src/app/components/detail/IncubationCalendar.tsx","807","34","direct"
"--tracking-label","letterSpacing","components/detail/IncubationCalendar","apps/web/src/app/components/detail/IncubationCalendar.tsx","808","37","direct"
"--leading-snug","lineHeight","components/detail/IncubationCalendar","apps/web/src/app/components/detail/IncubationCalendar.tsx","809","34","direct"
"--font-body","fontFamily","components/detail/IncubationCalendar","apps/web/src/app/components/detail/IncubationCalendar.tsx","817","34","direct"
"--type-caption","fontSize","components/detail/IncubationCalendar","apps/web/src/app/components/detail/IncubationCalendar.tsx","818","32","direct"
"--weight-bold","fontWeight","components/detail/IncubationCalendar","apps/web/src/app/components/detail/IncubationCalendar.tsx","819","34","direct"
"--leading-normal","lineHeight","components/detail/IncubationCalendar","apps/web/src/app/components/detail/IncubationCalendar.tsx","820","34","direct"
"--text-caramel","color","components/detail/IncubationCalendar","apps/web/src/app/components/detail/IncubationCalendar.tsx","823","28","direct"
"--text-primary","color","components/detail/IncubationCalendar","apps/web/src/app/components/detail/IncubationCalendar.tsx","824","28","direct"
"--text-caramel","color","components/detail/IncubationCalendar","apps/web/src/app/components/detail/IncubationCalendar.tsx","837","28","direct"
"--text-muted","color","components/detail/IncubationCalendar","apps/web/src/app/components/detail/IncubationCalendar.tsx","838","28","direct"
"--font-body","fontFamily","components/detail/IncubationCalendar","apps/web/src/app/components/detail/IncubationCalendar.tsx","839","34","direct"
"--type-label","fontSize","components/detail/IncubationCalendar","apps/web/src/app/components/detail/IncubationCalendar.tsx","840","32","direct"
"--weight-regular","fontWeight","components/detail/IncubationCalendar","apps/web/src/app/components/detail/IncubationCalendar.tsx","841","34","direct"
"--leading-snug","lineHeight","components/detail/IncubationCalendar","apps/web/src/app/components/detail/IncubationCalendar.tsx","842","34","direct"
"--surface-porcelain","backgroundColor","components/detail/IncubationCalendar","apps/web/src/app/components/detail/IncubationCalendar.tsx","851","37","direct"
"--border-width-hairline","border","components/detail/IncubationCalendar","apps/web/src/app/components/detail/IncubationCalendar.tsx","852","28","direct"
"--border-subtle","border","components/detail/IncubationCalendar","apps/web/src/app/components/detail/IncubationCalendar.tsx","852","63","direct"
"--text-muted","color","components/detail/IncubationCalendar","apps/web/src/app/components/detail/IncubationCalendar.tsx","857","29","direct"
"--font-body","fontFamily","components/detail/IncubationCalendar","apps/web/src/app/components/detail/IncubationCalendar.tsx","858","34","direct"
"--type-label","fontSize","components/detail/IncubationCalendar","apps/web/src/app/components/detail/IncubationCalendar.tsx","859","32","direct"
"--weight-bold","fontWeight","components/detail/IncubationCalendar","apps/web/src/app/components/detail/IncubationCalendar.tsx","860","34","direct"
"--tracking-label","letterSpacing","components/detail/IncubationCalendar","apps/web/src/app/components/detail/IncubationCalendar.tsx","861","37","direct"
"--leading-snug","lineHeight","components/detail/IncubationCalendar","apps/web/src/app/components/detail/IncubationCalendar.tsx","862","34","direct"
"--font-body","fontFamily","components/detail/IncubationCalendar","apps/web/src/app/components/detail/IncubationCalendar.tsx","870","34","direct"
"--type-caption","fontSize","components/detail/IncubationCalendar","apps/web/src/app/components/detail/IncubationCalendar.tsx","871","32","direct"
"--weight-bold","fontWeight","components/detail/IncubationCalendar","apps/web/src/app/components/detail/IncubationCalendar.tsx","872","34","direct"
"--leading-normal","lineHeight","components/detail/IncubationCalendar","apps/web/src/app/components/detail/IncubationCalendar.tsx","873","34","direct"
"--text-primary","color","components/detail/IncubationCalendar","apps/web/src/app/components/detail/IncubationCalendar.tsx","874","29","direct"
"--text-muted","color","components/detail/IncubationCalendar","apps/web/src/app/components/detail/IncubationCalendar.tsx","885","29","direct"
"--font-body","fontFamily","components/detail/IncubationCalendar","apps/web/src/app/components/detail/IncubationCalendar.tsx","886","34","direct"
"--type-label","fontSize","components/detail/IncubationCalendar","apps/web/src/app/components/detail/IncubationCalendar.tsx","887","32","direct"
"--weight-regular","fontWeight","components/detail/IncubationCalendar","apps/web/src/app/components/detail/IncubationCalendar.tsx","888","34","direct"
"--leading-snug","lineHeight","components/detail/IncubationCalendar","apps/web/src/app/components/detail/IncubationCalendar.tsx","889","34","direct"
"--status-success-bg","backgroundColor","components/detail/IncubationCalendar","apps/web/src/app/components/detail/IncubationCalendar.tsx","900","26","direct"
"--surface-porcelain","backgroundColor","components/detail/IncubationCalendar","apps/web/src/app/components/detail/IncubationCalendar.tsx","901","26","direct"
"--border-width-hairline","border","components/detail/IncubationCalendar","apps/web/src/app/components/detail/IncubationCalendar.tsx","902","28","direct"
"--status-success-fg","border","components/detail/IncubationCalendar","apps/web/src/app/components/detail/IncubationCalendar.tsx","902","92","direct"
"--border-subtle","border","components/detail/IncubationCalendar","apps/web/src/app/components/detail/IncubationCalendar.tsx","902","121","direct"
"--status-success-fg","color","components/detail/IncubationCalendar","apps/web/src/app/components/detail/IncubationCalendar.tsx","909","28","direct"
"--text-muted","color","components/detail/IncubationCalendar","apps/web/src/app/components/detail/IncubationCalendar.tsx","910","28","direct"
"--font-body","fontFamily","components/detail/IncubationCalendar","apps/web/src/app/components/detail/IncubationCalendar.tsx","911","34","direct"
"--type-label","fontSize","components/detail/IncubationCalendar","apps/web/src/app/components/detail/IncubationCalendar.tsx","912","32","direct"
"--weight-bold","fontWeight","components/detail/IncubationCalendar","apps/web/src/app/components/detail/IncubationCalendar.tsx","913","34","direct"
"--tracking-label","letterSpacing","components/detail/IncubationCalendar","apps/web/src/app/components/detail/IncubationCalendar.tsx","914","37","direct"
"--leading-snug","lineHeight","components/detail/IncubationCalendar","apps/web/src/app/components/detail/IncubationCalendar.tsx","915","34","direct"
"--font-body","fontFamily","components/detail/IncubationCalendar","apps/web/src/app/components/detail/IncubationCalendar.tsx","923","34","direct"
"--type-caption","fontSize","components/detail/IncubationCalendar","apps/web/src/app/components/detail/IncubationCalendar.tsx","924","32","direct"
"--weight-bold","fontWeight","components/detail/IncubationCalendar","apps/web/src/app/components/detail/IncubationCalendar.tsx","925","34","direct"
"--leading-normal","lineHeight","components/detail/IncubationCalendar","apps/web/src/app/components/detail/IncubationCalendar.tsx","926","34","direct"
"--status-success-fg","color","components/detail/IncubationCalendar","apps/web/src/app/components/detail/IncubationCalendar.tsx","929","28","direct"
"--text-primary","color","components/detail/IncubationCalendar","apps/web/src/app/components/detail/IncubationCalendar.tsx","930","28","direct"
"--status-success-fg","color","components/detail/IncubationCalendar","apps/web/src/app/components/detail/IncubationCalendar.tsx","943","28","direct"
"--text-muted","color","components/detail/IncubationCalendar","apps/web/src/app/components/detail/IncubationCalendar.tsx","944","28","direct"
"--font-body","fontFamily","components/detail/IncubationCalendar","apps/web/src/app/components/detail/IncubationCalendar.tsx","945","34","direct"
"--type-label","fontSize","components/detail/IncubationCalendar","apps/web/src/app/components/detail/IncubationCalendar.tsx","946","32","direct"
"--weight-regular","fontWeight","components/detail/IncubationCalendar","apps/web/src/app/components/detail/IncubationCalendar.tsx","947","34","direct"
"--leading-snug","lineHeight","components/detail/IncubationCalendar","apps/web/src/app/components/detail/IncubationCalendar.tsx","948","34","direct"
"--ring","className","components/detail/IncubationCalendar","apps/web/src/app/components/detail/IncubationCalendar.tsx","1065","147","direct"
"--dot-width-current","width","components/detail/IncubationCalendar","apps/web/src/app/components/detail/IncubationCalendar.tsx","1071","28","direct"
"--dot-size","width","components/detail/IncubationCalendar","apps/web/src/app/components/detail/IncubationCalendar.tsx","1072","28","direct"
"--brand-primary","backgroundColor","components/detail/IncubationCalendar","apps/web/src/app/components/detail/IncubationCalendar.tsx","1074","41","direct"
"--dot-idle","backgroundColor","components/detail/IncubationCalendar","apps/web/src/app/components/detail/IncubationCalendar.tsx","1074","66","direct"
"--monitor-summary-min-height-mobile","className","components/detail/LiveMonitorTab","apps/web/src/app/components/detail/LiveMonitorTab.tsx","52","34","direct"
"--radius-compact","className","components/detail/LiveMonitorTab","apps/web/src/app/components/detail/LiveMonitorTab.tsx","52","104","direct"
"--surface-porcelain","backgroundColor","components/detail/LiveMonitorTab","apps/web/src/app/components/detail/LiveMonitorTab.tsx","54","31","direct"
"--border-width-hairline","border","components/detail/LiveMonitorTab","apps/web/src/app/components/detail/LiveMonitorTab.tsx","55","22","direct"
"--border-default","border","components/detail/LiveMonitorTab","apps/web/src/app/components/detail/LiveMonitorTab.tsx","55","57","direct"
"--text-secondary","color","components/detail/LiveMonitorTab","apps/web/src/app/components/detail/LiveMonitorTab.tsx","69","25","direct"
"--font-body","fontFamily","components/detail/LiveMonitorTab","apps/web/src/app/components/detail/LiveMonitorTab.tsx","70","30","direct"
"--type-label","fontSize","components/detail/LiveMonitorTab","apps/web/src/app/components/detail/LiveMonitorTab.tsx","71","28","direct"
"--weight-bold","fontWeight","components/detail/LiveMonitorTab","apps/web/src/app/components/detail/LiveMonitorTab.tsx","72","30","direct"
"--tracking-label","letterSpacing","components/detail/LiveMonitorTab","apps/web/src/app/components/detail/LiveMonitorTab.tsx","73","33","direct"
"--leading-snug","lineHeight","components/detail/LiveMonitorTab","apps/web/src/app/components/detail/LiveMonitorTab.tsx","74","30","direct"
"--type-caption","className","components/detail/LiveMonitorTab","apps/web/src/app/components/detail/LiveMonitorTab.tsx","80","70","direct"
"--type-body-sm","className","components/detail/LiveMonitorTab","apps/web/src/app/components/detail/LiveMonitorTab.tsx","80","102","direct"
"--text-primary","color","components/detail/LiveMonitorTab","apps/web/src/app/components/detail/LiveMonitorTab.tsx","82","25","direct"
"--font-body","fontFamily","components/detail/LiveMonitorTab","apps/web/src/app/components/detail/LiveMonitorTab.tsx","83","30","direct"
"--leading-normal","lineHeight","components/detail/LiveMonitorTab","apps/web/src/app/components/detail/LiveMonitorTab.tsx","84","30","direct"
"--radius-compact","className","components/detail/LiveMonitorTab","apps/web/src/app/components/detail/LiveMonitorTab.tsx","126","31","direct"
"--surface-porcelain","backgroundColor","components/detail/LiveMonitorTab","apps/web/src/app/components/detail/LiveMonitorTab.tsx","128","31","direct"
"--border-width-hairline","border","components/detail/LiveMonitorTab","apps/web/src/app/components/detail/LiveMonitorTab.tsx","129","22","direct"
"--border-default","border","components/detail/LiveMonitorTab","apps/web/src/app/components/detail/LiveMonitorTab.tsx","129","57","direct"
"--brand-primary","color","components/detail/LiveMonitorTab","apps/web/src/app/components/detail/LiveMonitorTab.tsx","136","32","direct"
"--text-secondary","color","components/detail/LiveMonitorTab","apps/web/src/app/components/detail/LiveMonitorTab.tsx","143","25","direct"
"--font-body","fontFamily","components/detail/LiveMonitorTab","apps/web/src/app/components/detail/LiveMonitorTab.tsx","144","30","direct"
"--type-label","fontSize","components/detail/LiveMonitorTab","apps/web/src/app/components/detail/LiveMonitorTab.tsx","145","28","direct"
"--weight-bold","fontWeight","components/detail/LiveMonitorTab","apps/web/src/app/components/detail/LiveMonitorTab.tsx","146","30","direct"
"--tracking-label","letterSpacing","components/detail/LiveMonitorTab","apps/web/src/app/components/detail/LiveMonitorTab.tsx","147","33","direct"
"--leading-snug","lineHeight","components/detail/LiveMonitorTab","apps/web/src/app/components/detail/LiveMonitorTab.tsx","148","30","direct"
"--type-heading-sm","className","components/detail/LiveMonitorTab","apps/web/src/app/components/detail/LiveMonitorTab.tsx","156","53","direct"
"--type-heading-lg","className","components/detail/LiveMonitorTab","apps/web/src/app/components/detail/LiveMonitorTab.tsx","156","96","direct"
"--text-primary","color","components/detail/LiveMonitorTab","apps/web/src/app/components/detail/LiveMonitorTab.tsx","158","23","direct"
"--font-display","fontFamily","components/detail/LiveMonitorTab","apps/web/src/app/components/detail/LiveMonitorTab.tsx","159","28","direct"
"--weight-bold","fontWeight","components/detail/LiveMonitorTab","apps/web/src/app/components/detail/LiveMonitorTab.tsx","160","28","direct"
"--leading-tight","lineHeight","components/detail/LiveMonitorTab","apps/web/src/app/components/detail/LiveMonitorTab.tsx","161","28","direct"
"--text-secondary","color","components/detail/LiveMonitorTab","apps/web/src/app/components/detail/LiveMonitorTab.tsx","167","25","direct"
"--font-body","fontFamily","components/detail/LiveMonitorTab","apps/web/src/app/components/detail/LiveMonitorTab.tsx","168","30","direct"
"--type-caption","fontSize","components/detail/LiveMonitorTab","apps/web/src/app/components/detail/LiveMonitorTab.tsx","169","28","direct"
"--weight-semibold","fontWeight","components/detail/LiveMonitorTab","apps/web/src/app/components/detail/LiveMonitorTab.tsx","170","30","direct"
"--leading-normal","lineHeight","components/detail/LiveMonitorTab","apps/web/src/app/components/detail/LiveMonitorTab.tsx","171","30","direct"
"--text-secondary","color","components/detail/LiveMonitorTab","apps/web/src/app/components/detail/LiveMonitorTab.tsx","181","23","direct"
"--font-body","fontFamily","components/detail/LiveMonitorTab","apps/web/src/app/components/detail/LiveMonitorTab.tsx","182","28","direct"
"--type-label","fontSize","components/detail/LiveMonitorTab","apps/web/src/app/components/detail/LiveMonitorTab.tsx","183","26","direct"
"--weight-regular","fontWeight","components/detail/LiveMonitorTab","apps/web/src/app/components/detail/LiveMonitorTab.tsx","184","28","direct"
"--leading-snug","lineHeight","components/detail/LiveMonitorTab","apps/web/src/app/components/detail/LiveMonitorTab.tsx","185","28","direct"
"--text-secondary","className","components/detail/LiveMonitorTab","apps/web/src/app/components/detail/LiveMonitorTab.tsx","225","57","direct"
"--text-secondary","className","components/detail/LiveMonitorTab","apps/web/src/app/components/detail/LiveMonitorTab.tsx","230","45","direct"
"--text-secondary","className","components/detail/LiveMonitorTab","apps/web/src/app/components/detail/LiveMonitorTab.tsx","238","57","direct"
"--control-height-mobile","className","components/detail/LiveMonitorTab","apps/web/src/app/components/detail/LiveMonitorTab.tsx","310","41","direct"
"--surface-track","className","components/detail/LiveMonitorTab","apps/web/src/app/components/detail/LiveMonitorTab.tsx","310","151","direct"
"--brand-primary","color","components/detail/LiveMonitorTab","apps/web/src/app/components/detail/LiveMonitorTab.tsx","312","25","direct"
"--font-body","fontFamily","components/detail/LiveMonitorTab","apps/web/src/app/components/detail/LiveMonitorTab.tsx","313","30","direct"
"--type-caption","fontSize","components/detail/LiveMonitorTab","apps/web/src/app/components/detail/LiveMonitorTab.tsx","314","28","direct"
"--weight-bold","fontWeight","components/detail/LiveMonitorTab","apps/web/src/app/components/detail/LiveMonitorTab.tsx","315","30","direct"
"--border-default","borderColor","components/detail/LiveMonitorTab","apps/web/src/app/components/detail/LiveMonitorTab.tsx","326","38","direct"
"--text-secondary","className","components/detail/LiveMonitorTab","apps/web/src/app/components/detail/LiveMonitorTab.tsx","328","43","direct"
"--mobile-bottom-nav-clearance","className","components/detail/LiveMonitorTab","apps/web/src/app/components/detail/LiveMonitorTab.tsx","338","54","direct"
"--radius-dialog","className","components/detail/LiveMonitorTab","apps/web/src/app/components/detail/LiveMonitorTab.tsx","338","99","direct"
"--border-width-hairline","border","components/detail/LiveMonitorTab","apps/web/src/app/components/detail/LiveMonitorTab.tsx","340","24","direct"
"--border-default","border","components/detail/LiveMonitorTab","apps/web/src/app/components/detail/LiveMonitorTab.tsx","340","59","direct"
"--surface-porcelain","backgroundColor","components/detail/LiveMonitorTab","apps/web/src/app/components/detail/LiveMonitorTab.tsx","341","33","direct"
"--radius-dialog","className","components/detail/LiveMonitorTab","apps/web/src/app/components/detail/LiveMonitorTab.tsx","360","67","direct"
"--text-primary","color","components/detail/LiveMonitorTab","apps/web/src/app/components/detail/LiveMonitorTab.tsx","364","29","direct"
"--font-body","fontFamily","components/detail/LiveMonitorTab","apps/web/src/app/components/detail/LiveMonitorTab.tsx","365","34","direct"
"--type-body-sm","fontSize","components/detail/LiveMonitorTab","apps/web/src/app/components/detail/LiveMonitorTab.tsx","366","32","direct"
"--weight-bold","fontWeight","components/detail/LiveMonitorTab","apps/web/src/app/components/detail/LiveMonitorTab.tsx","367","34","direct"
"--brand-primary","color","components/detail/LiveMonitorTab","apps/web/src/app/components/detail/LiveMonitorTab.tsx","375","29","direct"
"--font-body","fontFamily","components/detail/LiveMonitorTab","apps/web/src/app/components/detail/LiveMonitorTab.tsx","376","34","direct"
"--type-caption","fontSize","components/detail/LiveMonitorTab","apps/web/src/app/components/detail/LiveMonitorTab.tsx","377","32","direct"
"--weight-bold","fontWeight","components/detail/LiveMonitorTab","apps/web/src/app/components/detail/LiveMonitorTab.tsx","378","34","direct"
"--text-secondary","color","components/detail/LiveMonitorTab","apps/web/src/app/components/detail/LiveMonitorTab.tsx","393","27","direct"
"--font-body","fontFamily","components/detail/LiveMonitorTab","apps/web/src/app/components/detail/LiveMonitorTab.tsx","394","32","direct"
"--type-caption","fontSize","components/detail/LiveMonitorTab","apps/web/src/app/components/detail/LiveMonitorTab.tsx","395","30","direct"
"--border-default","borderColor","components/detail/LiveMonitorTab","apps/web/src/app/components/detail/LiveMonitorTab.tsx","415","38","direct"
"--border-default","borderColor","components/detail/LiveMonitorTab","apps/web/src/app/components/detail/LiveMonitorTab.tsx","450","40","direct"
"--text-primary","color","components/detail/LiveMonitorTab","apps/web/src/app/components/detail/LiveMonitorTab.tsx","454","29","direct"
"--font-body","fontFamily","components/detail/LiveMonitorTab","apps/web/src/app/components/detail/LiveMonitorTab.tsx","455","34","direct"
"--type-body-sm","fontSize","components/detail/LiveMonitorTab","apps/web/src/app/components/detail/LiveMonitorTab.tsx","456","32","direct"
"--weight-bold","fontWeight","components/detail/LiveMonitorTab","apps/web/src/app/components/detail/LiveMonitorTab.tsx","457","34","direct"
"--border-default","borderColor","components/detail/LiveMonitorTab","apps/web/src/app/components/detail/LiveMonitorTab.tsx","464","42","direct"
"--text-primary","color","components/detail/LiveMonitorTab","apps/web/src/app/components/detail/LiveMonitorTab.tsx","477","39","direct"
"--font-body","fontFamily","components/detail/LiveMonitorTab","apps/web/src/app/components/detail/LiveMonitorTab.tsx","478","44","direct"
"--type-caption","fontSize","components/detail/LiveMonitorTab","apps/web/src/app/components/detail/LiveMonitorTab.tsx","479","42","direct"
"--weight-bold","fontWeight","components/detail/LiveMonitorTab","apps/web/src/app/components/detail/LiveMonitorTab.tsx","480","44","direct"
"--text-secondary","color","components/detail/LiveMonitorTab","apps/web/src/app/components/detail/LiveMonitorTab.tsx","489","37","direct"
"--font-body","fontFamily","components/detail/LiveMonitorTab","apps/web/src/app/components/detail/LiveMonitorTab.tsx","490","42","direct"
"--type-caption","fontSize","components/detail/LiveMonitorTab","apps/web/src/app/components/detail/LiveMonitorTab.tsx","491","40","direct"
"--weight-semibold","fontWeight","components/detail/LiveMonitorTab","apps/web/src/app/components/detail/LiveMonitorTab.tsx","492","42","direct"
"--brand-primary","color","components/detail/LiveMonitorTab","apps/web/src/app/components/detail/LiveMonitorTab.tsx","498","39","direct"
"--brand-primary","color","components/detail/LiveMonitorTab","apps/web/src/app/components/detail/LiveMonitorTab.tsx","506","39","direct"
"--text-secondary","fg","components/detail/LiveMonitorTab","apps/web/src/app/components/detail/LiveMonitorTab.tsx","562","14","direct"
"--surface-subtle","bg","components/detail/LiveMonitorTab","apps/web/src/app/components/detail/LiveMonitorTab.tsx","563","14","direct"
"--border-default","ring","components/detail/LiveMonitorTab","apps/web/src/app/components/detail/LiveMonitorTab.tsx","564","16","direct"
"--status-success-fg","fg","components/detail/LiveMonitorTab","apps/web/src/app/components/detail/LiveMonitorTab.tsx","573","20","direct"
"--status-success-bg","bg","components/detail/LiveMonitorTab","apps/web/src/app/components/detail/LiveMonitorTab.tsx","574","20","direct"
"--status-success-fg","ring","components/detail/LiveMonitorTab","apps/web/src/app/components/detail/LiveMonitorTab.tsx","575","22","direct"
"--status-warning-fg","fg","components/detail/LiveMonitorTab","apps/web/src/app/components/detail/LiveMonitorTab.tsx","579","22","direct"
"--status-warning-bg","bg","components/detail/LiveMonitorTab","apps/web/src/app/components/detail/LiveMonitorTab.tsx","580","22","direct"
"--status-warning-fg","ring","components/detail/LiveMonitorTab","apps/web/src/app/components/detail/LiveMonitorTab.tsx","581","24","direct"
"--status-danger-fg","fg","components/detail/LiveMonitorTab","apps/web/src/app/components/detail/LiveMonitorTab.tsx","584","22","direct"
"--status-danger-bg","bg","components/detail/LiveMonitorTab","apps/web/src/app/components/detail/LiveMonitorTab.tsx","585","22","direct"
"--status-danger-fg","ring","components/detail/LiveMonitorTab","apps/web/src/app/components/detail/LiveMonitorTab.tsx","586","24","direct"
"--text-secondary","className","components/detail/LiveMonitorTab","apps/web/src/app/components/detail/LiveMonitorTab.tsx","592","41","direct"
"--border-default","backgroundColor","components/detail/LiveMonitorTab","apps/web/src/app/components/detail/LiveMonitorTab.tsx","615","53","direct"
"--status-warning-fg","fg","components/detail/LiveMonitorTab","apps/web/src/app/components/detail/LiveMonitorTab.tsx","653","24","direct"
"--status-warning-bg","bg","components/detail/LiveMonitorTab","apps/web/src/app/components/detail/LiveMonitorTab.tsx","654","24","direct"
"--status-warning-fg","ring","components/detail/LiveMonitorTab","apps/web/src/app/components/detail/LiveMonitorTab.tsx","655","26","direct"
"--status-success-fg","fg","components/detail/LiveMonitorTab","apps/web/src/app/components/detail/LiveMonitorTab.tsx","663","24","direct"
"--status-success-bg","bg","components/detail/LiveMonitorTab","apps/web/src/app/components/detail/LiveMonitorTab.tsx","664","24","direct"
"--status-success-fg","ring","components/detail/LiveMonitorTab","apps/web/src/app/components/detail/LiveMonitorTab.tsx","665","26","direct"
"--status-success-fg","fg","components/detail/LiveMonitorTab","apps/web/src/app/components/detail/LiveMonitorTab.tsx","673","24","direct"
"--status-success-bg","bg","components/detail/LiveMonitorTab","apps/web/src/app/components/detail/LiveMonitorTab.tsx","674","24","direct"
"--status-success-fg","ring","components/detail/LiveMonitorTab","apps/web/src/app/components/detail/LiveMonitorTab.tsx","675","26","direct"
"--status-warning-fg","fg","components/detail/LiveMonitorTab","apps/web/src/app/components/detail/LiveMonitorTab.tsx","687","30","direct"
"--status-warning-bg","bg","components/detail/LiveMonitorTab","apps/web/src/app/components/detail/LiveMonitorTab.tsx","688","30","direct"
"--status-warning-fg","ring","components/detail/LiveMonitorTab","apps/web/src/app/components/detail/LiveMonitorTab.tsx","689","32","direct"
"--status-success-fg","fg","components/detail/LiveMonitorTab","apps/web/src/app/components/detail/LiveMonitorTab.tsx","692","30","direct"
"--status-success-bg","bg","components/detail/LiveMonitorTab","apps/web/src/app/components/detail/LiveMonitorTab.tsx","693","30","direct"
"--status-success-fg","ring","components/detail/LiveMonitorTab","apps/web/src/app/components/detail/LiveMonitorTab.tsx","694","32","direct"
"--status-danger-fg","fg","components/detail/LiveMonitorTab","apps/web/src/app/components/detail/LiveMonitorTab.tsx","721","30","direct"
"--status-danger-bg","bg","components/detail/LiveMonitorTab","apps/web/src/app/components/detail/LiveMonitorTab.tsx","722","30","direct"
"--status-danger-fg","ring","components/detail/LiveMonitorTab","apps/web/src/app/components/detail/LiveMonitorTab.tsx","723","32","direct"
"--status-success-fg","fg","components/detail/LiveMonitorTab","apps/web/src/app/components/detail/LiveMonitorTab.tsx","726","30","direct"
"--status-success-bg","bg","components/detail/LiveMonitorTab","apps/web/src/app/components/detail/LiveMonitorTab.tsx","727","30","direct"
"--status-success-fg","ring","components/detail/LiveMonitorTab","apps/web/src/app/components/detail/LiveMonitorTab.tsx","728","32","direct"
"--overlay-bg","VIEWER_SHELL_CLASS","components/detail/PhotoLightbox","apps/web/src/app/components/detail/PhotoLightbox.tsx","30","55","component constant"
"--border-width-hairline","border","components/detail/PhotoLightbox","apps/web/src/app/components/detail/PhotoLightbox.tsx","275","24","direct"
"--overlay-border","border","components/detail/PhotoLightbox","apps/web/src/app/components/detail/PhotoLightbox.tsx","275","59","direct"
"--overlay-fg","className","components/detail/PhotoLightbox","apps/web/src/app/components/detail/PhotoLightbox.tsx","285","69","direct"
"--overlay-fg","className","components/detail/PhotoLightbox","apps/web/src/app/components/detail/PhotoLightbox.tsx","292","81","direct"
"--overlay-fg","className","components/detail/PhotoLightbox","apps/web/src/app/components/detail/PhotoLightbox.tsx","307","81","direct"
"--ring","className","components/detail/PhotoLightbox","apps/web/src/app/components/detail/PhotoLightbox.tsx","329","264","direct"
"--ring","className","components/detail/PhotoLightbox","apps/web/src/app/components/detail/PhotoLightbox.tsx","354","282","direct"
"--overlay-muted","className","components/detail/PhotoLightbox","apps/web/src/app/components/detail/PhotoLightbox.tsx","402","43","direct"
"--type-heading-sm","className","components/detail/PhotoLightbox","apps/web/src/app/components/detail/PhotoLightbox.tsx","404","42","direct"
"--overlay-fg","className","components/detail/PhotoLightbox","apps/web/src/app/components/detail/PhotoLightbox.tsx","404","85","direct"
"--overlay-muted","className","components/detail/PhotoLightbox","apps/web/src/app/components/detail/PhotoLightbox.tsx","407","47","direct"
"--ring","className","components/detail/PhotoLightbox","apps/web/src/app/components/detail/PhotoLightbox.tsx","421","283","direct"
"--overlay-fg","className","components/detail/PhotoLightbox","apps/web/src/app/components/detail/PhotoLightbox.tsx","435","109","direct"
"--ring","className","components/detail/PhotoLightbox","apps/web/src/app/components/detail/PhotoLightbox.tsx","435","249","direct"
"--overlay-fg","className","components/detail/PhotoLightbox","apps/web/src/app/components/detail/PhotoLightbox.tsx","441","89","direct"
"--overlay-fg","className","components/detail/PhotoLightbox","apps/web/src/app/components/detail/PhotoLightbox.tsx","447","109","direct"
"--ring","className","components/detail/PhotoLightbox","apps/web/src/app/components/detail/PhotoLightbox.tsx","447","249","direct"
"--overlay-fg","className","components/detail/PhotoLightbox","apps/web/src/app/components/detail/PhotoLightbox.tsx","457","109","direct"
"--ring","className","components/detail/PhotoLightbox","apps/web/src/app/components/detail/PhotoLightbox.tsx","457","249","direct"
"--border-default","className","components/detail/StopCycleModal","apps/web/src/app/components/detail/StopCycleModal.tsx","37","44","direct"
"--surface-subtle","backgroundColor","components/detail/StopCycleModal","apps/web/src/app/components/detail/StopCycleModal.tsx","39","33","direct"
"--text-primary","color","components/detail/StopCycleModal","apps/web/src/app/components/detail/StopCycleModal.tsx","40","23","direct"
"--text-primary","color","components/detail/StopCycleModal","apps/web/src/app/components/detail/StopCycleModal.tsx","46","27","direct"
"--type-heading-md","fontSize","components/detail/StopCycleModal","apps/web/src/app/components/detail/StopCycleModal.tsx","47","30","direct"
"--weight-bold","fontWeight","components/detail/StopCycleModal","apps/web/src/app/components/detail/StopCycleModal.tsx","48","32","direct"
"--border-default","borderColor","components/detail/StopCycleModal","apps/web/src/app/components/detail/StopCycleModal.tsx","68","33","direct"
"--text-secondary","color","components/detail/StopCycleModal","apps/web/src/app/components/detail/StopCycleModal.tsx","69","27","direct"
"--control-height-mobile","height","components/detail/StopCycleModal","apps/web/src/app/components/detail/StopCycleModal.tsx","70","28","direct"
"--type-body","fontSize","components/detail/StopCycleModal","apps/web/src/app/components/detail/StopCycleModal.tsx","71","30","direct"
"--status-danger-fg","backgroundColor","components/detail/StopCycleModal","apps/web/src/app/components/detail/StopCycleModal.tsx","80","37","direct"
"--surface-card","color","components/detail/StopCycleModal","apps/web/src/app/components/detail/StopCycleModal.tsx","81","27","direct"
"--control-height-mobile","height","components/detail/StopCycleModal","apps/web/src/app/components/detail/StopCycleModal.tsx","82","28","direct"
"--type-body","fontSize","components/detail/StopCycleModal","apps/web/src/app/components/detail/StopCycleModal.tsx","83","30","direct"
"--type-label-micro","milestoneSize","components/detail/Timeline","apps/web/src/app/components/detail/Timeline.tsx","49","28","component constant"
"--type-label-compact","milestoneSize","components/detail/Timeline","apps/web/src/app/components/detail/Timeline.tsx","49","56","component constant"
"--brand-primary","badgeBg","components/detail/Timeline","apps/web/src/app/components/detail/Timeline.tsx","54","22","component constant"
"--on-brand","badgeFg","components/detail/Timeline","apps/web/src/app/components/detail/Timeline.tsx","55","22","component constant"
"--shadow-accent","badgeShadow","components/detail/Timeline","apps/web/src/app/components/detail/Timeline.tsx","57","26","component constant"
"--brand-primary","arrowColor","components/detail/Timeline","apps/web/src/app/components/detail/Timeline.tsx","58","25","component constant"
"--surface-subtle","badgeBg","components/detail/Timeline","apps/web/src/app/components/detail/Timeline.tsx","63","20","direct"
"--text-secondary","badgeFg","components/detail/Timeline","apps/web/src/app/components/detail/Timeline.tsx","64","20","direct"
"--border-width-hairline","badgeBorder","components/detail/Timeline","apps/web/src/app/components/detail/Timeline.tsx","65","24","direct"
"--border-default","badgeBorder","components/detail/Timeline","apps/web/src/app/components/detail/Timeline.tsx","65","59","direct"
"--shadow-subtle","badgeShadow","components/detail/Timeline","apps/web/src/app/components/detail/Timeline.tsx","66","24","direct"
"--text-secondary","arrowColor","components/detail/Timeline","apps/web/src/app/components/detail/Timeline.tsx","67","23","direct"
"--status-warning-bg","badgeBg","components/detail/Timeline","apps/web/src/app/components/detail/Timeline.tsx","71","20","direct"
"--status-warning-fg","badgeFg","components/detail/Timeline","apps/web/src/app/components/detail/Timeline.tsx","72","20","direct"
"--status-warning-fg","badgeBorder","components/detail/Timeline","apps/web/src/app/components/detail/Timeline.tsx","73","36","direct"
"--status-warning-fg","arrowColor","components/detail/Timeline","apps/web/src/app/components/detail/Timeline.tsx","75","23","direct"
"--status-success-fg","badgeBg","components/detail/Timeline","apps/web/src/app/components/detail/Timeline.tsx","79","20","direct"
"--on-brand","badgeFg","components/detail/Timeline","apps/web/src/app/components/detail/Timeline.tsx","80","20","direct"
"--status-success-fg","arrowColor","components/detail/Timeline","apps/web/src/app/components/detail/Timeline.tsx","82","23","direct"
"--status-warning-fg","badgeBg","components/detail/Timeline","apps/web/src/app/components/detail/Timeline.tsx","86","20","direct"
"--on-brand","badgeFg","components/detail/Timeline","apps/web/src/app/components/detail/Timeline.tsx","87","20","direct"
"--status-warning-fg","arrowColor","components/detail/Timeline","apps/web/src/app/components/detail/Timeline.tsx","89","23","direct"
"--timeline-min-width","className","components/detail/Timeline","apps/web/src/app/components/detail/Timeline.tsx","114","36","direct"
"--progress-thickness","height","components/detail/Timeline","apps/web/src/app/components/detail/Timeline.tsx","120","30","direct"
"--track-gauge","backgroundColor","components/detail/Timeline","apps/web/src/app/components/detail/Timeline.tsx","127","48","direct"
"--brand-primary-soft","backgroundColor","components/detail/Timeline","apps/web/src/app/components/detail/Timeline.tsx","135","41","direct"
"--status-warning-fg","backgroundColor","components/detail/Timeline","apps/web/src/app/components/detail/Timeline.tsx","147","28","direct"
"--status-success-fg","backgroundColor","components/detail/Timeline","apps/web/src/app/components/detail/Timeline.tsx","149","30","direct"
"--brand-primary","backgroundColor","components/detail/Timeline","apps/web/src/app/components/detail/Timeline.tsx","150","30","direct"
"--z-top","zIndex","components/detail/Timeline","apps/web/src/app/components/detail/Timeline.tsx","161","32","direct"
"--font-body","fontFamily","components/detail/Timeline","apps/web/src/app/components/detail/Timeline.tsx","169","38","direct"
"--type-label-compact","fontSize","components/detail/Timeline","apps/web/src/app/components/detail/Timeline.tsx","178","38","direct"
"--weight-bold","fontWeight","components/detail/Timeline","apps/web/src/app/components/detail/Timeline.tsx","179","40","direct"
"--type-label","fontSize","components/detail/Timeline","apps/web/src/app/components/detail/Timeline.tsx","190","38","direct"
"--weight-extrabold","fontWeight","components/detail/Timeline","apps/web/src/app/components/detail/Timeline.tsx","191","40","direct"
"--z-raised","zIndex","components/detail/Timeline","apps/web/src/app/components/detail/Timeline.tsx","241","32","direct"
"--font-body","fontFamily","components/detail/Timeline","apps/web/src/app/components/detail/Timeline.tsx","247","38","direct"
"--weight-bold","fontWeight","components/detail/Timeline","apps/web/src/app/components/detail/Timeline.tsx","249","38","direct"
"--tracking-label","letterSpacing","components/detail/Timeline","apps/web/src/app/components/detail/Timeline.tsx","250","41","direct"
"--leading-snug","lineHeight","components/detail/Timeline","apps/web/src/app/components/detail/Timeline.tsx","251","38","direct"
"--text-secondary","color","components/detail/Timeline","apps/web/src/app/components/detail/Timeline.tsx","255","32","direct"
"--text-muted","color","components/detail/Timeline","apps/web/src/app/components/detail/Timeline.tsx","256","32","direct"
"--font-body","fontFamily","components/detail/Timeline","apps/web/src/app/components/detail/Timeline.tsx","263","38","direct"
"--weight-bold","fontWeight","components/detail/Timeline","apps/web/src/app/components/detail/Timeline.tsx","265","38","direct"
"--tracking-label","letterSpacing","components/detail/Timeline","apps/web/src/app/components/detail/Timeline.tsx","266","41","direct"
"--leading-snug","lineHeight","components/detail/Timeline","apps/web/src/app/components/detail/Timeline.tsx","267","38","direct"
"--text-muted","color","components/detail/Timeline","apps/web/src/app/components/detail/Timeline.tsx","269","33","direct"
"--z-raised","zIndex","components/detail/Timeline","apps/web/src/app/components/detail/Timeline.tsx","293","36","direct"
"--font-body","fontFamily","components/detail/Timeline","apps/web/src/app/components/detail/Timeline.tsx","304","42","direct"
"--weight-bold","fontWeight","components/detail/Timeline","apps/web/src/app/components/detail/Timeline.tsx","306","42","direct"
"--tracking-label","letterSpacing","components/detail/Timeline","apps/web/src/app/components/detail/Timeline.tsx","307","45","direct"
"--leading-snug","lineHeight","components/detail/Timeline","apps/web/src/app/components/detail/Timeline.tsx","308","42","direct"
"--text-secondary","color","components/detail/Timeline","apps/web/src/app/components/detail/Timeline.tsx","311","34","direct"
"--text-muted","color","components/detail/Timeline","apps/web/src/app/components/detail/Timeline.tsx","312","34","direct"
"--font-body","fontFamily","components/detail/Timeline","apps/web/src/app/components/detail/Timeline.tsx","320","42","direct"
"--type-label","fontSize","components/detail/Timeline","apps/web/src/app/components/detail/Timeline.tsx","321","40","direct"
"--weight-bold","fontWeight","components/detail/Timeline","apps/web/src/app/components/detail/Timeline.tsx","322","42","direct"
"--tracking-label","letterSpacing","components/detail/Timeline","apps/web/src/app/components/detail/Timeline.tsx","323","45","direct"
"--leading-snug","lineHeight","components/detail/Timeline","apps/web/src/app/components/detail/Timeline.tsx","324","42","direct"
"--text-secondary","color","components/detail/Timeline","apps/web/src/app/components/detail/Timeline.tsx","327","34","direct"
"--text-muted","color","components/detail/Timeline","apps/web/src/app/components/detail/Timeline.tsx","328","34","direct"
"--font-body","fontFamily","components/detail/Timeline","apps/web/src/app/components/detail/Timeline.tsx","337","42","direct"
"--weight-bold","fontWeight","components/detail/Timeline","apps/web/src/app/components/detail/Timeline.tsx","339","42","direct"
"--tracking-label","letterSpacing","components/detail/Timeline","apps/web/src/app/components/detail/Timeline.tsx","340","45","direct"
"--leading-snug","lineHeight","components/detail/Timeline","apps/web/src/app/components/detail/Timeline.tsx","341","42","direct"
"--text-muted","color","components/detail/Timeline","apps/web/src/app/components/detail/Timeline.tsx","343","37","direct"
"--font-body","fontFamily","components/detail/Timeline","apps/web/src/app/components/detail/Timeline.tsx","351","42","direct"
"--type-label","fontSize","components/detail/Timeline","apps/web/src/app/components/detail/Timeline.tsx","352","40","direct"
"--weight-bold","fontWeight","components/detail/Timeline","apps/web/src/app/components/detail/Timeline.tsx","353","42","direct"
"--tracking-label","letterSpacing","components/detail/Timeline","apps/web/src/app/components/detail/Timeline.tsx","354","45","direct"
"--leading-snug","lineHeight","components/detail/Timeline","apps/web/src/app/components/detail/Timeline.tsx","355","42","direct"
"--text-muted","color","components/detail/Timeline","apps/web/src/app/components/detail/Timeline.tsx","357","37","direct"
"--z-raised","zIndex","components/detail/Timeline","apps/web/src/app/components/detail/Timeline.tsx","375","32","direct"
"--font-body","fontFamily","components/detail/Timeline","apps/web/src/app/components/detail/Timeline.tsx","381","38","direct"
"--weight-bold","fontWeight","components/detail/Timeline","apps/web/src/app/components/detail/Timeline.tsx","383","38","direct"
"--tracking-label","letterSpacing","components/detail/Timeline","apps/web/src/app/components/detail/Timeline.tsx","384","41","direct"
"--leading-snug","lineHeight","components/detail/Timeline","apps/web/src/app/components/detail/Timeline.tsx","385","38","direct"
"--status-success-deep","color","components/detail/Timeline","apps/web/src/app/components/detail/Timeline.tsx","389","32","direct"
"--text-muted","color","components/detail/Timeline","apps/web/src/app/components/detail/Timeline.tsx","390","32","direct"
"--font-body","fontFamily","components/detail/Timeline","apps/web/src/app/components/detail/Timeline.tsx","397","38","direct"
"--weight-bold","fontWeight","components/detail/Timeline","apps/web/src/app/components/detail/Timeline.tsx","399","38","direct"
"--tracking-label","letterSpacing","components/detail/Timeline","apps/web/src/app/components/detail/Timeline.tsx","400","41","direct"
"--leading-snug","lineHeight","components/detail/Timeline","apps/web/src/app/components/detail/Timeline.tsx","401","38","direct"
"--text-muted","color","components/detail/Timeline","apps/web/src/app/components/detail/Timeline.tsx","403","33","direct"
"--z-above","zIndex","components/detail/Timeline","apps/web/src/app/components/detail/Timeline.tsx","419","30","direct"
"--brand-primary","backgroundColor","components/detail/Timeline","apps/web/src/app/components/detail/Timeline.tsx","427","30","direct"
"--surface-card","backgroundColor","components/detail/Timeline","apps/web/src/app/components/detail/Timeline.tsx","428","30","direct"
"--brand-primary","border","components/detail/Timeline","apps/web/src/app/components/detail/Timeline.tsx","429","63","direct"
"--border-default","border","components/detail/Timeline","apps/web/src/app/components/detail/Timeline.tsx","429","88","direct"
"--surface-card","boxShadow","components/detail/Timeline","apps/web/src/app/components/detail/Timeline.tsx","430","45","direct"
"--z-above","zIndex","components/detail/Timeline","apps/web/src/app/components/detail/Timeline.tsx","449","34","direct"
"--brand-primary","backgroundColor","components/detail/Timeline","apps/web/src/app/components/detail/Timeline.tsx","458","32","direct"
"--surface-card","backgroundColor","components/detail/Timeline","apps/web/src/app/components/detail/Timeline.tsx","459","32","direct"
"--brand-primary","border","components/detail/Timeline","apps/web/src/app/components/detail/Timeline.tsx","460","46","direct"
"--on-brand","color","components/detail/Timeline","apps/web/src/app/components/detail/Timeline.tsx","462","32","direct"
"--brand-primary","color","components/detail/Timeline","apps/web/src/app/components/detail/Timeline.tsx","463","32","direct"
"--surface-card","boxShadow","components/detail/Timeline","apps/web/src/app/components/detail/Timeline.tsx","464","51","direct"
"--font-body","fontFamily","components/detail/Timeline","apps/web/src/app/components/detail/Timeline.tsx","476","44","direct"
"--type-caption","fontSize","components/detail/Timeline","apps/web/src/app/components/detail/Timeline.tsx","477","42","direct"
"--weight-bold","fontWeight","components/detail/Timeline","apps/web/src/app/components/detail/Timeline.tsx","478","44","direct"
"--z-above","zIndex","components/detail/Timeline","apps/web/src/app/components/detail/Timeline.tsx","497","30","direct"
"--status-success-fg","backgroundColor","components/detail/Timeline","apps/web/src/app/components/detail/Timeline.tsx","505","30","direct"
"--surface-card","backgroundColor","components/detail/Timeline","apps/web/src/app/components/detail/Timeline.tsx","506","30","direct"
"--status-success-fg","border","components/detail/Timeline","apps/web/src/app/components/detail/Timeline.tsx","507","71","direct"
"--border-default","border","components/detail/Timeline","apps/web/src/app/components/detail/Timeline.tsx","507","100","direct"
"--on-brand","color","components/detail/Timeline","apps/web/src/app/components/detail/Timeline.tsx","510","30","direct"
"--text-muted","color","components/detail/Timeline","apps/web/src/app/components/detail/Timeline.tsx","511","30","direct"
"--surface-card","boxShadow","components/detail/Timeline","apps/web/src/app/components/detail/Timeline.tsx","512","47","direct"
"--type-caption","fontSize","components/detail/primitives","apps/web/src/app/components/detail/primitives.tsx","25","24","direct"
"--weight-bold","fontWeight","components/detail/primitives","apps/web/src/app/components/detail/primitives.tsx","26","26","direct"
"--surface-card","backgroundColor","components/detail/primitives","apps/web/src/app/components/detail/primitives.tsx","73","54","direct"
"--border-width-hairline","border","components/detail/primitives","apps/web/src/app/components/detail/primitives.tsx","75","18","direct"
"--border-width-hairline","border","components/detail/primitives","apps/web/src/app/components/detail/primitives.tsx","76","18","direct"
"--border-subtle","border","components/detail/primitives","apps/web/src/app/components/detail/primitives.tsx","76","53","direct"
"--radius-card","borderRadius","components/detail/primitives","apps/web/src/app/components/detail/primitives.tsx","77","28","direct"
"--shadow-subtle","boxShadow","components/detail/primitives","apps/web/src/app/components/detail/primitives.tsx","78","41","direct"
"--control-height-mobile","className","components/detail/primitives","apps/web/src/app/components/detail/primitives.tsx","83","115","direct"
"--control-height-mobile","className","components/detail/primitives","apps/web/src/app/components/detail/primitives.tsx","83","157","direct"
"--border-sand","borderColor","components/detail/primitives","apps/web/src/app/components/detail/primitives.tsx","88","47","direct"
"--text-primary","color","components/detail/primitives","apps/web/src/app/components/detail/primitives.tsx","96","36","direct"
"--text-secondary","color","components/detail/primitives","apps/web/src/app/components/detail/primitives.tsx","103","38","direct"
"--surface-card","backgroundColor","components/detail/primitives","apps/web/src/app/components/detail/primitives.tsx","133","52","direct"
"--border-width-hairline","border","components/detail/primitives","apps/web/src/app/components/detail/primitives.tsx","134","22","direct"
"--border-default","border","components/detail/primitives","apps/web/src/app/components/detail/primitives.tsx","134","81","direct"
"--surface-card","backgroundColor","components/detail/primitives","apps/web/src/app/components/detail/primitives.tsx","155","31","direct"
"--border-width-hairline","border","components/detail/primitives","apps/web/src/app/components/detail/primitives.tsx","156","22","direct"
"--border-default","border","components/detail/primitives","apps/web/src/app/components/detail/primitives.tsx","156","57","direct"
"--type-caption","fontSize","components/detail/primitives","apps/web/src/app/components/detail/primitives.tsx","161","26","direct"
"--text-secondary","color","components/detail/primitives","apps/web/src/app/components/detail/primitives.tsx","162","23","direct"
"--type-body","fontSize","components/detail/primitives","apps/web/src/app/components/detail/primitives.tsx","170","26","direct"
"--weight-bold","fontWeight","components/detail/primitives","apps/web/src/app/components/detail/primitives.tsx","171","28","direct"
"--text-primary","color","components/detail/primitives","apps/web/src/app/components/detail/primitives.tsx","172","33","direct"
"--status-success-bg","bg","components/detail/primitives","apps/web/src/app/components/detail/primitives.tsx","210","16","direct"
"--status-success-fg","fg","components/detail/primitives","apps/web/src/app/components/detail/primitives.tsx","211","16","direct"
"--status-success-fg","border","components/detail/primitives","apps/web/src/app/components/detail/primitives.tsx","212","20","direct"
"--status-icon-badge-fg","color","components/detail/primitives","apps/web/src/app/components/detail/primitives.tsx","214","47","direct"
"--status-danger-bg","bg","components/detail/primitives","apps/web/src/app/components/detail/primitives.tsx","218","16","direct"
"--status-danger-fg","fg","components/detail/primitives","apps/web/src/app/components/detail/primitives.tsx","219","16","direct"
"--status-danger-fg","border","components/detail/primitives","apps/web/src/app/components/detail/primitives.tsx","220","20","direct"
"--status-icon-badge-fg","color","components/detail/primitives","apps/web/src/app/components/detail/primitives.tsx","222","53","direct"
"--status-warning-bg","bg","components/detail/primitives","apps/web/src/app/components/detail/primitives.tsx","226","16","direct"
"--status-warning-fg","fg","components/detail/primitives","apps/web/src/app/components/detail/primitives.tsx","227","16","direct"
"--status-warning-fg","border","components/detail/primitives","apps/web/src/app/components/detail/primitives.tsx","228","39","direct"
"--status-icon-badge-fg","color","components/detail/primitives","apps/web/src/app/components/detail/primitives.tsx","230","53","direct"
"--status-info-bg","bg","components/detail/primitives","apps/web/src/app/components/detail/primitives.tsx","234","16","direct"
"--status-info-fg","fg","components/detail/primitives","apps/web/src/app/components/detail/primitives.tsx","235","16","direct"
"--status-info-fg","border","components/detail/primitives","apps/web/src/app/components/detail/primitives.tsx","236","39","direct"
"--status-icon-badge-fg","color","components/detail/primitives","apps/web/src/app/components/detail/primitives.tsx","238","46","direct"
"--border-width-hairline","border","components/detail/primitives","apps/web/src/app/components/detail/primitives.tsx","255","22","direct"
"--font-display","fontFamily","components/detail/primitives","apps/web/src/app/components/detail/primitives.tsx","270","30","direct"
"--type-filter-label","fontSize","components/detail/primitives","apps/web/src/app/components/detail/primitives.tsx","272","22","direct"
"--type-heading-md","fontSize","components/detail/primitives","apps/web/src/app/components/detail/primitives.tsx","274","24","direct"
"--type-body-sm","fontSize","components/detail/primitives","apps/web/src/app/components/detail/primitives.tsx","276","26","direct"
"--type-heading-sm","fontSize","components/detail/primitives","apps/web/src/app/components/detail/primitives.tsx","277","26","direct"
"--weight-extrabold","fontWeight","components/detail/primitives","apps/web/src/app/components/detail/primitives.tsx","279","22","direct"
"--weight-bold","fontWeight","components/detail/primitives","apps/web/src/app/components/detail/primitives.tsx","280","22","direct"
"--leading-snug","lineHeight","components/detail/primitives","apps/web/src/app/components/detail/primitives.tsx","281","30","direct"
"--text-secondary","color","components/detail/primitives","apps/web/src/app/components/detail/primitives.tsx","290","27","direct"
"--font-body","fontFamily","components/detail/primitives","apps/web/src/app/components/detail/primitives.tsx","291","32","direct"
"--type-label","fontSize","components/detail/primitives","apps/web/src/app/components/detail/primitives.tsx","293","24","direct"
"--type-body-lg","fontSize","components/detail/primitives","apps/web/src/app/components/detail/primitives.tsx","295","26","direct"
"--type-caption","fontSize","components/detail/primitives","apps/web/src/app/components/detail/primitives.tsx","297","28","direct"
"--type-body","fontSize","components/detail/primitives","apps/web/src/app/components/detail/primitives.tsx","298","28","direct"
"--leading-relaxed","lineHeight","components/detail/primitives","apps/web/src/app/components/detail/primitives.tsx","299","55","direct"
"--on-brand","glyphColor","components/icons/CheckIcon","apps/web/src/app/components/icons/CheckIcon.tsx","33","46","component constant"
"--on-brand","glyphColor","components/icons/CircleInfoIcon","apps/web/src/app/components/icons/CircleInfoIcon.tsx","34","46","component constant"
"--on-brand","glyphColor","components/icons/FilledExclamationIcon","apps/web/src/app/components/icons/FilledExclamationIcon.tsx","13","46","component constant"
"--on-brand","glyphColor","components/icons/IncubatingIcon","apps/web/src/app/components/icons/IncubatingIcon.tsx","33","46","component constant"
"--on-brand","glyphColor","components/icons/IncubatorDeviceIcon","apps/web/src/app/components/icons/IncubatorDeviceIcon.tsx","33","46","component constant"
"--on-brand","glyphColor","components/icons/OfflineIcon","apps/web/src/app/components/icons/OfflineIcon.tsx","33","46","component constant"
"--on-brand","glyphColor","components/icons/ReminderIcon","apps/web/src/app/components/icons/ReminderIcon.tsx","33","46","component constant"
"--brand-primary","RUST","components/screens/AlertsScreen","apps/web/src/app/components/screens/AlertsScreen.tsx","20","19","component constant"
"--text-primary","TEXT","components/screens/AlertsScreen","apps/web/src/app/components/screens/AlertsScreen.tsx","21","19","component constant"
"--text-muted","MUTED","components/screens/AlertsScreen","apps/web/src/app/components/screens/AlertsScreen.tsx","22","20","component constant"
"--border-default","BORDER","components/screens/AlertsScreen","apps/web/src/app/components/screens/AlertsScreen.tsx","23","21","component constant"
"--border-subtle","CARD_BORDER","components/screens/AlertsScreen","apps/web/src/app/components/screens/AlertsScreen.tsx","24","26","component constant"
"--surface-fog","DIVIDER","components/screens/AlertsScreen","apps/web/src/app/components/screens/AlertsScreen.tsx","25","22","component constant"
"--surface-paper","ROW_HOVER","components/screens/AlertsScreen","apps/web/src/app/components/screens/AlertsScreen.tsx","26","24","component constant"
"--status-danger-bg","tile","components/screens/AlertsScreen","apps/web/src/app/components/screens/AlertsScreen.tsx","34","16","direct"
"--status-danger-fg","tileFg","components/screens/AlertsScreen","apps/web/src/app/components/screens/AlertsScreen.tsx","35","18","direct"
"--surface-blush","pill","components/screens/AlertsScreen","apps/web/src/app/components/screens/AlertsScreen.tsx","36","16","direct"
"--status-danger-fg","pillFg","components/screens/AlertsScreen","apps/web/src/app/components/screens/AlertsScreen.tsx","37","18","direct"
"--status-warning-bg","tile","components/screens/AlertsScreen","apps/web/src/app/components/screens/AlertsScreen.tsx","40","16","direct"
"--status-warning-fg","tileFg","components/screens/AlertsScreen","apps/web/src/app/components/screens/AlertsScreen.tsx","41","18","direct"
"--surface-warn-tile","pill","components/screens/AlertsScreen","apps/web/src/app/components/screens/AlertsScreen.tsx","42","16","direct"
"--status-warning-fg","pillFg","components/screens/AlertsScreen","apps/web/src/app/components/screens/AlertsScreen.tsx","43","18","direct"
"--status-info-bg","tile","components/screens/AlertsScreen","apps/web/src/app/components/screens/AlertsScreen.tsx","46","16","direct"
"--status-info-fg","tileFg","components/screens/AlertsScreen","apps/web/src/app/components/screens/AlertsScreen.tsx","47","18","direct"
"--surface-paper","pill","components/screens/AlertsScreen","apps/web/src/app/components/screens/AlertsScreen.tsx","48","16","direct"
"--status-info-fg","pillFg","components/screens/AlertsScreen","apps/web/src/app/components/screens/AlertsScreen.tsx","49","18","direct"
"--surface-app","backgroundColor","components/screens/AlertsScreen","apps/web/src/app/components/screens/AlertsScreen.tsx","158","33","direct"
"--control-height-mobile","className","components/screens/AlertsScreen","apps/web/src/app/components/screens/AlertsScreen.tsx","198","35","direct"
"--control-height-default","className","components/screens/AlertsScreen","apps/web/src/app/components/screens/AlertsScreen.tsx","198","134","direct"
"--surface-card","backgroundColor","components/screens/AlertsScreen","apps/web/src/app/components/screens/AlertsScreen.tsx","201","41","direct"
"--brand-primary","color","components/screens/AlertsScreen","apps/web/src/app/components/screens/AlertsScreen.tsx","202","31","direct"
"--weight-medium","fontWeight","components/screens/AlertsScreen","apps/web/src/app/components/screens/AlertsScreen.tsx","203","36","direct"
"--control-height-mobile","className","components/screens/AlertsScreen","apps/web/src/app/components/screens/AlertsScreen.tsx","217","33","direct"
"--control-height-default","className","components/screens/AlertsScreen","apps/web/src/app/components/screens/AlertsScreen.tsx","217","95","direct"
"--on-brand","color","components/screens/AlertsScreen","apps/web/src/app/components/screens/AlertsScreen.tsx","220","29","direct"
"--type-filter-label","fontSize","components/screens/AlertsScreen","apps/web/src/app/components/screens/AlertsScreen.tsx","221","32","direct"
"--weight-bold","fontWeight","components/screens/AlertsScreen","apps/web/src/app/components/screens/AlertsScreen.tsx","222","34","direct"
"--control-height-mobile","className","components/screens/AlertsScreen","apps/web/src/app/components/screens/AlertsScreen.tsx","241","33","direct"
"--control-height-default","className","components/screens/AlertsScreen","apps/web/src/app/components/screens/AlertsScreen.tsx","241","95","direct"
"--type-filter-label","fontSize","components/screens/AlertsScreen","apps/web/src/app/components/screens/AlertsScreen.tsx","244","32","direct"
"--weight-bold","fontWeight","components/screens/AlertsScreen","apps/web/src/app/components/screens/AlertsScreen.tsx","245","34","direct"
"--border-default","className","components/screens/AlertsScreen","apps/web/src/app/components/screens/AlertsScreen.tsx","265","65","direct"
"--surface-card","className","components/screens/AlertsScreen","apps/web/src/app/components/screens/AlertsScreen.tsx","265","92","direct"
"--font-display","fontFamily","components/screens/AlertsScreen","apps/web/src/app/components/screens/AlertsScreen.tsx","278","34","direct"
"--type-page-title","fontSize","components/screens/AlertsScreen","apps/web/src/app/components/screens/AlertsScreen.tsx","279","32","direct"
"--weight-bold","fontWeight","components/screens/AlertsScreen","apps/web/src/app/components/screens/AlertsScreen.tsx","280","34","direct"
"--leading-snug","lineHeight","components/screens/AlertsScreen","apps/web/src/app/components/screens/AlertsScreen.tsx","281","34","direct"
"--font-body","fontFamily","components/screens/AlertsScreen","apps/web/src/app/components/screens/AlertsScreen.tsx","289","34","direct"
"--type-body","fontSize","components/screens/AlertsScreen","apps/web/src/app/components/screens/AlertsScreen.tsx","290","32","direct"
"--weight-regular","fontWeight","components/screens/AlertsScreen","apps/web/src/app/components/screens/AlertsScreen.tsx","291","34","direct"
"--leading-normal","lineHeight","components/screens/AlertsScreen","apps/web/src/app/components/screens/AlertsScreen.tsx","292","34","direct"
"--border-width-hairline","borderTop","components/screens/AlertsScreen","apps/web/src/app/components/screens/AlertsScreen.tsx","312","32","direct"
"--border-width-hairline","borderBottom","components/screens/AlertsScreen","apps/web/src/app/components/screens/AlertsScreen.tsx","313","40","direct"
"--surface-card","backgroundColor","components/screens/AlertsScreen","apps/web/src/app/components/screens/AlertsScreen.tsx","314","43","direct"
"--font-body","fontFamily","components/screens/AlertsScreen","apps/web/src/app/components/screens/AlertsScreen.tsx","315","38","direct"
"--type-label","fontSize","components/screens/AlertsScreen","apps/web/src/app/components/screens/AlertsScreen.tsx","316","36","direct"
"--weight-bold","fontWeight","components/screens/AlertsScreen","apps/web/src/app/components/screens/AlertsScreen.tsx","317","38","direct"
"--tracking-label","letterSpacing","components/screens/AlertsScreen","apps/web/src/app/components/screens/AlertsScreen.tsx","318","41","direct"
"--leading-snug","lineHeight","components/screens/AlertsScreen","apps/web/src/app/components/screens/AlertsScreen.tsx","319","38","direct"
"--surface-fog","className","components/screens/AlertsScreen","apps/web/src/app/components/screens/AlertsScreen.tsx","333","129","direct"
"--list-row-padding","className","components/screens/AlertsScreen","apps/web/src/app/components/screens/AlertsScreen.tsx","333","152","direct"
"--font-body","fontFamily","components/screens/AlertsScreen","apps/web/src/app/components/screens/AlertsScreen.tsx","378","50","direct"
"--type-body","fontSize","components/screens/AlertsScreen","apps/web/src/app/components/screens/AlertsScreen.tsx","379","48","direct"
"--weight-semibold","fontWeight","components/screens/AlertsScreen","apps/web/src/app/components/screens/AlertsScreen.tsx","380","50","direct"
"--leading-normal","lineHeight","components/screens/AlertsScreen","apps/web/src/app/components/screens/AlertsScreen.tsx","381","50","direct"
"--font-body","fontFamily","components/screens/AlertsScreen","apps/web/src/app/components/screens/AlertsScreen.tsx","391","50","direct"
"--type-body","fontSize","components/screens/AlertsScreen","apps/web/src/app/components/screens/AlertsScreen.tsx","392","48","direct"
"--weight-semibold","fontWeight","components/screens/AlertsScreen","apps/web/src/app/components/screens/AlertsScreen.tsx","393","50","direct"
"--leading-normal","lineHeight","components/screens/AlertsScreen","apps/web/src/app/components/screens/AlertsScreen.tsx","394","50","direct"
"--font-body","fontFamily","components/screens/AlertsScreen","apps/web/src/app/components/screens/AlertsScreen.tsx","406","52","direct"
"--type-body","fontSize","components/screens/AlertsScreen","apps/web/src/app/components/screens/AlertsScreen.tsx","407","50","direct"
"--weight-semibold","fontWeight","components/screens/AlertsScreen","apps/web/src/app/components/screens/AlertsScreen.tsx","408","52","direct"
"--leading-normal","lineHeight","components/screens/AlertsScreen","apps/web/src/app/components/screens/AlertsScreen.tsx","409","52","direct"
"--font-body","fontFamily","components/screens/AlertsScreen","apps/web/src/app/components/screens/AlertsScreen.tsx","422","52","direct"
"--type-body-sm","fontSize","components/screens/AlertsScreen","apps/web/src/app/components/screens/AlertsScreen.tsx","423","50","direct"
"--weight-regular","fontWeight","components/screens/AlertsScreen","apps/web/src/app/components/screens/AlertsScreen.tsx","424","52","direct"
"--leading-normal","lineHeight","components/screens/AlertsScreen","apps/web/src/app/components/screens/AlertsScreen.tsx","425","52","direct"
"--font-body","fontFamily","components/screens/AlertsScreen","apps/web/src/app/components/screens/AlertsScreen.tsx","437","48","direct"
"--type-body-sm","fontSize","components/screens/AlertsScreen","apps/web/src/app/components/screens/AlertsScreen.tsx","438","46","direct"
"--weight-regular","fontWeight","components/screens/AlertsScreen","apps/web/src/app/components/screens/AlertsScreen.tsx","439","48","direct"
"--leading-normal","lineHeight","components/screens/AlertsScreen","apps/web/src/app/components/screens/AlertsScreen.tsx","440","48","direct"
"--border-width-hairline","border","components/screens/AlertsScreen","apps/web/src/app/components/screens/AlertsScreen.tsx","460","44","direct"
"--font-body","fontFamily","components/screens/AlertsScreen","apps/web/src/app/components/screens/AlertsScreen.tsx","461","48","direct"
"--type-label","fontSize","components/screens/AlertsScreen","apps/web/src/app/components/screens/AlertsScreen.tsx","462","46","direct"
"--weight-bold","fontWeight","components/screens/AlertsScreen","apps/web/src/app/components/screens/AlertsScreen.tsx","463","48","direct"
"--tracking-label","letterSpacing","components/screens/AlertsScreen","apps/web/src/app/components/screens/AlertsScreen.tsx","464","51","direct"
"--leading-snug","lineHeight","components/screens/AlertsScreen","apps/web/src/app/components/screens/AlertsScreen.tsx","465","48","direct"
"--font-body","fontFamily","components/screens/AlertsScreen","apps/web/src/app/components/screens/AlertsScreen.tsx","475","50","direct"
"--type-label","fontSize","components/screens/AlertsScreen","apps/web/src/app/components/screens/AlertsScreen.tsx","476","48","direct"
"--weight-regular","fontWeight","components/screens/AlertsScreen","apps/web/src/app/components/screens/AlertsScreen.tsx","477","50","direct"
"--leading-snug","lineHeight","components/screens/AlertsScreen","apps/web/src/app/components/screens/AlertsScreen.tsx","478","50","direct"
"--surface-muted","className","components/screens/AlertsScreen","apps/web/src/app/components/screens/AlertsScreen.tsx","491","154","direct"
"--ring","className","components/screens/AlertsScreen","apps/web/src/app/components/screens/AlertsScreen.tsx","491","244","direct"
"--status-danger-bg","className","components/screens/AlertsScreen","apps/web/src/app/components/screens/AlertsScreen.tsx","507","152","direct"
"--ring","className","components/screens/AlertsScreen","apps/web/src/app/components/screens/AlertsScreen.tsx","507","245","direct"
"--status-danger-fg","color","components/screens/AlertsScreen","apps/web/src/app/components/screens/AlertsScreen.tsx","510","47","direct"
"--brand-primary","RUST","components/screens/CandlingLogsScreen","apps/web/src/app/components/screens/CandlingLogsScreen.tsx","59","19","component constant"
"--text-primary","TEXT","components/screens/CandlingLogsScreen","apps/web/src/app/components/screens/CandlingLogsScreen.tsx","60","19","component constant"
"--text-secondary","MUTED","components/screens/CandlingLogsScreen","apps/web/src/app/components/screens/CandlingLogsScreen.tsx","61","20","component constant"
"--border-default","BORDER","components/screens/CandlingLogsScreen","apps/web/src/app/components/screens/CandlingLogsScreen.tsx","62","21","component constant"
"--border-default","CARD_BORDER","components/screens/CandlingLogsScreen","apps/web/src/app/components/screens/CandlingLogsScreen.tsx","63","26","component constant"
"--surface-subtle","SUBTLE","components/screens/CandlingLogsScreen","apps/web/src/app/components/screens/CandlingLogsScreen.tsx","64","21","component constant"
"--surface-card","SURFACE","components/screens/CandlingLogsScreen","apps/web/src/app/components/screens/CandlingLogsScreen.tsx","66","22","component constant"
"--surface-tile","TILE","components/screens/CandlingLogsScreen","apps/web/src/app/components/screens/CandlingLogsScreen.tsx","67","19","component constant"
"--input-border","INPUT_BORDER","components/screens/CandlingLogsScreen","apps/web/src/app/components/screens/CandlingLogsScreen.tsx","68","27","component constant"
"--surface-tile","backgroundColor","components/screens/CandlingLogsScreen","apps/web/src/app/components/screens/CandlingLogsScreen.tsx","71","25","direct"
"--status-warning-fg","fg","components/screens/CandlingLogsScreen","apps/web/src/app/components/screens/CandlingLogsScreen.tsx","103","14","direct"
"--status-warning-bg","bg","components/screens/CandlingLogsScreen","apps/web/src/app/components/screens/CandlingLogsScreen.tsx","104","14","direct"
"--status-warning-fg","fg","components/screens/CandlingLogsScreen","apps/web/src/app/components/screens/CandlingLogsScreen.tsx","110","14","direct"
"--status-warning-bg","bg","components/screens/CandlingLogsScreen","apps/web/src/app/components/screens/CandlingLogsScreen.tsx","111","14","direct"
"--status-info-fg","fg","components/screens/CandlingLogsScreen","apps/web/src/app/components/screens/CandlingLogsScreen.tsx","117","14","direct"
"--status-info-bg","bg","components/screens/CandlingLogsScreen","apps/web/src/app/components/screens/CandlingLogsScreen.tsx","118","14","direct"
"--status-success-fg","fg","components/screens/CandlingLogsScreen","apps/web/src/app/components/screens/CandlingLogsScreen.tsx","124","14","direct"
"--status-success-bg","bg","components/screens/CandlingLogsScreen","apps/web/src/app/components/screens/CandlingLogsScreen.tsx","125","14","direct"
"--status-info-fg","fg","components/screens/CandlingLogsScreen","apps/web/src/app/components/screens/CandlingLogsScreen.tsx","131","14","direct"
"--status-info-bg","bg","components/screens/CandlingLogsScreen","apps/web/src/app/components/screens/CandlingLogsScreen.tsx","132","14","direct"
"--status-info-fg","fg","components/screens/CandlingLogsScreen","apps/web/src/app/components/screens/CandlingLogsScreen.tsx","138","14","direct"
"--status-info-bg","bg","components/screens/CandlingLogsScreen","apps/web/src/app/components/screens/CandlingLogsScreen.tsx","139","14","direct"
"--type-caption","fontSize","components/screens/CandlingLogsScreen","apps/web/src/app/components/screens/CandlingLogsScreen.tsx","218","24","direct"
"--weight-bold","fontWeight","components/screens/CandlingLogsScreen","apps/web/src/app/components/screens/CandlingLogsScreen.tsx","219","26","direct"
"--radius-dialog","className","components/screens/CandlingLogsScreen","apps/web/src/app/components/screens/CandlingLogsScreen.tsx","253","79","direct"
"--type-label","fontSize","components/screens/CandlingLogsScreen","apps/web/src/app/components/screens/CandlingLogsScreen.tsx","266","32","direct"
"--weight-bold","fontWeight","components/screens/CandlingLogsScreen","apps/web/src/app/components/screens/CandlingLogsScreen.tsx","267","34","direct"
"--tracking-label","letterSpacing","components/screens/CandlingLogsScreen","apps/web/src/app/components/screens/CandlingLogsScreen.tsx","268","37","direct"
"--type-caption","fontSize","components/screens/CandlingLogsScreen","apps/web/src/app/components/screens/CandlingLogsScreen.tsx","278","32","direct"
"--type-body-sm","fontSize","components/screens/CandlingLogsScreen","apps/web/src/app/components/screens/CandlingLogsScreen.tsx","292","30","direct"
"--leading-relaxed","lineHeight","components/screens/CandlingLogsScreen","apps/web/src/app/components/screens/CandlingLogsScreen.tsx","293","32","direct"
"--status-success-fg","backgroundColor","components/screens/CandlingLogsScreen","apps/web/src/app/components/screens/CandlingLogsScreen.tsx","307","24","direct"
"--status-icon-badge-fg","color","components/screens/CandlingLogsScreen","apps/web/src/app/components/screens/CandlingLogsScreen.tsx","314","30","direct"
"--status-icon-badge-fg","color","components/screens/CandlingLogsScreen","apps/web/src/app/components/screens/CandlingLogsScreen.tsx","320","30","direct"
"--font-body","fontFamily","components/screens/CandlingLogsScreen","apps/web/src/app/components/screens/CandlingLogsScreen.tsx","329","32","direct"
"--type-body-sm","fontSize","components/screens/CandlingLogsScreen","apps/web/src/app/components/screens/CandlingLogsScreen.tsx","330","30","direct"
"--weight-bold","fontWeight","components/screens/CandlingLogsScreen","apps/web/src/app/components/screens/CandlingLogsScreen.tsx","331","32","direct"
"--leading-normal","lineHeight","components/screens/CandlingLogsScreen","apps/web/src/app/components/screens/CandlingLogsScreen.tsx","332","32","direct"
"--surface-action-hover","className","components/screens/CandlingLogsScreen","apps/web/src/app/components/screens/CandlingLogsScreen.tsx","343","92","direct"
"--surface-card","backgroundColor","components/screens/CandlingLogsScreen","apps/web/src/app/components/screens/CandlingLogsScreen.tsx","346","35","direct"
"--border-width-hairline","border","components/screens/CandlingLogsScreen","apps/web/src/app/components/screens/CandlingLogsScreen.tsx","348","26","direct"
"--border-ink-soft","border","components/screens/CandlingLogsScreen","apps/web/src/app/components/screens/CandlingLogsScreen.tsx","348","61","direct"
"--font-body","fontFamily","components/screens/CandlingLogsScreen","apps/web/src/app/components/screens/CandlingLogsScreen.tsx","349","30","direct"
"--type-body-sm","fontSize","components/screens/CandlingLogsScreen","apps/web/src/app/components/screens/CandlingLogsScreen.tsx","350","28","direct"
"--weight-bold","fontWeight","components/screens/CandlingLogsScreen","apps/web/src/app/components/screens/CandlingLogsScreen.tsx","351","30","direct"
"--leading-normal","lineHeight","components/screens/CandlingLogsScreen","apps/web/src/app/components/screens/CandlingLogsScreen.tsx","352","30","direct"
"--surface-app","backgroundColor","components/screens/CandlingLogsScreen","apps/web/src/app/components/screens/CandlingLogsScreen.tsx","515","33","direct"
"--control-height-mobile","className","components/screens/CandlingLogsScreen","apps/web/src/app/components/screens/CandlingLogsScreen.tsx","538","33","direct"
"--control-height-default","className","components/screens/CandlingLogsScreen","apps/web/src/app/components/screens/CandlingLogsScreen.tsx","538","85","direct"
"--type-filter-value","fontSize","components/screens/CandlingLogsScreen","apps/web/src/app/components/screens/CandlingLogsScreen.tsx","539","54","direct"
"--control-height-mobile","className","components/screens/CandlingLogsScreen","apps/web/src/app/components/screens/CandlingLogsScreen.tsx","573","35","direct"
"--control-height-default","className","components/screens/CandlingLogsScreen","apps/web/src/app/components/screens/CandlingLogsScreen.tsx","573","106","direct"
"--control-min-width-list-filter","className","components/screens/CandlingLogsScreen","apps/web/src/app/components/screens/CandlingLogsScreen.tsx","573","157","direct"
"--brand-primary","color","components/screens/CandlingLogsScreen","apps/web/src/app/components/screens/CandlingLogsScreen.tsx","577","31","direct"
"--weight-medium","fontWeight","components/screens/CandlingLogsScreen","apps/web/src/app/components/screens/CandlingLogsScreen.tsx","578","36","direct"
"--control-height-mobile","className","components/screens/CandlingLogsScreen","apps/web/src/app/components/screens/CandlingLogsScreen.tsx","601","35","direct"
"--control-height-default","className","components/screens/CandlingLogsScreen","apps/web/src/app/components/screens/CandlingLogsScreen.tsx","601","106","direct"
"--control-min-width-list-filter","className","components/screens/CandlingLogsScreen","apps/web/src/app/components/screens/CandlingLogsScreen.tsx","601","157","direct"
"--brand-primary","color","components/screens/CandlingLogsScreen","apps/web/src/app/components/screens/CandlingLogsScreen.tsx","605","31","direct"
"--weight-medium","fontWeight","components/screens/CandlingLogsScreen","apps/web/src/app/components/screens/CandlingLogsScreen.tsx","606","36","direct"
"--control-height-mobile","className","components/screens/CandlingLogsScreen","apps/web/src/app/components/screens/CandlingLogsScreen.tsx","622","38","direct"
"--control-height-mobile","className","components/screens/CandlingLogsScreen","apps/web/src/app/components/screens/CandlingLogsScreen.tsx","622","71","direct"
"--control-height-default","className","components/screens/CandlingLogsScreen","apps/web/src/app/components/screens/CandlingLogsScreen.tsx","622","276","direct"
"--control-height-default","className","components/screens/CandlingLogsScreen","apps/web/src/app/components/screens/CandlingLogsScreen.tsx","622","313","direct"
"--font-display","fontFamily","components/screens/CandlingLogsScreen","apps/web/src/app/components/screens/CandlingLogsScreen.tsx","649","34","direct"
"--type-page-title","fontSize","components/screens/CandlingLogsScreen","apps/web/src/app/components/screens/CandlingLogsScreen.tsx","650","32","direct"
"--weight-bold","fontWeight","components/screens/CandlingLogsScreen","apps/web/src/app/components/screens/CandlingLogsScreen.tsx","651","34","direct"
"--leading-snug","lineHeight","components/screens/CandlingLogsScreen","apps/web/src/app/components/screens/CandlingLogsScreen.tsx","652","34","direct"
"--type-body-sm","fontSize","components/screens/CandlingLogsScreen","apps/web/src/app/components/screens/CandlingLogsScreen.tsx","659","53","direct"
"--mobile-bottom-nav-clearance","className","components/screens/CandlingLogsScreen","apps/web/src/app/components/screens/CandlingLogsScreen.tsx","695","58","direct"
"--mobile-bottom-nav-clearance","className","components/screens/CandlingLogsScreen","apps/web/src/app/components/screens/CandlingLogsScreen.tsx","713","130","direct"
"--ring","className","components/screens/CandlingLogsScreen","apps/web/src/app/components/screens/CandlingLogsScreen.tsx","724","190","direct"
"--brand-primary","backgroundColor","components/screens/CandlingLogsScreen","apps/web/src/app/components/screens/CandlingLogsScreen.tsx","735","36","direct"
"--wash-checkbox","backgroundColor","components/screens/CandlingLogsScreen","apps/web/src/app/components/screens/CandlingLogsScreen.tsx","736","36","direct"
"--border-width-hairline","border","components/screens/CandlingLogsScreen","apps/web/src/app/components/screens/CandlingLogsScreen.tsx","751","28","direct"
"--chamber-list-height","className","components/screens/CandlingLogsScreen","apps/web/src/app/components/screens/CandlingLogsScreen.tsx","768","36","direct"
"--border-width-hairline","borderBottom","components/screens/CandlingLogsScreen","apps/web/src/app/components/screens/CandlingLogsScreen.tsx","779","44","direct"
"--text-muted","color","components/screens/CandlingLogsScreen","apps/web/src/app/components/screens/CandlingLogsScreen.tsx","780","37","direct"
"--border-width-hairline","borderBottom","components/screens/CandlingLogsScreen","apps/web/src/app/components/screens/CandlingLogsScreen.tsx","789","44","direct"
"--text-muted","color","components/screens/CandlingLogsScreen","apps/web/src/app/components/screens/CandlingLogsScreen.tsx","790","37","direct"
"--border-width-hairline","borderBottom","components/screens/CandlingLogsScreen","apps/web/src/app/components/screens/CandlingLogsScreen.tsx","799","44","direct"
"--text-muted","color","components/screens/CandlingLogsScreen","apps/web/src/app/components/screens/CandlingLogsScreen.tsx","800","37","direct"
"--border-width-hairline","borderBottom","components/screens/CandlingLogsScreen","apps/web/src/app/components/screens/CandlingLogsScreen.tsx","809","44","direct"
"--text-muted","color","components/screens/CandlingLogsScreen","apps/web/src/app/components/screens/CandlingLogsScreen.tsx","810","37","direct"
"--border-width-hairline","borderBottom","components/screens/CandlingLogsScreen","apps/web/src/app/components/screens/CandlingLogsScreen.tsx","819","44","direct"
"--text-muted","color","components/screens/CandlingLogsScreen","apps/web/src/app/components/screens/CandlingLogsScreen.tsx","820","37","direct"
"--nav-hover-bg","className","components/screens/CandlingLogsScreen","apps/web/src/app/components/screens/CandlingLogsScreen.tsx","833","50","direct"
"--font-display","fontFamily","components/screens/CandlingLogsScreen","apps/web/src/app/components/screens/CandlingLogsScreen.tsx","841","50","direct"
"--type-heading-sm","fontSize","components/screens/CandlingLogsScreen","apps/web/src/app/components/screens/CandlingLogsScreen.tsx","842","48","direct"
"--weight-bold","fontWeight","components/screens/CandlingLogsScreen","apps/web/src/app/components/screens/CandlingLogsScreen.tsx","843","50","direct"
"--type-caption","fontSize","components/screens/CandlingLogsScreen","apps/web/src/app/components/screens/CandlingLogsScreen.tsx","852","48","direct"
"--type-caption","fontSize","components/screens/CandlingLogsScreen","apps/web/src/app/components/screens/CandlingLogsScreen.tsx","861","48","direct"
"--type-body-sm","fontSize","components/screens/CandlingLogsScreen","apps/web/src/app/components/screens/CandlingLogsScreen.tsx","878","48","direct"
"--weight-semibold","fontWeight","components/screens/CandlingLogsScreen","apps/web/src/app/components/screens/CandlingLogsScreen.tsx","879","50","direct"
"--type-caption","fontSize","components/screens/CandlingLogsScreen","apps/web/src/app/components/screens/CandlingLogsScreen.tsx","892","48","direct"
"--weight-bold","fontWeight","components/screens/CandlingLogsScreen","apps/web/src/app/components/screens/CandlingLogsScreen.tsx","895","44","direct"
"--weight-regular","fontWeight","components/screens/CandlingLogsScreen","apps/web/src/app/components/screens/CandlingLogsScreen.tsx","896","44","direct"
"--type-body-sm","fontSize","components/screens/CandlingLogsScreen","apps/web/src/app/components/screens/CandlingLogsScreen.tsx","911","48","direct"
"--weight-semibold","fontWeight","components/screens/CandlingLogsScreen","apps/web/src/app/components/screens/CandlingLogsScreen.tsx","912","50","direct"
"--type-caption","fontSize","components/screens/CandlingLogsScreen","apps/web/src/app/components/screens/CandlingLogsScreen.tsx","923","48","direct"
"--font-display","fontFamily","components/screens/DetailScreen","apps/web/src/app/components/screens/DetailScreen.tsx","61","20","direct"
"--type-body-sm","fontSize","components/screens/DetailScreen","apps/web/src/app/components/screens/DetailScreen.tsx","62","18","direct"
"--weight-extrabold","fontWeight","components/screens/DetailScreen","apps/web/src/app/components/screens/DetailScreen.tsx","63","20","direct"
"--leading-snug","lineHeight","components/screens/DetailScreen","apps/web/src/app/components/screens/DetailScreen.tsx","64","20","direct"
"--font-body","fontFamily","components/screens/DetailScreen","apps/web/src/app/components/screens/DetailScreen.tsx","68","20","direct"
"--type-filter-label","fontSize","components/screens/DetailScreen","apps/web/src/app/components/screens/DetailScreen.tsx","69","18","direct"
"--text-primary","color","components/screens/DetailScreen","apps/web/src/app/components/screens/DetailScreen.tsx","259","28","direct"
"--surface-subtle","backgroundColor","components/screens/DetailScreen","apps/web/src/app/components/screens/DetailScreen.tsx","267","35","direct"
"--border-width-hairline","border","components/screens/DetailScreen","apps/web/src/app/components/screens/DetailScreen.tsx","268","26","direct"
"--border-default","border","components/screens/DetailScreen","apps/web/src/app/components/screens/DetailScreen.tsx","268","61","direct"
"--brand-primary","backgroundColor","components/screens/DetailScreen","apps/web/src/app/components/screens/DetailScreen.tsx","274","44","direct"
"--brand-primary-hover","color","components/screens/DetailScreen","apps/web/src/app/components/screens/DetailScreen.tsx","280","29","direct"
"--text-secondary","color","components/screens/DetailScreen","apps/web/src/app/components/screens/DetailScreen.tsx","288","29","direct"
"--brand-primary-hover","backgroundColor","components/screens/DetailScreen","apps/web/src/app/components/screens/DetailScreen.tsx","299","37","direct"
"--on-brand","color","components/screens/DetailScreen","apps/web/src/app/components/screens/DetailScreen.tsx","300","27","direct"
"--control-height-mobile","height","components/screens/DetailScreen","apps/web/src/app/components/screens/DetailScreen.tsx","301","28","direct"
"--dialog-height-max","className","components/screens/DetailScreen","apps/web/src/app/components/screens/DetailScreen.tsx","317","33","direct"
"--dialog-width-wide","className","components/screens/DetailScreen","apps/web/src/app/components/screens/DetailScreen.tsx","317","100","direct"
"--surface-subtle","backgroundColor","components/screens/DetailScreen","apps/web/src/app/components/screens/DetailScreen.tsx","319","35","direct"
"--border-width-hairline","border","components/screens/DetailScreen","apps/web/src/app/components/screens/DetailScreen.tsx","320","26","direct"
"--border-default","border","components/screens/DetailScreen","apps/web/src/app/components/screens/DetailScreen.tsx","320","61","direct"
"--radius-card","borderRadius","components/screens/DetailScreen","apps/web/src/app/components/screens/DetailScreen.tsx","321","32","direct"
"--text-primary","color","components/screens/DetailScreen","apps/web/src/app/components/screens/DetailScreen.tsx","334","31","direct"
"--font-display","fontFamily","components/screens/DetailScreen","apps/web/src/app/components/screens/DetailScreen.tsx","335","36","direct"
"--type-heading-md","fontSize","components/screens/DetailScreen","apps/web/src/app/components/screens/DetailScreen.tsx","336","34","direct"
"--weight-bold","fontWeight","components/screens/DetailScreen","apps/web/src/app/components/screens/DetailScreen.tsx","337","36","direct"
"--leading-snug","lineHeight","components/screens/DetailScreen","apps/web/src/app/components/screens/DetailScreen.tsx","338","36","direct"
"--text-secondary","color","components/screens/DetailScreen","apps/web/src/app/components/screens/DetailScreen.tsx","346","31","direct"
"--type-caption","fontSize","components/screens/DetailScreen","apps/web/src/app/components/screens/DetailScreen.tsx","347","34","direct"
"--type-body-sm","fontSize","components/screens/DetailScreen","apps/web/src/app/components/screens/DetailScreen.tsx","365","36","direct"
"--text-primary","color","components/screens/DetailScreen","apps/web/src/app/components/screens/DetailScreen.tsx","366","33","direct"
"--text-secondary","color","components/screens/DetailScreen","apps/web/src/app/components/screens/DetailScreen.tsx","374","33","direct"
"--type-caption","fontSize","components/screens/DetailScreen","apps/web/src/app/components/screens/DetailScreen.tsx","375","36","direct"
"--input-border","borderColor","components/screens/DetailScreen","apps/web/src/app/components/screens/DetailScreen.tsx","389","41","direct"
"--surface-card","backgroundColor","components/screens/DetailScreen","apps/web/src/app/components/screens/DetailScreen.tsx","390","45","direct"
"--type-body-sm","fontSize","components/screens/DetailScreen","apps/web/src/app/components/screens/DetailScreen.tsx","409","36","direct"
"--text-primary","color","components/screens/DetailScreen","apps/web/src/app/components/screens/DetailScreen.tsx","410","33","direct"
"--input-border","borderColor","components/screens/DetailScreen","apps/web/src/app/components/screens/DetailScreen.tsx","428","39","direct"
"--surface-card","backgroundColor","components/screens/DetailScreen","apps/web/src/app/components/screens/DetailScreen.tsx","429","43","direct"
"--text-primary","color","components/screens/DetailScreen","apps/web/src/app/components/screens/DetailScreen.tsx","430","33","direct"
"--type-caption","fontSize","components/screens/DetailScreen","apps/web/src/app/components/screens/DetailScreen.tsx","439","36","direct"
"--status-danger-fg","color","components/screens/DetailScreen","apps/web/src/app/components/screens/DetailScreen.tsx","442","32","direct"
"--text-secondary","color","components/screens/DetailScreen","apps/web/src/app/components/screens/DetailScreen.tsx","443","32","direct"
"--weight-semibold","fontWeight","components/screens/DetailScreen","apps/web/src/app/components/screens/DetailScreen.tsx","446","32","direct"
"--weight-regular","fontWeight","components/screens/DetailScreen","apps/web/src/app/components/screens/DetailScreen.tsx","447","32","direct"
"--radius-dialog","className","components/screens/DetailScreen","apps/web/src/app/components/screens/DetailScreen.tsx","458","43","direct"
"--surface-app","backgroundColor","components/screens/DetailScreen","apps/web/src/app/components/screens/DetailScreen.tsx","460","43","direct"
"--border-width-hairline","border","components/screens/DetailScreen","apps/web/src/app/components/screens/DetailScreen.tsx","462","28","direct"
"--border-preview","border","components/screens/DetailScreen","apps/web/src/app/components/screens/DetailScreen.tsx","462","63","direct"
"--text-primary","color","components/screens/DetailScreen","apps/web/src/app/components/screens/DetailScreen.tsx","469","46","direct"
"--text-secondary","color","components/screens/DetailScreen","apps/web/src/app/components/screens/DetailScreen.tsx","476","39","direct"
"--type-caption","fontSize","components/screens/DetailScreen","apps/web/src/app/components/screens/DetailScreen.tsx","477","42","direct"
"--type-label","fontSize","components/screens/DetailScreen","apps/web/src/app/components/screens/DetailScreen.tsx","486","40","direct"
"--surface-count","backgroundColor","components/screens/DetailScreen","apps/web/src/app/components/screens/DetailScreen.tsx","487","47","direct"
"--text-earth","color","components/screens/DetailScreen","apps/web/src/app/components/screens/DetailScreen.tsx","488","37","direct"
"--radius-dialog","className","components/screens/DetailScreen","apps/web/src/app/components/screens/DetailScreen.tsx","521","59","direct"
"--surface-card","className","components/screens/DetailScreen","apps/web/src/app/components/screens/DetailScreen.tsx","521","85","direct"
"--border-width-hairline","border","components/screens/DetailScreen","apps/web/src/app/components/screens/DetailScreen.tsx","524","36","direct"
"--border-preview","border","components/screens/DetailScreen","apps/web/src/app/components/screens/DetailScreen.tsx","524","71","direct"
"--brand-primary-hover","color","components/screens/DetailScreen","apps/web/src/app/components/screens/DetailScreen.tsx","529","50","direct"
"--type-label","className","components/screens/DetailScreen","apps/web/src/app/components/screens/DetailScreen.tsx","533","58","direct"
"--text-secondary","color","components/screens/DetailScreen","apps/web/src/app/components/screens/DetailScreen.tsx","534","50","direct"
"--text-primary","color","components/screens/DetailScreen","apps/web/src/app/components/screens/DetailScreen.tsx","540","50","direct"
"--surface-subtle","backgroundColor","components/screens/DetailScreen","apps/web/src/app/components/screens/DetailScreen.tsx","562","39","direct"
"--border-width-hairline","borderTop","components/screens/DetailScreen","apps/web/src/app/components/screens/DetailScreen.tsx","563","33","direct"
"--border-default","borderTop","components/screens/DetailScreen","apps/web/src/app/components/screens/DetailScreen.tsx","563","68","direct"
"--brand-primary","backgroundColor","components/screens/DetailScreen","apps/web/src/app/components/screens/DetailScreen.tsx","582","43","direct"
"--on-brand","color","components/screens/DetailScreen","apps/web/src/app/components/screens/DetailScreen.tsx","583","33","direct"
"--border-default","className","components/screens/DetailScreen","apps/web/src/app/components/screens/DetailScreen.tsx","597","46","direct"
"--surface-subtle","backgroundColor","components/screens/DetailScreen","apps/web/src/app/components/screens/DetailScreen.tsx","599","35","direct"
"--text-primary","color","components/screens/DetailScreen","apps/web/src/app/components/screens/DetailScreen.tsx","600","25","direct"
"--text-primary","color","components/screens/DetailScreen","apps/web/src/app/components/screens/DetailScreen.tsx","606","29","direct"
"--type-heading-md","fontSize","components/screens/DetailScreen","apps/web/src/app/components/screens/DetailScreen.tsx","607","32","direct"
"--weight-bold","fontWeight","components/screens/DetailScreen","apps/web/src/app/components/screens/DetailScreen.tsx","608","34","direct"
"--status-icon-badge-fg","color","components/screens/DetailScreen","apps/web/src/app/components/screens/DetailScreen.tsx","622","34","direct"
"--border-default","borderColor","components/screens/DetailScreen","apps/web/src/app/components/screens/DetailScreen.tsx","643","35","direct"
"--text-secondary","color","components/screens/DetailScreen","apps/web/src/app/components/screens/DetailScreen.tsx","644","29","direct"
"--control-height-mobile","height","components/screens/DetailScreen","apps/web/src/app/components/screens/DetailScreen.tsx","645","30","direct"
"--type-body","fontSize","components/screens/DetailScreen","apps/web/src/app/components/screens/DetailScreen.tsx","646","32","direct"
"--brand-primary","backgroundColor","components/screens/DetailScreen","apps/web/src/app/components/screens/DetailScreen.tsx","654","39","direct"
"--surface-card","color","components/screens/DetailScreen","apps/web/src/app/components/screens/DetailScreen.tsx","655","29","direct"
"--control-height-mobile","height","components/screens/DetailScreen","apps/web/src/app/components/screens/DetailScreen.tsx","656","30","direct"
"--type-body","fontSize","components/screens/DetailScreen","apps/web/src/app/components/screens/DetailScreen.tsx","657","32","direct"
"--type-body","fontSize","components/screens/DetailScreen","apps/web/src/app/components/screens/DetailScreen.tsx","677","37","direct"
"--text-farm","color","components/screens/DetailScreen","apps/web/src/app/components/screens/DetailScreen.tsx","677","64","direct"
"--brand-primary-hover","backgroundColor","components/screens/DetailScreen","apps/web/src/app/components/screens/DetailScreen.tsx","690","39","direct"
"--on-brand","color","components/screens/DetailScreen","apps/web/src/app/components/screens/DetailScreen.tsx","691","29","direct"
"--status-warning-bg","backgroundColor","components/screens/DetailScreen","apps/web/src/app/components/screens/DetailScreen.tsx","705","35","direct"
"--border-width-hairline","border","components/screens/DetailScreen","apps/web/src/app/components/screens/DetailScreen.tsx","706","26","direct"
"--border-default","border","components/screens/DetailScreen","apps/web/src/app/components/screens/DetailScreen.tsx","706","61","direct"
"--status-warning-fg","backgroundColor","components/screens/DetailScreen","apps/web/src/app/components/screens/DetailScreen.tsx","712","44","direct"
"--status-warning-fg","color","components/screens/DetailScreen","apps/web/src/app/components/screens/DetailScreen.tsx","720","31","direct"
"--status-warning-fg","color","components/screens/DetailScreen","apps/web/src/app/components/screens/DetailScreen.tsx","729","31","direct"
"--status-warning-bg","backgroundColor","components/screens/DetailScreen","apps/web/src/app/components/screens/DetailScreen.tsx","745","35","direct"
"--border-width-hairline","border","components/screens/DetailScreen","apps/web/src/app/components/screens/DetailScreen.tsx","746","26","direct"
"--border-default","border","components/screens/DetailScreen","apps/web/src/app/components/screens/DetailScreen.tsx","746","61","direct"
"--status-warning-fg","backgroundColor","components/screens/DetailScreen","apps/web/src/app/components/screens/DetailScreen.tsx","752","44","direct"
"--status-warning-fg","color","components/screens/DetailScreen","apps/web/src/app/components/screens/DetailScreen.tsx","759","29","direct"
"--status-warning-fg","color","components/screens/DetailScreen","apps/web/src/app/components/screens/DetailScreen.tsx","767","29","direct"
"--brand-primary-hover","backgroundColor","components/screens/DetailScreen","apps/web/src/app/components/screens/DetailScreen.tsx","778","37","direct"
"--on-brand","color","components/screens/DetailScreen","apps/web/src/app/components/screens/DetailScreen.tsx","779","27","direct"
"--control-height-mobile","height","components/screens/DetailScreen","apps/web/src/app/components/screens/DetailScreen.tsx","780","28","direct"
"--brand-primary","RUST","components/screens/IncubatorsScreen","apps/web/src/app/components/screens/IncubatorsScreen.tsx","76","19","component constant"
"--surface-subtle","CARD","components/screens/IncubatorsScreen","apps/web/src/app/components/screens/IncubatorsScreen.tsx","77","19","component constant"
"--border-default","BORDER","components/screens/IncubatorsScreen","apps/web/src/app/components/screens/IncubatorsScreen.tsx","78","21","component constant"
"--text-secondary","MUTED","components/screens/IncubatorsScreen","apps/web/src/app/components/screens/IncubatorsScreen.tsx","79","20","component constant"
"--text-primary","TEXT","components/screens/IncubatorsScreen","apps/web/src/app/components/screens/IncubatorsScreen.tsx","80","19","component constant"
"--input-border","INPUT_BORDER","components/screens/IncubatorsScreen","apps/web/src/app/components/screens/IncubatorsScreen.tsx","81","27","component constant"
"--surface-tile","backgroundColor","components/screens/IncubatorsScreen","apps/web/src/app/components/screens/IncubatorsScreen.tsx","87","25","direct"
"--surface-card","backgroundColor","components/screens/IncubatorsScreen","apps/web/src/app/components/screens/IncubatorsScreen.tsx","92","25","direct"
"--border-default","borderColor","components/screens/IncubatorsScreen","apps/web/src/app/components/screens/IncubatorsScreen.tsx","93","21","direct"
"--brand-primary","color","components/screens/IncubatorsScreen","apps/web/src/app/components/screens/IncubatorsScreen.tsx","94","15","direct"
"--weight-medium","fontWeight","components/screens/IncubatorsScreen","apps/web/src/app/components/screens/IncubatorsScreen.tsx","95","20","direct"
"--surface-app","backgroundColor","components/screens/IncubatorsScreen","apps/web/src/app/components/screens/IncubatorsScreen.tsx","362","33","direct"
"--control-height-mobile","className","components/screens/IncubatorsScreen","apps/web/src/app/components/screens/IncubatorsScreen.tsx","385","33","direct"
"--control-height-default","className","components/screens/IncubatorsScreen","apps/web/src/app/components/screens/IncubatorsScreen.tsx","385","85","direct"
"--type-filter-value","fontSize","components/screens/IncubatorsScreen","apps/web/src/app/components/screens/IncubatorsScreen.tsx","386","54","direct"
"--control-height-mobile","className","components/screens/IncubatorsScreen","apps/web/src/app/components/screens/IncubatorsScreen.tsx","398","31","direct"
"--brand-primary-hover","className","components/screens/IncubatorsScreen","apps/web/src/app/components/screens/IncubatorsScreen.tsx","398","128","direct"
"--control-height-default","className","components/screens/IncubatorsScreen","apps/web/src/app/components/screens/IncubatorsScreen.tsx","398","189","direct"
"--on-brand","color","components/screens/IncubatorsScreen","apps/web/src/app/components/screens/IncubatorsScreen.tsx","401","27","direct"
"--type-filter-label","fontSize","components/screens/IncubatorsScreen","apps/web/src/app/components/screens/IncubatorsScreen.tsx","402","30","direct"
"--weight-bold","fontWeight","components/screens/IncubatorsScreen","apps/web/src/app/components/screens/IncubatorsScreen.tsx","403","32","direct"
"--control-height-mobile","className","components/screens/IncubatorsScreen","apps/web/src/app/components/screens/IncubatorsScreen.tsx","446","35","direct"
"--control-height-default","className","components/screens/IncubatorsScreen","apps/web/src/app/components/screens/IncubatorsScreen.tsx","446","106","direct"
"--control-min-width-list-filter","className","components/screens/IncubatorsScreen","apps/web/src/app/components/screens/IncubatorsScreen.tsx","446","157","direct"
"--control-height-mobile","className","components/screens/IncubatorsScreen","apps/web/src/app/components/screens/IncubatorsScreen.tsx","475","35","direct"
"--control-height-default","className","components/screens/IncubatorsScreen","apps/web/src/app/components/screens/IncubatorsScreen.tsx","475","106","direct"
"--control-min-width-list-filter","className","components/screens/IncubatorsScreen","apps/web/src/app/components/screens/IncubatorsScreen.tsx","475","157","direct"
"--control-height-mobile","className","components/screens/IncubatorsScreen","apps/web/src/app/components/screens/IncubatorsScreen.tsx","499","38","direct"
"--control-height-mobile","className","components/screens/IncubatorsScreen","apps/web/src/app/components/screens/IncubatorsScreen.tsx","499","71","direct"
"--control-height-default","className","components/screens/IncubatorsScreen","apps/web/src/app/components/screens/IncubatorsScreen.tsx","499","276","direct"
"--control-height-default","className","components/screens/IncubatorsScreen","apps/web/src/app/components/screens/IncubatorsScreen.tsx","499","313","direct"
"--surface-card","backgroundColor","components/screens/IncubatorsScreen","apps/web/src/app/components/screens/IncubatorsScreen.tsx","501","39","direct"
"--border-subtle","borderColor","components/screens/IncubatorsScreen","apps/web/src/app/components/screens/IncubatorsScreen.tsx","502","35","direct"
"--text-secondary","color","components/screens/IncubatorsScreen","apps/web/src/app/components/screens/IncubatorsScreen.tsx","503","29","direct"
"--border-width-hairline","border","components/screens/IncubatorsScreen","apps/web/src/app/components/screens/IncubatorsScreen.tsx","524","28","direct"
"--font-display","fontFamily","components/screens/IncubatorsScreen","apps/web/src/app/components/screens/IncubatorsScreen.tsx","529","34","direct"
"--type-page-title","fontSize","components/screens/IncubatorsScreen","apps/web/src/app/components/screens/IncubatorsScreen.tsx","530","32","direct"
"--leading-snug","lineHeight","components/screens/IncubatorsScreen","apps/web/src/app/components/screens/IncubatorsScreen.tsx","531","34","direct"
"--weight-bold","fontWeight","components/screens/IncubatorsScreen","apps/web/src/app/components/screens/IncubatorsScreen.tsx","532","34","direct"
"--type-body-sm","fontSize","components/screens/IncubatorsScreen","apps/web/src/app/components/screens/IncubatorsScreen.tsx","541","32","direct"
"--control-height-default","className","components/screens/IncubatorsScreen","apps/web/src/app/components/screens/IncubatorsScreen.tsx","555","44","direct"
"--surface-muted","className","components/screens/IncubatorsScreen","apps/web/src/app/components/screens/IncubatorsScreen.tsx","555","141","direct"
"--ring","className","components/screens/IncubatorsScreen","apps/web/src/app/components/screens/IncubatorsScreen.tsx","555","231","direct"
"--weight-semibold","fontWeight","components/screens/IncubatorsScreen","apps/web/src/app/components/screens/IncubatorsScreen.tsx","558","36","direct"
"--type-body-sm","fontSize","components/screens/IncubatorsScreen","apps/web/src/app/components/screens/IncubatorsScreen.tsx","559","34","direct"
"--mobile-bottom-nav-clearance","className","components/screens/IncubatorsScreen","apps/web/src/app/components/screens/IncubatorsScreen.tsx","578","58","direct"
"--mobile-bottom-nav-clearance","className","components/screens/IncubatorsScreen","apps/web/src/app/components/screens/IncubatorsScreen.tsx","599","130","direct"
"--ring","className","components/screens/IncubatorsScreen","apps/web/src/app/components/screens/IncubatorsScreen.tsx","610","190","direct"
"--brand-primary","backgroundColor","components/screens/IncubatorsScreen","apps/web/src/app/components/screens/IncubatorsScreen.tsx","621","36","direct"
"--wash-checkbox","backgroundColor","components/screens/IncubatorsScreen","apps/web/src/app/components/screens/IncubatorsScreen.tsx","622","36","direct"
"--border-width-hairline","border","components/screens/IncubatorsScreen","apps/web/src/app/components/screens/IncubatorsScreen.tsx","635","28","direct"
"--chamber-list-height","className","components/screens/IncubatorsScreen","apps/web/src/app/components/screens/IncubatorsScreen.tsx","652","36","direct"
"--border-width-hairline","borderBottom","components/screens/IncubatorsScreen","apps/web/src/app/components/screens/IncubatorsScreen.tsx","662","46","direct"
"--text-muted","color","components/screens/IncubatorsScreen","apps/web/src/app/components/screens/IncubatorsScreen.tsx","663","39","direct"
"--type-label","fontSize","components/screens/IncubatorsScreen","apps/web/src/app/components/screens/IncubatorsScreen.tsx","664","42","direct"
"--weight-bold","fontWeight","components/screens/IncubatorsScreen","apps/web/src/app/components/screens/IncubatorsScreen.tsx","665","44","direct"
"--tracking-label","letterSpacing","components/screens/IncubatorsScreen","apps/web/src/app/components/screens/IncubatorsScreen.tsx","666","47","direct"
"--border-width-hairline","borderBottom","components/screens/IncubatorsScreen","apps/web/src/app/components/screens/IncubatorsScreen.tsx","679","46","direct"
"--text-muted","color","components/screens/IncubatorsScreen","apps/web/src/app/components/screens/IncubatorsScreen.tsx","680","39","direct"
"--type-label","fontSize","components/screens/IncubatorsScreen","apps/web/src/app/components/screens/IncubatorsScreen.tsx","681","42","direct"
"--weight-bold","fontWeight","components/screens/IncubatorsScreen","apps/web/src/app/components/screens/IncubatorsScreen.tsx","682","44","direct"
"--tracking-label","letterSpacing","components/screens/IncubatorsScreen","apps/web/src/app/components/screens/IncubatorsScreen.tsx","683","47","direct"
"--border-width-hairline","borderBottom","components/screens/IncubatorsScreen","apps/web/src/app/components/screens/IncubatorsScreen.tsx","696","46","direct"
"--text-muted","color","components/screens/IncubatorsScreen","apps/web/src/app/components/screens/IncubatorsScreen.tsx","697","39","direct"
"--type-label","fontSize","components/screens/IncubatorsScreen","apps/web/src/app/components/screens/IncubatorsScreen.tsx","698","42","direct"
"--weight-bold","fontWeight","components/screens/IncubatorsScreen","apps/web/src/app/components/screens/IncubatorsScreen.tsx","699","44","direct"
"--tracking-label","letterSpacing","components/screens/IncubatorsScreen","apps/web/src/app/components/screens/IncubatorsScreen.tsx","700","47","direct"
"--nav-hover-bg","className","components/screens/IncubatorsScreen","apps/web/src/app/components/screens/IncubatorsScreen.tsx","721","87","direct"
"--weight-bold","fontWeight","components/screens/IncubatorsScreen","apps/web/src/app/components/screens/IncubatorsScreen.tsx","725","46","direct"
"--wash-brand-soft","backgroundColor","components/screens/IncubatorsScreen","apps/web/src/app/components/screens/IncubatorsScreen.tsx","735","53","direct"
"--weight-bold","fontWeight","components/screens/IncubatorsScreen","apps/web/src/app/components/screens/IncubatorsScreen.tsx","737","48","direct"
"--type-caption","fontSize","components/screens/IncubatorsScreen","apps/web/src/app/components/screens/IncubatorsScreen.tsx","738","46","direct"
"--weight-bold","fontWeight","components/screens/IncubatorsScreen","apps/web/src/app/components/screens/IncubatorsScreen.tsx","751","46","direct"
"--weight-bold","fontWeight","components/screens/IncubatorsScreen","apps/web/src/app/components/screens/IncubatorsScreen.tsx","760","46","direct"
"--weight-bold","fontWeight","components/screens/IncubatorsScreen","apps/web/src/app/components/screens/IncubatorsScreen.tsx","769","46","direct"
"--font-display","fontFamily","components/screens/IncubatorsScreen","apps/web/src/app/components/screens/IncubatorsScreen.tsx","813","34","direct"
"--type-heading-md","fontSize","components/screens/IncubatorsScreen","apps/web/src/app/components/screens/IncubatorsScreen.tsx","814","32","direct"
"--weight-bold","fontWeight","components/screens/IncubatorsScreen","apps/web/src/app/components/screens/IncubatorsScreen.tsx","815","34","direct"
"--leading-snug","lineHeight","components/screens/IncubatorsScreen","apps/web/src/app/components/screens/IncubatorsScreen.tsx","816","34","direct"
"--status-danger-bg","backgroundColor","components/screens/IncubatorsScreen","apps/web/src/app/components/screens/IncubatorsScreen.tsx","832","41","direct"
"--border-width-hairline","border","components/screens/IncubatorsScreen","apps/web/src/app/components/screens/IncubatorsScreen.tsx","834","26","direct"
"--border-blush","border","components/screens/IncubatorsScreen","apps/web/src/app/components/screens/IncubatorsScreen.tsx","834","61","direct"
"--status-danger-fg","color","components/screens/IncubatorsScreen","apps/web/src/app/components/screens/IncubatorsScreen.tsx","840","30","direct"
"--type-body-sm","fontSize","components/screens/IncubatorsScreen","apps/web/src/app/components/screens/IncubatorsScreen.tsx","846","38","direct"
"--weight-bold","fontWeight","components/screens/IncubatorsScreen","apps/web/src/app/components/screens/IncubatorsScreen.tsx","847","40","direct"
"--status-danger-fg","color","components/screens/IncubatorsScreen","apps/web/src/app/components/screens/IncubatorsScreen.tsx","848","35","direct"
"--type-caption","fontSize","components/screens/IncubatorsScreen","apps/web/src/app/components/screens/IncubatorsScreen.tsx","855","38","direct"
"--status-danger-fg","color","components/screens/IncubatorsScreen","apps/web/src/app/components/screens/IncubatorsScreen.tsx","856","35","direct"
"--status-danger-fg","borderColor","components/screens/IncubatorsScreen","apps/web/src/app/components/screens/IncubatorsScreen.tsx","892","30","direct"
"--type-caption","fontSize","components/screens/IncubatorsScreen","apps/web/src/app/components/screens/IncubatorsScreen.tsx","902","36","direct"
"--brand-primary-hover","color","components/screens/IncubatorsScreen","apps/web/src/app/components/screens/IncubatorsScreen.tsx","903","33","direct"
"--weight-semibold","fontWeight","components/screens/IncubatorsScreen","apps/web/src/app/components/screens/IncubatorsScreen.tsx","904","38","direct"
"--control-height-mobile","height","components/screens/IncubatorsScreen","apps/web/src/app/components/screens/IncubatorsScreen.tsx","937","30","direct"
"--type-body","fontSize","components/screens/IncubatorsScreen","apps/web/src/app/components/screens/IncubatorsScreen.tsx","938","32","direct"
"--on-brand","color","components/screens/IncubatorsScreen","apps/web/src/app/components/screens/IncubatorsScreen.tsx","952","29","direct"
"--control-height-mobile","height","components/screens/IncubatorsScreen","apps/web/src/app/components/screens/IncubatorsScreen.tsx","953","30","direct"
"--type-body","fontSize","components/screens/IncubatorsScreen","apps/web/src/app/components/screens/IncubatorsScreen.tsx","954","32","direct"
"--brand-primary","RUST","components/screens/OverviewScreen","apps/web/src/app/components/screens/OverviewScreen.tsx","25","19","component constant"
"--border-default","BORDER","components/screens/OverviewScreen","apps/web/src/app/components/screens/OverviewScreen.tsx","26","21","component constant"
"--text-primary","TEXT","components/screens/OverviewScreen","apps/web/src/app/components/screens/OverviewScreen.tsx","27","19","component constant"
"--text-primary","HEADING","components/screens/OverviewScreen","apps/web/src/app/components/screens/OverviewScreen.tsx","28","22","component constant"
"--surface-card","conditionRowStyle","components/screens/OverviewScreen","apps/web/src/app/components/screens/OverviewScreen.tsx","31","49","component constant"
"--border-width-hairline","conditionRowStyle","components/screens/OverviewScreen","apps/web/src/app/components/screens/OverviewScreen.tsx","31","76","component constant"
"--border-default","conditionRowStyle","components/screens/OverviewScreen","apps/web/src/app/components/screens/OverviewScreen.tsx","31","111","component constant"
"--nav-hover-bg","conditionRowStyle","components/screens/OverviewScreen","apps/web/src/app/components/screens/OverviewScreen.tsx","32","37","component constant"
"--nav-hover-border","conditionRowStyle","components/screens/OverviewScreen","apps/web/src/app/components/screens/OverviewScreen.tsx","32","70","component constant"
"--progress-stroke","PROGRESS_STROKE","components/screens/OverviewScreen","apps/web/src/app/components/screens/OverviewScreen.tsx","36","30","component constant"
"--text-primary","valueColor","components/screens/OverviewScreen","apps/web/src/app/components/screens/OverviewScreen.tsx","104","12","component constant"
"--status-danger-fg","valueColor","components/screens/OverviewScreen","apps/web/src/app/components/screens/OverviewScreen.tsx","106","14","component constant"
"--text-bark","valueColor","components/screens/OverviewScreen","apps/web/src/app/components/screens/OverviewScreen.tsx","107","14","component constant"
"--text-neutral-cool","statusColor","components/screens/OverviewScreen","apps/web/src/app/components/screens/OverviewScreen.tsx","109","12","component constant"
"--status-danger-fg","statusColor","components/screens/OverviewScreen","apps/web/src/app/components/screens/OverviewScreen.tsx","111","14","component constant"
"--text-ember","statusColor","components/screens/OverviewScreen","apps/web/src/app/components/screens/OverviewScreen.tsx","112","14","component constant"
"--control-height-default","className","components/screens/OverviewScreen","apps/web/src/app/components/screens/OverviewScreen.tsx","117","59","direct"
"--status-danger-bg","backgroundColor","components/screens/OverviewScreen","apps/web/src/app/components/screens/OverviewScreen.tsx","129","26","direct"
"--surface-peach","backgroundColor","components/screens/OverviewScreen","apps/web/src/app/components/screens/OverviewScreen.tsx","130","26","direct"
"--surface-mint","backgroundColor","components/screens/OverviewScreen","apps/web/src/app/components/screens/OverviewScreen.tsx","131","24","direct"
"--status-danger-fg","color","components/screens/OverviewScreen","apps/web/src/app/components/screens/OverviewScreen.tsx","134","26","direct"
"--text-bark","color","components/screens/OverviewScreen","apps/web/src/app/components/screens/OverviewScreen.tsx","135","26","direct"
"--status-success-fg","color","components/screens/OverviewScreen","apps/web/src/app/components/screens/OverviewScreen.tsx","136","24","direct"
"--border-width-hairline","border","components/screens/OverviewScreen","apps/web/src/app/components/screens/OverviewScreen.tsx","137","28","direct"
"--border-blush","border","components/screens/OverviewScreen","apps/web/src/app/components/screens/OverviewScreen.tsx","137","86","direct"
"--border-peach","border","components/screens/OverviewScreen","apps/web/src/app/components/screens/OverviewScreen.tsx","137","110","direct"
"--border-mint","border","components/screens/OverviewScreen","apps/web/src/app/components/screens/OverviewScreen.tsx","137","135","direct"
"--type-caption","className","components/screens/OverviewScreen","apps/web/src/app/components/screens/OverviewScreen.tsx","144","39","direct"
"--type-body-sm","className","components/screens/OverviewScreen","apps/web/src/app/components/screens/OverviewScreen.tsx","144","71","direct"
"--font-body","fontFamily","components/screens/OverviewScreen","apps/web/src/app/components/screens/OverviewScreen.tsx","146","34","direct"
"--weight-bold","fontWeight","components/screens/OverviewScreen","apps/web/src/app/components/screens/OverviewScreen.tsx","147","34","direct"
"--leading-normal","lineHeight","components/screens/OverviewScreen","apps/web/src/app/components/screens/OverviewScreen.tsx","148","34","direct"
"--font-body","fontFamily","components/screens/OverviewScreen","apps/web/src/app/components/screens/OverviewScreen.tsx","158","34","direct"
"--type-label","fontSize","components/screens/OverviewScreen","apps/web/src/app/components/screens/OverviewScreen.tsx","159","32","direct"
"--weight-medium","fontWeight","components/screens/OverviewScreen","apps/web/src/app/components/screens/OverviewScreen.tsx","160","34","direct"
"--leading-snug","lineHeight","components/screens/OverviewScreen","apps/web/src/app/components/screens/OverviewScreen.tsx","161","34","direct"
"--text-farm","color","components/screens/OverviewScreen","apps/web/src/app/components/screens/OverviewScreen.tsx","162","29","direct"
"--type-caption","className","components/screens/OverviewScreen","apps/web/src/app/components/screens/OverviewScreen.tsx","174","39","direct"
"--type-body-sm","className","components/screens/OverviewScreen","apps/web/src/app/components/screens/OverviewScreen.tsx","174","71","direct"
"--font-body","fontFamily","components/screens/OverviewScreen","apps/web/src/app/components/screens/OverviewScreen.tsx","176","34","direct"
"--weight-bold","fontWeight","components/screens/OverviewScreen","apps/web/src/app/components/screens/OverviewScreen.tsx","177","34","direct"
"--leading-normal","lineHeight","components/screens/OverviewScreen","apps/web/src/app/components/screens/OverviewScreen.tsx","178","34","direct"
"--font-body","fontFamily","components/screens/OverviewScreen","apps/web/src/app/components/screens/OverviewScreen.tsx","188","34","direct"
"--type-label","fontSize","components/screens/OverviewScreen","apps/web/src/app/components/screens/OverviewScreen.tsx","189","32","direct"
"--weight-medium","fontWeight","components/screens/OverviewScreen","apps/web/src/app/components/screens/OverviewScreen.tsx","190","34","direct"
"--leading-snug","lineHeight","components/screens/OverviewScreen","apps/web/src/app/components/screens/OverviewScreen.tsx","191","34","direct"
"--text-faint","className","components/screens/OverviewScreen","apps/web/src/app/components/screens/OverviewScreen.tsx","203","119","direct"
"--surface-action-hover","className","components/screens/OverviewScreen","apps/web/src/app/components/screens/OverviewScreen.tsx","203","166","direct"
"--brand-primary","className","components/screens/OverviewScreen","apps/web/src/app/components/screens/OverviewScreen.tsx","203","207","direct"
"--radius-overview-card-mobile","className","components/screens/OverviewScreen","apps/web/src/app/components/screens/OverviewScreen.tsx","244","98","direct"
"--border-default","className","components/screens/OverviewScreen","apps/web/src/app/components/screens/OverviewScreen.tsx","244","149","direct"
"--surface-card","className","components/screens/OverviewScreen","apps/web/src/app/components/screens/OverviewScreen.tsx","244","176","direct"
"--nav-hover-border","className","components/screens/OverviewScreen","apps/web/src/app/components/screens/OverviewScreen.tsx","244","256","direct"
"--nav-hover-bg","className","components/screens/OverviewScreen","apps/web/src/app/components/screens/OverviewScreen.tsx","244","291","direct"
"--brand-primary","className","components/screens/OverviewScreen","apps/web/src/app/components/screens/OverviewScreen.tsx","244","380","direct"
"--radius-dialog","className","components/screens/OverviewScreen","apps/web/src/app/components/screens/OverviewScreen.tsx","244","414","direct"
"--type-body","className","components/screens/OverviewScreen","apps/web/src/app/components/screens/OverviewScreen.tsx","251","69","direct"
"--type-heading-sm","className","components/screens/OverviewScreen","apps/web/src/app/components/screens/OverviewScreen.tsx","251","98","direct"
"--font-display","fontFamily","components/screens/OverviewScreen","apps/web/src/app/components/screens/OverviewScreen.tsx","253","34","direct"
"--weight-semibold","fontWeight","components/screens/OverviewScreen","apps/web/src/app/components/screens/OverviewScreen.tsx","254","34","direct"
"--leading-snug","lineHeight","components/screens/OverviewScreen","apps/web/src/app/components/screens/OverviewScreen.tsx","255","34","direct"
"--text-primary","color","components/screens/OverviewScreen","apps/web/src/app/components/screens/OverviewScreen.tsx","256","29","direct"
"--text-faint","className","components/screens/OverviewScreen","apps/web/src/app/components/screens/OverviewScreen.tsx","263","104","direct"
"--brand-primary","className","components/screens/OverviewScreen","apps/web/src/app/components/screens/OverviewScreen.tsx","263","159","direct"
"--type-caption","className","components/screens/OverviewScreen","apps/web/src/app/components/screens/OverviewScreen.tsx","271","62","direct"
"--type-body-sm","className","components/screens/OverviewScreen","apps/web/src/app/components/screens/OverviewScreen.tsx","271","94","direct"
"--font-body","fontFamily","components/screens/OverviewScreen","apps/web/src/app/components/screens/OverviewScreen.tsx","273","34","direct"
"--weight-semibold","fontWeight","components/screens/OverviewScreen","apps/web/src/app/components/screens/OverviewScreen.tsx","274","34","direct"
"--leading-normal","lineHeight","components/screens/OverviewScreen","apps/web/src/app/components/screens/OverviewScreen.tsx","275","34","direct"
"--text-farm","color","components/screens/OverviewScreen","apps/web/src/app/components/screens/OverviewScreen.tsx","276","29","direct"
"--status-offline-bg","backgroundColor","components/screens/OverviewScreen","apps/web/src/app/components/screens/OverviewScreen.tsx","285","41","direct"
"--status-offline-fg","color","components/screens/OverviewScreen","apps/web/src/app/components/screens/OverviewScreen.tsx","286","31","direct"
"--status-success-fg","color","components/screens/OverviewScreen","apps/web/src/app/components/screens/OverviewScreen.tsx","302","30","direct"
"--status-warning-fg","color","components/screens/OverviewScreen","apps/web/src/app/components/screens/OverviewScreen.tsx","303","30","direct"
"--status-success-fg","backgroundColor","components/screens/OverviewScreen","apps/web/src/app/components/screens/OverviewScreen.tsx","315","32","direct"
"--status-warning-fg","backgroundColor","components/screens/OverviewScreen","apps/web/src/app/components/screens/OverviewScreen.tsx","316","32","direct"
"--font-body","fontFamily","components/screens/OverviewScreen","apps/web/src/app/components/screens/OverviewScreen.tsx","326","32","direct"
"--type-caption","fontSize","components/screens/OverviewScreen","apps/web/src/app/components/screens/OverviewScreen.tsx","327","30","direct"
"--weight-regular","fontWeight","components/screens/OverviewScreen","apps/web/src/app/components/screens/OverviewScreen.tsx","328","32","direct"
"--leading-normal","lineHeight","components/screens/OverviewScreen","apps/web/src/app/components/screens/OverviewScreen.tsx","329","32","direct"
"--text-farm","color","components/screens/OverviewScreen","apps/web/src/app/components/screens/OverviewScreen.tsx","330","27","direct"
"--font-display","fontFamily","components/screens/OverviewScreen","apps/web/src/app/components/screens/OverviewScreen.tsx","371","34","direct"
"--leading-tight","lineHeight","components/screens/OverviewScreen","apps/web/src/app/components/screens/OverviewScreen.tsx","373","34","direct"
"--surface-card","backgroundColor","components/screens/OverviewScreen","apps/web/src/app/components/screens/OverviewScreen.tsx","587","33","direct"
"--border-subtle","borderColor","components/screens/OverviewScreen","apps/web/src/app/components/screens/OverviewScreen.tsx","588","29","direct"
"--control-height-mobile","className","components/screens/OverviewScreen","apps/web/src/app/components/screens/OverviewScreen.tsx","592","39","direct"
"--type-heading-sm","className","components/screens/OverviewScreen","apps/web/src/app/components/screens/OverviewScreen.tsx","595","39","direct"
"--type-heading-md","className","components/screens/OverviewScreen","apps/web/src/app/components/screens/OverviewScreen.tsx","595","74","direct"
"--font-display","fontFamily","components/screens/OverviewScreen","apps/web/src/app/components/screens/OverviewScreen.tsx","597","34","direct"
"--weight-semibold","fontWeight","components/screens/OverviewScreen","apps/web/src/app/components/screens/OverviewScreen.tsx","598","34","direct"
"--leading-snug","lineHeight","components/screens/OverviewScreen","apps/web/src/app/components/screens/OverviewScreen.tsx","599","34","direct"
"--font-body","fontFamily","components/screens/OverviewScreen","apps/web/src/app/components/screens/OverviewScreen.tsx","608","34","direct"
"--type-caption","fontSize","components/screens/OverviewScreen","apps/web/src/app/components/screens/OverviewScreen.tsx","609","32","direct"
"--weight-regular","fontWeight","components/screens/OverviewScreen","apps/web/src/app/components/screens/OverviewScreen.tsx","610","34","direct"
"--leading-normal","lineHeight","components/screens/OverviewScreen","apps/web/src/app/components/screens/OverviewScreen.tsx","611","34","direct"
"--text-farm","color","components/screens/OverviewScreen","apps/web/src/app/components/screens/OverviewScreen.tsx","612","29","direct"
"--overview-action-height-mobile","className","components/screens/OverviewScreen","apps/web/src/app/components/screens/OverviewScreen.tsx","621","47","direct"
"--surface-card","className","components/screens/OverviewScreen","apps/web/src/app/components/screens/OverviewScreen.tsx","621","152","direct"
"--nav-hover-bg","className","components/screens/OverviewScreen","apps/web/src/app/components/screens/OverviewScreen.tsx","621","248","direct"
"--border-sand","backgroundColor","components/screens/OverviewScreen","apps/web/src/app/components/screens/OverviewScreen.tsx","631","42","direct"
"--ring","className","components/screens/OverviewScreen","apps/web/src/app/components/screens/OverviewScreen.tsx","664","149","direct"
"--dot-width-current","width","components/screens/OverviewScreen","apps/web/src/app/components/screens/OverviewScreen.tsx","670","30","direct"
"--dot-size","width","components/screens/OverviewScreen","apps/web/src/app/components/screens/OverviewScreen.tsx","671","30","direct"
"--dot-idle","backgroundColor","components/screens/OverviewScreen","apps/web/src/app/components/screens/OverviewScreen.tsx","673","57","direct"
"--surface-card","backgroundColor","components/screens/OverviewScreen","apps/web/src/app/components/screens/OverviewScreen.tsx","686","33","direct"
"--border-subtle","borderColor","components/screens/OverviewScreen","apps/web/src/app/components/screens/OverviewScreen.tsx","687","29","direct"
"--control-height-mobile","className","components/screens/OverviewScreen","apps/web/src/app/components/screens/OverviewScreen.tsx","691","39","direct"
"--type-heading-sm","className","components/screens/OverviewScreen","apps/web/src/app/components/screens/OverviewScreen.tsx","694","39","direct"
"--type-heading-md","className","components/screens/OverviewScreen","apps/web/src/app/components/screens/OverviewScreen.tsx","694","74","direct"
"--font-display","fontFamily","components/screens/OverviewScreen","apps/web/src/app/components/screens/OverviewScreen.tsx","696","34","direct"
"--weight-semibold","fontWeight","components/screens/OverviewScreen","apps/web/src/app/components/screens/OverviewScreen.tsx","697","34","direct"
"--leading-snug","lineHeight","components/screens/OverviewScreen","apps/web/src/app/components/screens/OverviewScreen.tsx","698","34","direct"
"--font-body","fontFamily","components/screens/OverviewScreen","apps/web/src/app/components/screens/OverviewScreen.tsx","707","34","direct"
"--type-caption","fontSize","components/screens/OverviewScreen","apps/web/src/app/components/screens/OverviewScreen.tsx","708","32","direct"
"--weight-regular","fontWeight","components/screens/OverviewScreen","apps/web/src/app/components/screens/OverviewScreen.tsx","709","34","direct"
"--leading-normal","lineHeight","components/screens/OverviewScreen","apps/web/src/app/components/screens/OverviewScreen.tsx","710","34","direct"
"--text-farm","color","components/screens/OverviewScreen","apps/web/src/app/components/screens/OverviewScreen.tsx","711","29","direct"
"--border-sand","backgroundColor","components/screens/OverviewScreen","apps/web/src/app/components/screens/OverviewScreen.tsx","720","42","direct"
"--font-body","fontFamily","components/screens/OverviewScreen","apps/web/src/app/components/screens/OverviewScreen.tsx","738","34","direct"
"--type-filter-label","fontSize","components/screens/OverviewScreen","apps/web/src/app/components/screens/OverviewScreen.tsx","739","32","direct"
"--weight-bold","fontWeight","components/screens/OverviewScreen","apps/web/src/app/components/screens/OverviewScreen.tsx","740","34","direct"
"--leading-snug","lineHeight","components/screens/OverviewScreen","apps/web/src/app/components/screens/OverviewScreen.tsx","741","34","direct"
"--tracking-label","letterSpacing","components/screens/OverviewScreen","apps/web/src/app/components/screens/OverviewScreen.tsx","742","37","direct"
"--font-body","fontFamily","components/screens/OverviewScreen","apps/web/src/app/components/screens/OverviewScreen.tsx","757","34","direct"
"--type-filter-label","fontSize","components/screens/OverviewScreen","apps/web/src/app/components/screens/OverviewScreen.tsx","758","32","direct"
"--weight-bold","fontWeight","components/screens/OverviewScreen","apps/web/src/app/components/screens/OverviewScreen.tsx","759","34","direct"
"--leading-snug","lineHeight","components/screens/OverviewScreen","apps/web/src/app/components/screens/OverviewScreen.tsx","760","34","direct"
"--tracking-label","letterSpacing","components/screens/OverviewScreen","apps/web/src/app/components/screens/OverviewScreen.tsx","761","37","direct"
"--font-body","fontFamily","components/screens/OverviewScreen","apps/web/src/app/components/screens/OverviewScreen.tsx","783","36","direct"
"--type-body-sm","fontSize","components/screens/OverviewScreen","apps/web/src/app/components/screens/OverviewScreen.tsx","784","34","direct"
"--weight-bold","fontWeight","components/screens/OverviewScreen","apps/web/src/app/components/screens/OverviewScreen.tsx","785","36","direct"
"--leading-normal","lineHeight","components/screens/OverviewScreen","apps/web/src/app/components/screens/OverviewScreen.tsx","786","36","direct"
"--surface-page","backgroundColor","components/screens/OverviewScreen","apps/web/src/app/components/screens/OverviewScreen.tsx","799","43","direct"
"--status-success-fg","color","components/screens/OverviewScreen","apps/web/src/app/components/screens/OverviewScreen.tsx","804","42","direct"
"--type-caption","className","components/screens/OverviewScreen","apps/web/src/app/components/screens/OverviewScreen.tsx","807","45","direct"
"--type-body-sm","className","components/screens/OverviewScreen","apps/web/src/app/components/screens/OverviewScreen.tsx","807","77","direct"
"--font-body","fontFamily","components/screens/OverviewScreen","apps/web/src/app/components/screens/OverviewScreen.tsx","809","40","direct"
"--weight-medium","fontWeight","components/screens/OverviewScreen","apps/web/src/app/components/screens/OverviewScreen.tsx","810","40","direct"
"--leading-normal","lineHeight","components/screens/OverviewScreen","apps/web/src/app/components/screens/OverviewScreen.tsx","811","40","direct"
"--text-secondary","color","components/screens/OverviewScreen","apps/web/src/app/components/screens/OverviewScreen.tsx","812","35","direct"
"--font-body","fontFamily","components/screens/OverviewScreen","apps/web/src/app/components/screens/OverviewScreen.tsx","840","36","direct"
"--type-body-sm","fontSize","components/screens/OverviewScreen","apps/web/src/app/components/screens/OverviewScreen.tsx","841","34","direct"
"--weight-bold","fontWeight","components/screens/OverviewScreen","apps/web/src/app/components/screens/OverviewScreen.tsx","842","36","direct"
"--leading-normal","lineHeight","components/screens/OverviewScreen","apps/web/src/app/components/screens/OverviewScreen.tsx","843","36","direct"
"--surface-page","backgroundColor","components/screens/OverviewScreen","apps/web/src/app/components/screens/OverviewScreen.tsx","856","43","direct"
"--status-success-fg","color","components/screens/OverviewScreen","apps/web/src/app/components/screens/OverviewScreen.tsx","861","42","direct"
"--type-caption","className","components/screens/OverviewScreen","apps/web/src/app/components/screens/OverviewScreen.tsx","864","45","direct"
"--type-body-sm","className","components/screens/OverviewScreen","apps/web/src/app/components/screens/OverviewScreen.tsx","864","77","direct"
"--font-body","fontFamily","components/screens/OverviewScreen","apps/web/src/app/components/screens/OverviewScreen.tsx","866","40","direct"
"--weight-medium","fontWeight","components/screens/OverviewScreen","apps/web/src/app/components/screens/OverviewScreen.tsx","867","40","direct"
"--leading-normal","lineHeight","components/screens/OverviewScreen","apps/web/src/app/components/screens/OverviewScreen.tsx","868","40","direct"
"--text-secondary","color","components/screens/OverviewScreen","apps/web/src/app/components/screens/OverviewScreen.tsx","869","35","direct"
"--surface-app","backgroundColor","components/screens/SettingsScreen","apps/web/src/app/components/screens/SettingsScreen.tsx","116","33","direct"
"--border-width-hairline","border","components/screens/SettingsScreen","apps/web/src/app/components/screens/SettingsScreen.tsx","139","24","direct"
"--mobile-bottom-nav-clearance","className","components/screens/SettingsScreen","apps/web/src/app/components/screens/SettingsScreen.tsx","199","44","direct"
"--brand-primary-soft","className","components/screens/SettingsScreen","apps/web/src/app/components/screens/SettingsScreen.tsx","202","34","direct"
"--surface-card","backgroundColor","components/screens/SettingsScreen","apps/web/src/app/components/screens/SettingsScreen.tsx","206","24","direct"
"--scrim-card","backgroundColor","components/screens/SettingsScreen","apps/web/src/app/components/screens/SettingsScreen.tsx","207","24","direct"
"--border-width-hairline","borderTop","components/screens/SettingsScreen","apps/web/src/app/components/screens/SettingsScreen.tsx","209","31","direct"
"--brand-primary-soft","borderTop","components/screens/SettingsScreen","apps/web/src/app/components/screens/SettingsScreen.tsx","209","79","direct"
"--type-body-sm","fontSize","components/screens/SettingsScreen","apps/web/src/app/components/screens/SettingsScreen.tsx","214","53","direct"
"--control-height-mobile","className","components/screens/SettingsScreen","apps/web/src/app/components/screens/SettingsScreen.tsx","229","35","direct"
"--control-height-toolbar","className","components/screens/SettingsScreen","apps/web/src/app/components/screens/SettingsScreen.tsx","229","71","direct"
"--control-height-mobile","className","components/screens/SettingsScreen","apps/web/src/app/components/screens/SettingsScreen.tsx","236","35","direct"
"--control-height-toolbar","className","components/screens/SettingsScreen","apps/web/src/app/components/screens/SettingsScreen.tsx","236","71","direct"
"--on-brand","color","components/screens/SettingsScreen","apps/web/src/app/components/screens/SettingsScreen.tsx","239","31","direct"
"--brand-primary","RUST","components/screens/TrendsScreen","apps/web/src/app/components/screens/TrendsScreen.tsx","78","19","component constant"
"--surface-subtle","CARD","components/screens/TrendsScreen","apps/web/src/app/components/screens/TrendsScreen.tsx","79","19","component constant"
"--surface-card","SURFACE","components/screens/TrendsScreen","apps/web/src/app/components/screens/TrendsScreen.tsx","80","22","component constant"
"--border-default","BORDER","components/screens/TrendsScreen","apps/web/src/app/components/screens/TrendsScreen.tsx","81","21","component constant"
"--text-primary","TEXT","components/screens/TrendsScreen","apps/web/src/app/components/screens/TrendsScreen.tsx","82","19","component constant"
"--text-secondary","MUTED","components/screens/TrendsScreen","apps/web/src/app/components/screens/TrendsScreen.tsx","83","20","component constant"
"--status-success-fg","OK","components/screens/TrendsScreen","apps/web/src/app/components/screens/TrendsScreen.tsx","84","17","component constant"
"--status-success-bg","OK_BG","components/screens/TrendsScreen","apps/web/src/app/components/screens/TrendsScreen.tsx","85","20","component constant"
"--status-warning-fg","WARN","components/screens/TrendsScreen","apps/web/src/app/components/screens/TrendsScreen.tsx","86","19","component constant"
"--status-warning-bg","WARN_BG","components/screens/TrendsScreen","apps/web/src/app/components/screens/TrendsScreen.tsx","87","22","component constant"
"--chart-target-band","TARGET_BAND_COLOR","components/screens/TrendsScreen","apps/web/src/app/components/screens/TrendsScreen.tsx","92","22","component constant"
"--input-border","borderColor","components/screens/TrendsScreen","apps/web/src/app/components/screens/TrendsScreen.tsx","96","21","direct"
"--surface-tile","backgroundColor","components/screens/TrendsScreen","apps/web/src/app/components/screens/TrendsScreen.tsx","97","25","direct"
"--input-border","borderColor","components/screens/TrendsScreen","apps/web/src/app/components/screens/TrendsScreen.tsx","101","21","direct"
"--font-body","fontFamily","components/screens/TrendsScreen","apps/web/src/app/components/screens/TrendsScreen.tsx","106","20","direct"
"--type-body-sm","fontSize","components/screens/TrendsScreen","apps/web/src/app/components/screens/TrendsScreen.tsx","107","18","direct"
"--weight-semibold","fontWeight","components/screens/TrendsScreen","apps/web/src/app/components/screens/TrendsScreen.tsx","108","20","direct"
"--leading-normal","lineHeight","components/screens/TrendsScreen","apps/web/src/app/components/screens/TrendsScreen.tsx","109","20","direct"
"--type-filter-value","fontSize","components/screens/TrendsScreen","apps/web/src/app/components/screens/TrendsScreen.tsx","113","18","direct"
"--chart-series-","CHAMBER_COLORS","components/screens/TrendsScreen","apps/web/src/app/components/screens/TrendsScreen.tsx","130","24","component constant"
"--surface-tooltip","backgroundColor","components/screens/TrendsScreen","apps/web/src/app/components/screens/TrendsScreen.tsx","247","33","direct"
"--on-brand","color","components/screens/TrendsScreen","apps/web/src/app/components/screens/TrendsScreen.tsx","248","23","direct"
"--font-body","fontFamily","components/screens/TrendsScreen","apps/web/src/app/components/screens/TrendsScreen.tsx","249","28","direct"
"--type-body","fontSize","components/screens/TrendsScreen","apps/web/src/app/components/screens/TrendsScreen.tsx","254","28","direct"
"--weight-bold","fontWeight","components/screens/TrendsScreen","apps/web/src/app/components/screens/TrendsScreen.tsx","255","30","direct"
"--leading-snug","lineHeight","components/screens/TrendsScreen","apps/web/src/app/components/screens/TrendsScreen.tsx","256","30","direct"
"--type-label","fontSize","components/screens/TrendsScreen","apps/web/src/app/components/screens/TrendsScreen.tsx","267","30","direct"
"--weight-semibold","fontWeight","components/screens/TrendsScreen","apps/web/src/app/components/screens/TrendsScreen.tsx","268","32","direct"
"--tracking-label","letterSpacing","components/screens/TrendsScreen","apps/web/src/app/components/screens/TrendsScreen.tsx","269","35","direct"
"--text-on-dark-muted","color","components/screens/TrendsScreen","apps/web/src/app/components/screens/TrendsScreen.tsx","270","27","direct"
"--surface-card","className","components/screens/TrendsScreen","apps/web/src/app/components/screens/TrendsScreen.tsx","282","58","direct"
"--font-body","fontFamily","components/screens/TrendsScreen","apps/web/src/app/components/screens/TrendsScreen.tsx","286","26","direct"
"--type-body-sm","fontSize","components/screens/TrendsScreen","apps/web/src/app/components/screens/TrendsScreen.tsx","297","28","direct"
"--weight-bold","fontWeight","components/screens/TrendsScreen","apps/web/src/app/components/screens/TrendsScreen.tsx","298","30","direct"
"--type-caption","fontSize","components/screens/TrendsScreen","apps/web/src/app/components/screens/TrendsScreen.tsx","307","49","direct"
"--type-caption","fontSize","components/screens/TrendsScreen","apps/web/src/app/components/screens/TrendsScreen.tsx","317","55","direct"
"--type-body","fontSize","components/screens/TrendsScreen","apps/web/src/app/components/screens/TrendsScreen.tsx","322","30","direct"
"--weight-bold","fontWeight","components/screens/TrendsScreen","apps/web/src/app/components/screens/TrendsScreen.tsx","323","32","direct"
"--text-muted","className","components/screens/TrendsScreen","apps/web/src/app/components/screens/TrendsScreen.tsx","331","48","direct"
"--type-caption","fontSize","components/screens/TrendsScreen","apps/web/src/app/components/screens/TrendsScreen.tsx","337","57","direct"
"--type-caption","fontSize","components/screens/TrendsScreen","apps/web/src/app/components/screens/TrendsScreen.tsx","343","32","direct"
"--weight-semibold","fontWeight","components/screens/TrendsScreen","apps/web/src/app/components/screens/TrendsScreen.tsx","344","34","direct"
"--radius-card","borderRadius","components/screens/TrendsScreen","apps/web/src/app/components/screens/TrendsScreen.tsx","604","24","direct"
"--shadow-card","boxShadow","components/screens/TrendsScreen","apps/web/src/app/components/screens/TrendsScreen.tsx","605","21","direct"
"--surface-app","backgroundColor","components/screens/TrendsScreen","apps/web/src/app/components/screens/TrendsScreen.tsx","614","33","direct"
"--font-display","fontFamily","components/screens/TrendsScreen","apps/web/src/app/components/screens/TrendsScreen.tsx","638","36","direct"
"--type-body-sm","fontSize","components/screens/TrendsScreen","apps/web/src/app/components/screens/TrendsScreen.tsx","639","34","direct"
"--weight-extrabold","fontWeight","components/screens/TrendsScreen","apps/web/src/app/components/screens/TrendsScreen.tsx","640","36","direct"
"--leading-snug","lineHeight","components/screens/TrendsScreen","apps/web/src/app/components/screens/TrendsScreen.tsx","641","36","direct"
"--type-filter-label","fontSize","components/screens/TrendsScreen","apps/web/src/app/components/screens/TrendsScreen.tsx","649","34","direct"
"--leading-normal","lineHeight","components/screens/TrendsScreen","apps/web/src/app/components/screens/TrendsScreen.tsx","650","36","direct"
"--font-body","fontFamily","components/screens/TrendsScreen","apps/web/src/app/components/screens/TrendsScreen.tsx","686","38","direct"
"--type-filter-label","fontSize","components/screens/TrendsScreen","apps/web/src/app/components/screens/TrendsScreen.tsx","687","36","direct"
"--weight-bold","fontWeight","components/screens/TrendsScreen","apps/web/src/app/components/screens/TrendsScreen.tsx","688","38","direct"
"--leading-snug","lineHeight","components/screens/TrendsScreen","apps/web/src/app/components/screens/TrendsScreen.tsx","689","38","direct"
"--tracking-label","letterSpacing","components/screens/TrendsScreen","apps/web/src/app/components/screens/TrendsScreen.tsx","690","41","direct"
"--control-height-mobile","className","components/screens/TrendsScreen","apps/web/src/app/components/screens/TrendsScreen.tsx","719","39","direct"
"--trends-selector-width","className","components/screens/TrendsScreen","apps/web/src/app/components/screens/TrendsScreen.tsx","719","101","direct"
"--control-height-default","className","components/screens/TrendsScreen","apps/web/src/app/components/screens/TrendsScreen.tsx","746","46","direct"
"--surface-subtle","className","components/screens/TrendsScreen","apps/web/src/app/components/screens/TrendsScreen.tsx","746","218","direct"
"--focus-ring-width","className","components/screens/TrendsScreen","apps/web/src/app/components/screens/TrendsScreen.tsx","746","295","direct"
"--ring","className","components/screens/TrendsScreen","apps/web/src/app/components/screens/TrendsScreen.tsx","746","340","direct"
"--control-height-toolbar","className","components/screens/TrendsScreen","apps/web/src/app/components/screens/TrendsScreen.tsx","746","387","direct"
"--trends-selector-width","className","components/screens/TrendsScreen","apps/web/src/app/components/screens/TrendsScreen.tsx","746","424","direct"
"--font-body","fontFamily","components/screens/TrendsScreen","apps/web/src/app/components/screens/TrendsScreen.tsx","749","42","direct"
"--type-filter-value","fontSize","components/screens/TrendsScreen","apps/web/src/app/components/screens/TrendsScreen.tsx","750","40","direct"
"--weight-bold","fontWeight","components/screens/TrendsScreen","apps/web/src/app/components/screens/TrendsScreen.tsx","751","42","direct"
"--leading-normal","lineHeight","components/screens/TrendsScreen","apps/web/src/app/components/screens/TrendsScreen.tsx","752","42","direct"
"--border-width-hairline","border","components/screens/TrendsScreen","apps/web/src/app/components/screens/TrendsScreen.tsx","753","38","direct"
"--border-width-hairline","borderBottom","components/screens/TrendsScreen","apps/web/src/app/components/screens/TrendsScreen.tsx","769","44","direct"
"--control-height-mobile","className","components/screens/TrendsScreen","apps/web/src/app/components/screens/TrendsScreen.tsx","841","46","direct"
"--surface-muted","className","components/screens/TrendsScreen","apps/web/src/app/components/screens/TrendsScreen.tsx","841","170","direct"
"--ring","className","components/screens/TrendsScreen","apps/web/src/app/components/screens/TrendsScreen.tsx","841","260","direct"
"--control-height-compact","className","components/screens/TrendsScreen","apps/web/src/app/components/screens/TrendsScreen.tsx","841","311","direct"
"--brand-primary","color","components/screens/TrendsScreen","apps/web/src/app/components/screens/TrendsScreen.tsx","843","33","direct"
"--font-body","fontFamily","components/screens/TrendsScreen","apps/web/src/app/components/screens/TrendsScreen.tsx","844","38","direct"
"--type-caption","fontSize","components/screens/TrendsScreen","apps/web/src/app/components/screens/TrendsScreen.tsx","845","36","direct"
"--weight-bold","fontWeight","components/screens/TrendsScreen","apps/web/src/app/components/screens/TrendsScreen.tsx","846","38","direct"
"--border-width-hairline","borderTop","components/screens/TrendsScreen","apps/web/src/app/components/screens/TrendsScreen.tsx","860","33","direct"
"--text-muted","className","components/screens/TrendsScreen","apps/web/src/app/components/screens/TrendsScreen.tsx","875","50","direct"
"--text-secondary","className","components/screens/TrendsScreen","apps/web/src/app/components/screens/TrendsScreen.tsx","881","61","direct"
"--text-secondary","className","components/screens/TrendsScreen","apps/web/src/app/components/screens/TrendsScreen.tsx","891","49","direct"
"--text-secondary","className","components/screens/TrendsScreen","apps/web/src/app/components/screens/TrendsScreen.tsx","907","61","direct"
"--font-display","fontFamily","components/screens/TrendsScreen","apps/web/src/app/components/screens/TrendsScreen.tsx","924","44","direct"
"--type-heading-md","fontSize","components/screens/TrendsScreen","apps/web/src/app/components/screens/TrendsScreen.tsx","925","42","direct"
"--weight-bold","fontWeight","components/screens/TrendsScreen","apps/web/src/app/components/screens/TrendsScreen.tsx","926","44","direct"
"--leading-snug","lineHeight","components/screens/TrendsScreen","apps/web/src/app/components/screens/TrendsScreen.tsx","927","44","direct"
"--font-body","fontFamily","components/screens/TrendsScreen","apps/web/src/app/components/screens/TrendsScreen.tsx","935","44","direct"
"--type-caption","fontSize","components/screens/TrendsScreen","apps/web/src/app/components/screens/TrendsScreen.tsx","936","42","direct"
"--weight-semibold","fontWeight","components/screens/TrendsScreen","apps/web/src/app/components/screens/TrendsScreen.tsx","937","44","direct"
"--leading-normal","lineHeight","components/screens/TrendsScreen","apps/web/src/app/components/screens/TrendsScreen.tsx","938","44","direct"
"--font-body","fontFamily","components/screens/TrendsScreen","apps/web/src/app/components/screens/TrendsScreen.tsx","962","48","direct"
"--type-filter-label","fontSize","components/screens/TrendsScreen","apps/web/src/app/components/screens/TrendsScreen.tsx","963","46","direct"
"--weight-bold","fontWeight","components/screens/TrendsScreen","apps/web/src/app/components/screens/TrendsScreen.tsx","964","48","direct"
"--leading-snug","lineHeight","components/screens/TrendsScreen","apps/web/src/app/components/screens/TrendsScreen.tsx","965","48","direct"
"--tracking-label","letterSpacing","components/screens/TrendsScreen","apps/web/src/app/components/screens/TrendsScreen.tsx","966","51","direct"
"--font-body","fontFamily","components/screens/TrendsScreen","apps/web/src/app/components/screens/TrendsScreen.tsx","981","40","direct"
"--type-label","fontSize","components/screens/TrendsScreen","apps/web/src/app/components/screens/TrendsScreen.tsx","982","38","direct"
"--weight-semibold","fontWeight","components/screens/TrendsScreen","apps/web/src/app/components/screens/TrendsScreen.tsx","983","40","direct"
"--tracking-label","letterSpacing","components/screens/TrendsScreen","apps/web/src/app/components/screens/TrendsScreen.tsx","984","43","direct"
"--leading-snug","lineHeight","components/screens/TrendsScreen","apps/web/src/app/components/screens/TrendsScreen.tsx","985","40","direct"
"--control-height-mobile","className","components/screens/TrendsScreen","apps/web/src/app/components/screens/TrendsScreen.tsx","997","48","direct"
"--surface-muted","className","components/screens/TrendsScreen","apps/web/src/app/components/screens/TrendsScreen.tsx","997","218","direct"
"--ring","className","components/screens/TrendsScreen","apps/web/src/app/components/screens/TrendsScreen.tsx","997","308","direct"
"--font-body","fontFamily","components/screens/TrendsScreen","apps/web/src/app/components/screens/TrendsScreen.tsx","999","44","direct"
"--type-label","fontSize","components/screens/TrendsScreen","apps/web/src/app/components/screens/TrendsScreen.tsx","1000","42","direct"
"--weight-semibold","fontWeight","components/screens/TrendsScreen","apps/web/src/app/components/screens/TrendsScreen.tsx","1001","44","direct"
"--tracking-label","letterSpacing","components/screens/TrendsScreen","apps/web/src/app/components/screens/TrendsScreen.tsx","1002","47","direct"
"--leading-snug","lineHeight","components/screens/TrendsScreen","apps/web/src/app/components/screens/TrendsScreen.tsx","1003","44","direct"
"--trends-chart-height-mobile","className","components/screens/TrendsScreen","apps/web/src/app/components/screens/TrendsScreen.tsx","1027","40","direct"
"--trends-chart-height-tablet","className","components/screens/TrendsScreen","apps/web/src/app/components/screens/TrendsScreen.tsx","1027","110","direct"
"--trends-chart-height-desktop","className","components/screens/TrendsScreen","apps/web/src/app/components/screens/TrendsScreen.tsx","1027","159","direct"
"--chart-grid","stroke","components/screens/TrendsScreen","apps/web/src/app/components/screens/TrendsScreen.tsx","1070","35","direct"
"--font-body","fontFamily","components/screens/TrendsScreen","apps/web/src/app/components/screens/TrendsScreen.tsx","1082","42","direct"
"--type-label","fontSize","components/screens/TrendsScreen","apps/web/src/app/components/screens/TrendsScreen.tsx","1083","40","direct"
"--weight-medium","fontWeight","components/screens/TrendsScreen","apps/web/src/app/components/screens/TrendsScreen.tsx","1084","42","direct"
"--input-border","stroke","components/screens/TrendsScreen","apps/web/src/app/components/screens/TrendsScreen.tsx","1087","48","direct"
"--font-body","fontFamily","components/screens/TrendsScreen","apps/web/src/app/components/screens/TrendsScreen.tsx","1098","42","direct"
"--type-label","fontSize","components/screens/TrendsScreen","apps/web/src/app/components/screens/TrendsScreen.tsx","1099","40","direct"
"--weight-medium","fontWeight","components/screens/TrendsScreen","apps/web/src/app/components/screens/TrendsScreen.tsx","1100","42","direct"
"--font-body","fontFamily","components/screens/TrendsScreen","apps/web/src/app/components/screens/TrendsScreen.tsx","1118","48","direct"
"--type-label","fontSize","components/screens/TrendsScreen","apps/web/src/app/components/screens/TrendsScreen.tsx","1119","46","direct"
"--weight-semibold","fontWeight","components/screens/TrendsScreen","apps/web/src/app/components/screens/TrendsScreen.tsx","1120","48","direct"
"--input-border","stroke","components/screens/TrendsScreen","apps/web/src/app/components/screens/TrendsScreen.tsx","1126","46","direct"
"--chart-target-band","stroke","components/screens/TrendsScreen","apps/web/src/app/components/screens/TrendsScreen.tsx","1194","37","direct"
"--text-primary","accentBar","components/screens/TrendsScreen","apps/web/src/app/components/screens/TrendsScreen.tsx","1256","34","direct"
"--text-primary","accentBar","components/screens/TrendsScreen","apps/web/src/app/components/screens/TrendsScreen.tsx","1273","34","direct"
"--control-height-mobile","className","components/screens/TrendsScreen","apps/web/src/app/components/screens/TrendsScreen.tsx","1297","41","direct"
"--control-height-toolbar","className","components/screens/TrendsScreen","apps/web/src/app/components/screens/TrendsScreen.tsx","1297","93","direct"
"--type-filter-value","fontSize","components/screens/TrendsScreen","apps/web/src/app/components/screens/TrendsScreen.tsx","1300","40","direct"
"--radius-dialog","className","components/screens/TrendsScreen","apps/web/src/app/components/screens/TrendsScreen.tsx","1372","71","direct"
"--surface-card","backgroundColor","components/screens/TrendsScreen","apps/web/src/app/components/screens/TrendsScreen.tsx","1374","51","direct"
"--font-display","fontFamily","components/screens/TrendsScreen","apps/web/src/app/components/screens/TrendsScreen.tsx","1383","52","direct"
"--type-heading-sm","fontSize","components/screens/TrendsScreen","apps/web/src/app/components/screens/TrendsScreen.tsx","1384","50","direct"
"--weight-bold","fontWeight","components/screens/TrendsScreen","apps/web/src/app/components/screens/TrendsScreen.tsx","1385","52","direct"
"--wash-brand-soft","backgroundColor","components/screens/TrendsScreen","apps/web/src/app/components/screens/TrendsScreen.tsx","1396","59","direct"
"--weight-semibold","fontWeight","components/screens/TrendsScreen","apps/web/src/app/components/screens/TrendsScreen.tsx","1398","54","direct"
"--type-label","fontSize","components/screens/TrendsScreen","apps/web/src/app/components/screens/TrendsScreen.tsx","1399","52","direct"
"--font-body","fontFamily","components/screens/TrendsScreen","apps/web/src/app/components/screens/TrendsScreen.tsx","1407","54","direct"
"--type-caption","fontSize","components/screens/TrendsScreen","apps/web/src/app/components/screens/TrendsScreen.tsx","1408","52","direct"
"--weight-extrabold","fontWeight","components/screens/TrendsScreen","apps/web/src/app/components/screens/TrendsScreen.tsx","1422","50","direct"
"--type-body-sm","fontSize","components/screens/TrendsScreen","apps/web/src/app/components/screens/TrendsScreen.tsx","1423","48","direct"
"--radius-dialog","className","components/screens/TrendsScreen","apps/web/src/app/components/screens/TrendsScreen.tsx","1432","76","direct"
"--surface-tile","backgroundColor","components/screens/TrendsScreen","apps/web/src/app/components/screens/TrendsScreen.tsx","1433","60","direct"
"--type-label-compact","fontSize","components/screens/TrendsScreen","apps/web/src/app/components/screens/TrendsScreen.tsx","1438","50","direct"
"--text-muted","color","components/screens/TrendsScreen","apps/web/src/app/components/screens/TrendsScreen.tsx","1439","47","direct"
"--weight-bold","fontWeight","components/screens/TrendsScreen","apps/web/src/app/components/screens/TrendsScreen.tsx","1440","52","direct"
"--tracking-label","letterSpacing","components/screens/TrendsScreen","apps/web/src/app/components/screens/TrendsScreen.tsx","1442","55","direct"
"--type-heading-sm","fontSize","components/screens/TrendsScreen","apps/web/src/app/components/screens/TrendsScreen.tsx","1449","50","direct"
"--weight-bold","fontWeight","components/screens/TrendsScreen","apps/web/src/app/components/screens/TrendsScreen.tsx","1450","52","direct"
"--type-label-compact","fontSize","components/screens/TrendsScreen","apps/web/src/app/components/screens/TrendsScreen.tsx","1461","50","direct"
"--text-muted","color","components/screens/TrendsScreen","apps/web/src/app/components/screens/TrendsScreen.tsx","1462","47","direct"
"--weight-bold","fontWeight","components/screens/TrendsScreen","apps/web/src/app/components/screens/TrendsScreen.tsx","1463","52","direct"
"--tracking-label","letterSpacing","components/screens/TrendsScreen","apps/web/src/app/components/screens/TrendsScreen.tsx","1465","55","direct"
"--type-heading-sm","fontSize","components/screens/TrendsScreen","apps/web/src/app/components/screens/TrendsScreen.tsx","1472","50","direct"
"--weight-bold","fontWeight","components/screens/TrendsScreen","apps/web/src/app/components/screens/TrendsScreen.tsx","1473","52","direct"
"--type-label-compact","fontSize","components/screens/TrendsScreen","apps/web/src/app/components/screens/TrendsScreen.tsx","1484","50","direct"
"--text-muted","color","components/screens/TrendsScreen","apps/web/src/app/components/screens/TrendsScreen.tsx","1485","47","direct"
"--weight-bold","fontWeight","components/screens/TrendsScreen","apps/web/src/app/components/screens/TrendsScreen.tsx","1486","52","direct"
"--tracking-label","letterSpacing","components/screens/TrendsScreen","apps/web/src/app/components/screens/TrendsScreen.tsx","1488","55","direct"
"--type-heading-sm","fontSize","components/screens/TrendsScreen","apps/web/src/app/components/screens/TrendsScreen.tsx","1495","50","direct"
"--weight-bold","fontWeight","components/screens/TrendsScreen","apps/web/src/app/components/screens/TrendsScreen.tsx","1496","52","direct"
"--text-secondary","color","components/screens/TrendsScreen","apps/web/src/app/components/screens/TrendsScreen.tsx","1499","46","direct"
"--text-muted","color","components/screens/TrendsScreen","apps/web/src/app/components/screens/TrendsScreen.tsx","1500","46","direct"
"--radius-dialog","className","components/screens/TrendsScreen","apps/web/src/app/components/screens/TrendsScreen.tsx","1514","65","direct"
"--surface-card","backgroundColor","components/screens/TrendsScreen","apps/web/src/app/components/screens/TrendsScreen.tsx","1517","47","direct"
"--type-body-sm","fontSize","components/screens/TrendsScreen","apps/web/src/app/components/screens/TrendsScreen.tsx","1523","42","direct"
"--radius-dialog","className","components/screens/TrendsScreen","apps/web/src/app/components/screens/TrendsScreen.tsx","1534","63","direct"
"--surface-card","backgroundColor","components/screens/TrendsScreen","apps/web/src/app/components/screens/TrendsScreen.tsx","1536","47","direct"
"--radius-dialog","className","components/screens/TrendsScreen","apps/web/src/app/components/screens/TrendsScreen.tsx","1559","72","direct"
"--readings-list-height","className","components/screens/TrendsScreen","apps/web/src/app/components/screens/TrendsScreen.tsx","1565","42","direct"
"--readings-table-min-width","className","components/screens/TrendsScreen","apps/web/src/app/components/screens/TrendsScreen.tsx","1566","50","direct"
"--surface-tile","backgroundColor","components/screens/TrendsScreen","apps/web/src/app/components/screens/TrendsScreen.tsx","1569","56","direct"
"--text-muted","color","components/screens/TrendsScreen","apps/web/src/app/components/screens/TrendsScreen.tsx","1576","45","direct"
"--font-body","fontFamily","components/screens/TrendsScreen","apps/web/src/app/components/screens/TrendsScreen.tsx","1577","50","direct"
"--type-label","fontSize","components/screens/TrendsScreen","apps/web/src/app/components/screens/TrendsScreen.tsx","1578","48","direct"
"--weight-bold","fontWeight","components/screens/TrendsScreen","apps/web/src/app/components/screens/TrendsScreen.tsx","1579","50","direct"
"--tracking-label","letterSpacing","components/screens/TrendsScreen","apps/web/src/app/components/screens/TrendsScreen.tsx","1580","53","direct"
"--leading-snug","lineHeight","components/screens/TrendsScreen","apps/web/src/app/components/screens/TrendsScreen.tsx","1581","50","direct"
"--text-muted","color","components/screens/TrendsScreen","apps/web/src/app/components/screens/TrendsScreen.tsx","1593","45","direct"
"--font-body","fontFamily","components/screens/TrendsScreen","apps/web/src/app/components/screens/TrendsScreen.tsx","1594","50","direct"
"--type-label","fontSize","components/screens/TrendsScreen","apps/web/src/app/components/screens/TrendsScreen.tsx","1595","48","direct"
"--weight-bold","fontWeight","components/screens/TrendsScreen","apps/web/src/app/components/screens/TrendsScreen.tsx","1596","50","direct"
"--tracking-label","letterSpacing","components/screens/TrendsScreen","apps/web/src/app/components/screens/TrendsScreen.tsx","1597","53","direct"
"--leading-snug","lineHeight","components/screens/TrendsScreen","apps/web/src/app/components/screens/TrendsScreen.tsx","1598","50","direct"
"--type-body","fontSize","components/screens/TrendsScreen","apps/web/src/app/components/screens/TrendsScreen.tsx","1617","50","direct"
"--leading-normal","lineHeight","components/screens/TrendsScreen","apps/web/src/app/components/screens/TrendsScreen.tsx","1618","52","direct"
"--weight-bold","fontWeight","components/screens/TrendsScreen","apps/web/src/app/components/screens/TrendsScreen.tsx","1619","52","direct"
"--wash-brand-soft","backgroundColor","components/screens/TrendsScreen","apps/web/src/app/components/screens/TrendsScreen.tsx","1629","59","direct"
"--weight-semibold","fontWeight","components/screens/TrendsScreen","apps/web/src/app/components/screens/TrendsScreen.tsx","1631","54","direct"
"--type-body-sm","fontSize","components/screens/TrendsScreen","apps/web/src/app/components/screens/TrendsScreen.tsx","1632","52","direct"
"--font-body","fontFamily","components/screens/TrendsScreen","apps/web/src/app/components/screens/TrendsScreen.tsx","1641","52","direct"
"--type-body-sm","fontSize","components/screens/TrendsScreen","apps/web/src/app/components/screens/TrendsScreen.tsx","1642","50","direct"
"--leading-normal","lineHeight","components/screens/TrendsScreen","apps/web/src/app/components/screens/TrendsScreen.tsx","1643","52","direct"
"--type-body","fontSize","components/screens/TrendsScreen","apps/web/src/app/components/screens/TrendsScreen.tsx","1652","50","direct"
"--leading-normal","lineHeight","components/screens/TrendsScreen","apps/web/src/app/components/screens/TrendsScreen.tsx","1653","52","direct"
"--type-body","fontSize","components/screens/TrendsScreen","apps/web/src/app/components/screens/TrendsScreen.tsx","1661","50","direct"
"--leading-normal","lineHeight","components/screens/TrendsScreen","apps/web/src/app/components/screens/TrendsScreen.tsx","1662","52","direct"
"--weight-bold","fontWeight","components/screens/TrendsScreen","apps/web/src/app/components/screens/TrendsScreen.tsx","1673","54","direct"
"--type-body-sm","fontSize","components/screens/TrendsScreen","apps/web/src/app/components/screens/TrendsScreen.tsx","1674","52","direct"
"--type-body-sm","fontSize","components/screens/TrendsScreen","apps/web/src/app/components/screens/TrendsScreen.tsx","1692","48","direct"
"--border-width-hairline","borderBottom","components/settings/FarmAccountPanel","apps/web/src/app/components/settings/FarmAccountPanel.tsx","59","37","direct"
"--on-brand","color","components/settings/FarmAccountPanel","apps/web/src/app/components/settings/FarmAccountPanel.tsx","67","25","direct"
"--type-heading-lg","fontSize","components/settings/FarmAccountPanel","apps/web/src/app/components/settings/FarmAccountPanel.tsx","68","28","direct"
"--weight-bold","fontWeight","components/settings/FarmAccountPanel","apps/web/src/app/components/settings/FarmAccountPanel.tsx","69","30","direct"
"--font-display","fontFamily","components/settings/FarmAccountPanel","apps/web/src/app/components/settings/FarmAccountPanel.tsx","78","32","direct"
"--type-heading-sm","fontSize","components/settings/FarmAccountPanel","apps/web/src/app/components/settings/FarmAccountPanel.tsx","79","30","direct"
"--weight-bold","fontWeight","components/settings/FarmAccountPanel","apps/web/src/app/components/settings/FarmAccountPanel.tsx","80","32","direct"
"--type-body-sm","fontSize","components/settings/FarmAccountPanel","apps/web/src/app/components/settings/FarmAccountPanel.tsx","90","30","direct"
"--type-caption","fontSize","components/settings/HardwarePanel","apps/web/src/app/components/settings/HardwarePanel.tsx","89","59","direct"
"--radius-compact","className","components/settings/HardwarePanel","apps/web/src/app/components/settings/HardwarePanel.tsx","107","75","direct"
"--border-width-hairline","border","components/settings/HardwarePanel","apps/web/src/app/components/settings/HardwarePanel.tsx","109","34","direct"
"--wash-brand-10","backgroundColor","components/settings/HardwarePanel","apps/web/src/app/components/settings/HardwarePanel.tsx","118","32","direct"
"--surface-neutral","backgroundColor","components/settings/HardwarePanel","apps/web/src/app/components/settings/HardwarePanel.tsx","119","32","direct"
"--type-body","fontSize","components/settings/HardwarePanel","apps/web/src/app/components/settings/HardwarePanel.tsx","133","40","direct"
"--weight-semibold","fontWeight","components/settings/HardwarePanel","apps/web/src/app/components/settings/HardwarePanel.tsx","134","42","direct"
"--type-caption","fontSize","components/settings/HardwarePanel","apps/web/src/app/components/settings/HardwarePanel.tsx","142","47","direct"
"--type-caption","fontSize","components/settings/HardwarePanel","apps/web/src/app/components/settings/HardwarePanel.tsx","149","45","direct"
"--status-success-bg","backgroundColor","components/settings/HardwarePanel","apps/web/src/app/components/settings/HardwarePanel.tsx","164","32","direct"
"--surface-neutral","backgroundColor","components/settings/HardwarePanel","apps/web/src/app/components/settings/HardwarePanel.tsx","165","32","direct"
"--status-success-fg","color","components/settings/HardwarePanel","apps/web/src/app/components/settings/HardwarePanel.tsx","166","44","direct"
"--type-label","fontSize","components/settings/HardwarePanel","apps/web/src/app/components/settings/HardwarePanel.tsx","167","38","direct"
"--weight-bold","fontWeight","components/settings/HardwarePanel","apps/web/src/app/components/settings/HardwarePanel.tsx","168","40","direct"
"--radius-dialog","className","components/settings/HardwarePanel","apps/web/src/app/components/settings/HardwarePanel.tsx","182","41","direct"
"--surface-app","backgroundColor","components/settings/HardwarePanel","apps/web/src/app/components/settings/HardwarePanel.tsx","184","41","direct"
"--border-width-hairline","border","components/settings/HardwarePanel","apps/web/src/app/components/settings/HardwarePanel.tsx","185","32","direct"
"--weight-bold","fontWeight","components/settings/HardwarePanel","apps/web/src/app/components/settings/HardwarePanel.tsx","190","38","direct"
"--font-display","fontFamily","components/settings/HardwarePanel","apps/web/src/app/components/settings/HardwarePanel.tsx","192","38","direct"
"--type-page-title","fontSize","components/settings/HardwarePanel","apps/web/src/app/components/settings/HardwarePanel.tsx","193","36","direct"
"--leading-snug","lineHeight","components/settings/HardwarePanel","apps/web/src/app/components/settings/HardwarePanel.tsx","194","38","direct"
"--radius-dialog","className","components/settings/HardwarePanel","apps/web/src/app/components/settings/HardwarePanel.tsx","220","37","direct"
"--border-width-hairline","border","components/settings/HardwarePanel","apps/web/src/app/components/settings/HardwarePanel.tsx","221","35","direct"
"--surface-tile","backgroundColor","components/settings/HardwarePanel","apps/web/src/app/components/settings/HardwarePanel.tsx","257","45","direct"
"--border-width-hairline","border","components/settings/HardwarePanel","apps/web/src/app/components/settings/HardwarePanel.tsx","259","36","direct"
"--radius-dialog","className","components/settings/HardwarePanel","apps/web/src/app/components/settings/HardwarePanel.tsx","284","37","direct"
"--border-width-hairline","border","components/settings/HardwarePanel","apps/web/src/app/components/settings/HardwarePanel.tsx","285","35","direct"
"--surface-tile","backgroundColor","components/settings/HardwarePanel","apps/web/src/app/components/settings/HardwarePanel.tsx","293","39","direct"
"--border-width-hairline","border","components/settings/HardwarePanel","apps/web/src/app/components/settings/HardwarePanel.tsx","294","30","direct"
"--status-info-fg","color","components/settings/HardwarePanel","apps/web/src/app/components/settings/HardwarePanel.tsx","300","38","direct"
"--type-caption","fontSize","components/settings/HardwarePanel","apps/web/src/app/components/settings/HardwarePanel.tsx","306","34","direct"
"--leading-snug","lineHeight","components/settings/HardwarePanel","apps/web/src/app/components/settings/HardwarePanel.tsx","307","36","direct"
"--input-border","borderColor","components/settings/HardwarePanel","apps/web/src/app/components/settings/HardwarePanel.tsx","326","43","direct"
"--text-muted","className","components/settings/HardwarePanel","apps/web/src/app/components/settings/HardwarePanel.tsx","334","88","direct"
"--text-primary","className","components/settings/HardwarePanel","apps/web/src/app/components/settings/HardwarePanel.tsx","334","137","direct"
"--type-control-value","fontSize","components/settings/HardwarePanel","apps/web/src/app/components/settings/HardwarePanel.tsx","350","42","direct"
"--text-muted","className","components/settings/HardwarePanel","apps/web/src/app/components/settings/HardwarePanel.tsx","364","88","direct"
"--text-primary","className","components/settings/HardwarePanel","apps/web/src/app/components/settings/HardwarePanel.tsx","364","137","direct"
"--surface-tile","backgroundColor","components/settings/HardwarePanel","apps/web/src/app/components/settings/HardwarePanel.tsx","375","47","direct"
"--type-caption","fontSize","components/settings/HardwarePanel","apps/web/src/app/components/settings/HardwarePanel.tsx","377","40","direct"
"--weight-bold","fontWeight","components/settings/HardwarePanel","apps/web/src/app/components/settings/HardwarePanel.tsx","378","42","direct"
"--border-width-hairline","border","components/settings/HardwarePanel","apps/web/src/app/components/settings/HardwarePanel.tsx","379","38","direct"
"--radius-dialog","className","components/settings/HardwarePanel","apps/web/src/app/components/settings/HardwarePanel.tsx","392","37","direct"
"--border-width-hairline","border","components/settings/HardwarePanel","apps/web/src/app/components/settings/HardwarePanel.tsx","393","35","direct"
"--surface-hover-cream","iconBtn","components/settings/ModeLibraryPanel","apps/web/src/app/components/settings/ModeLibraryPanel.tsx","418","137","component constant"
"--ring","iconBtn","components/settings/ModeLibraryPanel","apps/web/src/app/components/settings/ModeLibraryPanel.tsx","418","249","component constant"
"--wash-brand-12","backgroundColor","components/settings/ModeLibraryPanel","apps/web/src/app/components/settings/ModeLibraryPanel.tsx","503","33","direct"
"--font-body","fontFamily","components/settings/ModeLibraryPanel","apps/web/src/app/components/settings/ModeLibraryPanel.tsx","505","28","direct"
"--type-label","fontSize","components/settings/ModeLibraryPanel","apps/web/src/app/components/settings/ModeLibraryPanel.tsx","506","26","direct"
"--weight-bold","fontWeight","components/settings/ModeLibraryPanel","apps/web/src/app/components/settings/ModeLibraryPanel.tsx","507","28","direct"
"--tracking-label","letterSpacing","components/settings/ModeLibraryPanel","apps/web/src/app/components/settings/ModeLibraryPanel.tsx","508","31","direct"
"--leading-snug","lineHeight","components/settings/ModeLibraryPanel","apps/web/src/app/components/settings/ModeLibraryPanel.tsx","509","28","direct"
"--status-success-bg","backgroundColor","components/settings/ModeLibraryPanel","apps/web/src/app/components/settings/ModeLibraryPanel.tsx","518","33","direct"
"--status-success-fg","color","components/settings/ModeLibraryPanel","apps/web/src/app/components/settings/ModeLibraryPanel.tsx","519","23","direct"
"--font-body","fontFamily","components/settings/ModeLibraryPanel","apps/web/src/app/components/settings/ModeLibraryPanel.tsx","520","28","direct"
"--type-label","fontSize","components/settings/ModeLibraryPanel","apps/web/src/app/components/settings/ModeLibraryPanel.tsx","521","26","direct"
"--weight-bold","fontWeight","components/settings/ModeLibraryPanel","apps/web/src/app/components/settings/ModeLibraryPanel.tsx","522","28","direct"
"--tracking-label","letterSpacing","components/settings/ModeLibraryPanel","apps/web/src/app/components/settings/ModeLibraryPanel.tsx","523","31","direct"
"--leading-snug","lineHeight","components/settings/ModeLibraryPanel","apps/web/src/app/components/settings/ModeLibraryPanel.tsx","524","28","direct"
"--control-height-mobile","className","components/settings/ModeLibraryPanel","apps/web/src/app/components/settings/ModeLibraryPanel.tsx","553","31","direct"
"--control-height-toolbar","className","components/settings/ModeLibraryPanel","apps/web/src/app/components/settings/ModeLibraryPanel.tsx","553","90","direct"
"--type-filter-value","fontSize","components/settings/ModeLibraryPanel","apps/web/src/app/components/settings/ModeLibraryPanel.tsx","556","30","direct"
"--control-height-mobile","className","components/settings/ModeLibraryPanel","apps/web/src/app/components/settings/ModeLibraryPanel.tsx","574","31","direct"
"--control-height-default","className","components/settings/ModeLibraryPanel","apps/web/src/app/components/settings/ModeLibraryPanel.tsx","574","83","direct"
"--control-height-mobile","className","components/settings/ModeLibraryPanel","apps/web/src/app/components/settings/ModeLibraryPanel.tsx","582","31","direct"
"--control-height-default","className","components/settings/ModeLibraryPanel","apps/web/src/app/components/settings/ModeLibraryPanel.tsx","582","83","direct"
"--control-height-mobile","className","components/settings/ModeLibraryPanel","apps/web/src/app/components/settings/ModeLibraryPanel.tsx","589","31","direct"
"--control-height-default","className","components/settings/ModeLibraryPanel","apps/web/src/app/components/settings/ModeLibraryPanel.tsx","589","85","direct"
"--on-brand","color","components/settings/ModeLibraryPanel","apps/web/src/app/components/settings/ModeLibraryPanel.tsx","592","27","direct"
"--radius-dialog","className","components/settings/ModeLibraryPanel","apps/web/src/app/components/settings/ModeLibraryPanel.tsx","607","35","direct"
"--surface-app","backgroundColor","components/settings/ModeLibraryPanel","apps/web/src/app/components/settings/ModeLibraryPanel.tsx","609","35","direct"
"--border-width-hairline","border","components/settings/ModeLibraryPanel","apps/web/src/app/components/settings/ModeLibraryPanel.tsx","610","26","direct"
"--font-body","fontFamily","components/settings/ModeLibraryPanel","apps/web/src/app/components/settings/ModeLibraryPanel.tsx","615","32","direct"
"--type-body","fontSize","components/settings/ModeLibraryPanel","apps/web/src/app/components/settings/ModeLibraryPanel.tsx","616","30","direct"
"--weight-bold","fontWeight","components/settings/ModeLibraryPanel","apps/web/src/app/components/settings/ModeLibraryPanel.tsx","617","32","direct"
"--leading-normal","lineHeight","components/settings/ModeLibraryPanel","apps/web/src/app/components/settings/ModeLibraryPanel.tsx","618","32","direct"
"--font-body","fontFamily","components/settings/ModeLibraryPanel","apps/web/src/app/components/settings/ModeLibraryPanel.tsx","627","32","direct"
"--type-body-sm","fontSize","components/settings/ModeLibraryPanel","apps/web/src/app/components/settings/ModeLibraryPanel.tsx","628","30","direct"
"--weight-regular","fontWeight","components/settings/ModeLibraryPanel","apps/web/src/app/components/settings/ModeLibraryPanel.tsx","629","32","direct"
"--leading-normal","lineHeight","components/settings/ModeLibraryPanel","apps/web/src/app/components/settings/ModeLibraryPanel.tsx","630","32","direct"
"--radius-dialog","className","components/settings/ModeLibraryPanel","apps/web/src/app/components/settings/ModeLibraryPanel.tsx","644","41","direct"
"--border-width-hairline","border","components/settings/ModeLibraryPanel","apps/web/src/app/components/settings/ModeLibraryPanel.tsx","646","32","direct"
"--font-display","fontFamily","components/settings/ModeLibraryPanel","apps/web/src/app/components/settings/ModeLibraryPanel.tsx","654","40","direct"
"--type-heading-sm","fontSize","components/settings/ModeLibraryPanel","apps/web/src/app/components/settings/ModeLibraryPanel.tsx","655","38","direct"
"--weight-bold","fontWeight","components/settings/ModeLibraryPanel","apps/web/src/app/components/settings/ModeLibraryPanel.tsx","656","40","direct"
"--leading-snug","lineHeight","components/settings/ModeLibraryPanel","apps/web/src/app/components/settings/ModeLibraryPanel.tsx","657","40","direct"
"--font-body","fontFamily","components/settings/ModeLibraryPanel","apps/web/src/app/components/settings/ModeLibraryPanel.tsx","668","38","direct"
"--type-body-sm","fontSize","components/settings/ModeLibraryPanel","apps/web/src/app/components/settings/ModeLibraryPanel.tsx","669","36","direct"
"--weight-regular","fontWeight","components/settings/ModeLibraryPanel","apps/web/src/app/components/settings/ModeLibraryPanel.tsx","670","38","direct"
"--leading-normal","lineHeight","components/settings/ModeLibraryPanel","apps/web/src/app/components/settings/ModeLibraryPanel.tsx","671","38","direct"
"--font-body","fontFamily","components/settings/ModeLibraryPanel","apps/web/src/app/components/settings/ModeLibraryPanel.tsx","715","38","direct"
"--type-caption","fontSize","components/settings/ModeLibraryPanel","apps/web/src/app/components/settings/ModeLibraryPanel.tsx","716","36","direct"
"--weight-regular","fontWeight","components/settings/ModeLibraryPanel","apps/web/src/app/components/settings/ModeLibraryPanel.tsx","717","38","direct"
"--leading-normal","lineHeight","components/settings/ModeLibraryPanel","apps/web/src/app/components/settings/ModeLibraryPanel.tsx","718","38","direct"
"--radius-dialog","className","components/settings/ModeLibraryPanel","apps/web/src/app/components/settings/ModeLibraryPanel.tsx","733","51","direct"
"--surface-tile","backgroundColor","components/settings/ModeLibraryPanel","apps/web/src/app/components/settings/ModeLibraryPanel.tsx","737","57","direct"
"--text-muted","color","components/settings/ModeLibraryPanel","apps/web/src/app/components/settings/ModeLibraryPanel.tsx","751","35","direct"
"--font-body","fontFamily","components/settings/ModeLibraryPanel","apps/web/src/app/components/settings/ModeLibraryPanel.tsx","752","40","direct"
"--type-label","fontSize","components/settings/ModeLibraryPanel","apps/web/src/app/components/settings/ModeLibraryPanel.tsx","753","38","direct"
"--weight-bold","fontWeight","components/settings/ModeLibraryPanel","apps/web/src/app/components/settings/ModeLibraryPanel.tsx","754","40","direct"
"--tracking-label","letterSpacing","components/settings/ModeLibraryPanel","apps/web/src/app/components/settings/ModeLibraryPanel.tsx","755","43","direct"
"--leading-snug","lineHeight","components/settings/ModeLibraryPanel","apps/web/src/app/components/settings/ModeLibraryPanel.tsx","756","40","direct"
"--font-body","fontFamily","components/settings/ModeLibraryPanel","apps/web/src/app/components/settings/ModeLibraryPanel.tsx","775","42","direct"
"--type-body-sm","fontSize","components/settings/ModeLibraryPanel","apps/web/src/app/components/settings/ModeLibraryPanel.tsx","776","40","direct"
"--weight-bold","fontWeight","components/settings/ModeLibraryPanel","apps/web/src/app/components/settings/ModeLibraryPanel.tsx","777","42","direct"
"--leading-normal","lineHeight","components/settings/ModeLibraryPanel","apps/web/src/app/components/settings/ModeLibraryPanel.tsx","778","42","direct"
"--font-body","fontFamily","components/settings/ModeLibraryPanel","apps/web/src/app/components/settings/ModeLibraryPanel.tsx","789","42","direct"
"--type-body-sm","fontSize","components/settings/ModeLibraryPanel","apps/web/src/app/components/settings/ModeLibraryPanel.tsx","790","40","direct"
"--weight-regular","fontWeight","components/settings/ModeLibraryPanel","apps/web/src/app/components/settings/ModeLibraryPanel.tsx","791","42","direct"
"--leading-normal","lineHeight","components/settings/ModeLibraryPanel","apps/web/src/app/components/settings/ModeLibraryPanel.tsx","792","42","direct"
"--font-body","fontFamily","components/settings/ModeLibraryPanel","apps/web/src/app/components/settings/ModeLibraryPanel.tsx","800","42","direct"
"--type-body-sm","fontSize","components/settings/ModeLibraryPanel","apps/web/src/app/components/settings/ModeLibraryPanel.tsx","801","40","direct"
"--weight-regular","fontWeight","components/settings/ModeLibraryPanel","apps/web/src/app/components/settings/ModeLibraryPanel.tsx","802","42","direct"
"--leading-normal","lineHeight","components/settings/ModeLibraryPanel","apps/web/src/app/components/settings/ModeLibraryPanel.tsx","803","42","direct"
"--font-body","fontFamily","components/settings/ModeLibraryPanel","apps/web/src/app/components/settings/ModeLibraryPanel.tsx","811","42","direct"
"--type-body-sm","fontSize","components/settings/ModeLibraryPanel","apps/web/src/app/components/settings/ModeLibraryPanel.tsx","812","40","direct"
"--weight-regular","fontWeight","components/settings/ModeLibraryPanel","apps/web/src/app/components/settings/ModeLibraryPanel.tsx","813","42","direct"
"--leading-normal","lineHeight","components/settings/ModeLibraryPanel","apps/web/src/app/components/settings/ModeLibraryPanel.tsx","814","42","direct"
"--font-body","fontFamily","components/settings/ModeLibraryPanel","apps/web/src/app/components/settings/ModeLibraryPanel.tsx","822","42","direct"
"--type-body-sm","fontSize","components/settings/ModeLibraryPanel","apps/web/src/app/components/settings/ModeLibraryPanel.tsx","823","40","direct"
"--weight-regular","fontWeight","components/settings/ModeLibraryPanel","apps/web/src/app/components/settings/ModeLibraryPanel.tsx","824","42","direct"
"--leading-normal","lineHeight","components/settings/ModeLibraryPanel","apps/web/src/app/components/settings/ModeLibraryPanel.tsx","825","42","direct"
"--font-body","fontFamily","components/settings/ModeLibraryPanel","apps/web/src/app/components/settings/ModeLibraryPanel.tsx","833","42","direct"
"--type-body-sm","fontSize","components/settings/ModeLibraryPanel","apps/web/src/app/components/settings/ModeLibraryPanel.tsx","834","40","direct"
"--weight-regular","fontWeight","components/settings/ModeLibraryPanel","apps/web/src/app/components/settings/ModeLibraryPanel.tsx","835","42","direct"
"--leading-normal","lineHeight","components/settings/ModeLibraryPanel","apps/web/src/app/components/settings/ModeLibraryPanel.tsx","836","42","direct"
"--font-display","fontFamily","components/settings/ModeLibraryPanel","apps/web/src/app/components/settings/ModeLibraryPanel.tsx","862","34","direct"
"--type-heading-md","fontSize","components/settings/ModeLibraryPanel","apps/web/src/app/components/settings/ModeLibraryPanel.tsx","863","32","direct"
"--weight-bold","fontWeight","components/settings/ModeLibraryPanel","apps/web/src/app/components/settings/ModeLibraryPanel.tsx","864","34","direct"
"--leading-snug","lineHeight","components/settings/ModeLibraryPanel","apps/web/src/app/components/settings/ModeLibraryPanel.tsx","865","34","direct"
"--on-brand","color","components/settings/ModeLibraryPanel","apps/web/src/app/components/settings/ModeLibraryPanel.tsx","886","59","direct"
"--font-display","fontFamily","components/settings/ModeLibraryPanel","apps/web/src/app/components/settings/ModeLibraryPanel.tsx","903","34","direct"
"--type-heading-md","fontSize","components/settings/ModeLibraryPanel","apps/web/src/app/components/settings/ModeLibraryPanel.tsx","904","32","direct"
"--weight-bold","fontWeight","components/settings/ModeLibraryPanel","apps/web/src/app/components/settings/ModeLibraryPanel.tsx","905","34","direct"
"--leading-snug","lineHeight","components/settings/ModeLibraryPanel","apps/web/src/app/components/settings/ModeLibraryPanel.tsx","906","34","direct"
"--on-brand","color","components/settings/ModeLibraryPanel","apps/web/src/app/components/settings/ModeLibraryPanel.tsx","977","59","direct"
"--font-display","fontFamily","components/settings/ModeLibraryPanel","apps/web/src/app/components/settings/ModeLibraryPanel.tsx","994","34","direct"
"--type-heading-md","fontSize","components/settings/ModeLibraryPanel","apps/web/src/app/components/settings/ModeLibraryPanel.tsx","995","32","direct"
"--weight-bold","fontWeight","components/settings/ModeLibraryPanel","apps/web/src/app/components/settings/ModeLibraryPanel.tsx","996","34","direct"
"--leading-snug","lineHeight","components/settings/ModeLibraryPanel","apps/web/src/app/components/settings/ModeLibraryPanel.tsx","997","34","direct"
"--font-body","fontFamily","components/settings/ModeLibraryPanel","apps/web/src/app/components/settings/ModeLibraryPanel.tsx","1011","36","direct"
"--type-body-sm","fontSize","components/settings/ModeLibraryPanel","apps/web/src/app/components/settings/ModeLibraryPanel.tsx","1012","34","direct"
"--weight-regular","fontWeight","components/settings/ModeLibraryPanel","apps/web/src/app/components/settings/ModeLibraryPanel.tsx","1013","36","direct"
"--leading-normal","lineHeight","components/settings/ModeLibraryPanel","apps/web/src/app/components/settings/ModeLibraryPanel.tsx","1014","36","direct"
"--radius-dialog","className","components/settings/ModeLibraryPanel","apps/web/src/app/components/settings/ModeLibraryPanel.tsx","1026","41","direct"
"--surface-import","backgroundColor","components/settings/ModeLibraryPanel","apps/web/src/app/components/settings/ModeLibraryPanel.tsx","1027","48","direct"
"--font-body","fontFamily","components/settings/ModeLibraryPanel","apps/web/src/app/components/settings/ModeLibraryPanel.tsx","1031","38","direct"
"--type-body","fontSize","components/settings/ModeLibraryPanel","apps/web/src/app/components/settings/ModeLibraryPanel.tsx","1032","36","direct"
"--weight-bold","fontWeight","components/settings/ModeLibraryPanel","apps/web/src/app/components/settings/ModeLibraryPanel.tsx","1033","38","direct"
"--leading-normal","lineHeight","components/settings/ModeLibraryPanel","apps/web/src/app/components/settings/ModeLibraryPanel.tsx","1034","38","direct"
"--control-height-default","className","components/settings/ModeLibraryPanel","apps/web/src/app/components/settings/ModeLibraryPanel.tsx","1054","47","direct"
"--ring","className","components/settings/ModeLibraryPanel","apps/web/src/app/components/settings/ModeLibraryPanel.tsx","1054","224","direct"
"--surface-card","backgroundColor","components/settings/ModeLibraryPanel","apps/web/src/app/components/settings/ModeLibraryPanel.tsx","1058","36","direct"
"--on-brand","color","components/settings/ModeLibraryPanel","apps/web/src/app/components/settings/ModeLibraryPanel.tsx","1060","36","direct"
"--status-info-fg","color","components/settings/ModeLibraryPanel","apps/web/src/app/components/settings/ModeLibraryPanel.tsx","1061","36","direct"
"--border-width-hairline","border","components/settings/ModeLibraryPanel","apps/web/src/app/components/settings/ModeLibraryPanel.tsx","1062","40","direct"
"--font-body","fontFamily","components/settings/ModeLibraryPanel","apps/web/src/app/components/settings/ModeLibraryPanel.tsx","1063","44","direct"
"--type-body-sm","fontSize","components/settings/ModeLibraryPanel","apps/web/src/app/components/settings/ModeLibraryPanel.tsx","1064","42","direct"
"--weight-semibold","fontWeight","components/settings/ModeLibraryPanel","apps/web/src/app/components/settings/ModeLibraryPanel.tsx","1065","44","direct"
"--leading-normal","lineHeight","components/settings/ModeLibraryPanel","apps/web/src/app/components/settings/ModeLibraryPanel.tsx","1066","44","direct"
"--on-brand","color","components/settings/ModeLibraryPanel","apps/web/src/app/components/settings/ModeLibraryPanel.tsx","1090","59","direct"
"--radius-dialog","className","components/settings/NotificationsPanel","apps/web/src/app/components/settings/NotificationsPanel.tsx","225","39","direct"
"--border-width-hairline","border","components/settings/NotificationsPanel","apps/web/src/app/components/settings/NotificationsPanel.tsx","226","37","direct"
"--type-body","fontSize","components/settings/NotificationsPanel","apps/web/src/app/components/settings/NotificationsPanel.tsx","234","38","direct"
"--weight-bold","fontWeight","components/settings/NotificationsPanel","apps/web/src/app/components/settings/NotificationsPanel.tsx","235","40","direct"
"--type-caption","fontSize","components/settings/NotificationsPanel","apps/web/src/app/components/settings/NotificationsPanel.tsx","243","59","direct"
"--type-caption","fontSize","components/settings/NotificationsPanel","apps/web/src/app/components/settings/NotificationsPanel.tsx","280","40","direct"
"--weight-semibold","fontWeight","components/settings/NotificationsPanel","apps/web/src/app/components/settings/NotificationsPanel.tsx","281","42","direct"
"--radius-dialog","className","components/settings/NotificationsPanel","apps/web/src/app/components/settings/NotificationsPanel.tsx","292","39","direct"
"--border-width-hairline","border","components/settings/NotificationsPanel","apps/web/src/app/components/settings/NotificationsPanel.tsx","293","37","direct"
"--type-body","fontSize","components/settings/NotificationsPanel","apps/web/src/app/components/settings/NotificationsPanel.tsx","301","38","direct"
"--weight-bold","fontWeight","components/settings/NotificationsPanel","apps/web/src/app/components/settings/NotificationsPanel.tsx","302","40","direct"
"--type-caption","fontSize","components/settings/NotificationsPanel","apps/web/src/app/components/settings/NotificationsPanel.tsx","310","59","direct"
"--type-caption","fontSize","components/settings/NotificationsPanel","apps/web/src/app/components/settings/NotificationsPanel.tsx","347","40","direct"
"--weight-semibold","fontWeight","components/settings/NotificationsPanel","apps/web/src/app/components/settings/NotificationsPanel.tsx","348","42","direct"
"--type-caption","fontSize","components/settings/NotificationsPanel","apps/web/src/app/components/settings/NotificationsPanel.tsx","361","51","direct"
"--text-muted","className","components/settings/NotificationsPanel","apps/web/src/app/components/settings/NotificationsPanel.tsx","373","48","direct"
"--radius-dialog","className","components/settings/NotificationsPanel","apps/web/src/app/components/settings/NotificationsPanel.tsx","383","42","direct"
"--border-width-hairline","border","components/settings/NotificationsPanel","apps/web/src/app/components/settings/NotificationsPanel.tsx","385","32","direct"
"--type-caption","fontSize","components/settings/NotificationsPanel","apps/web/src/app/components/settings/NotificationsPanel.tsx","419","51","direct"
"--brand-primary","RUST","components/settings/tokens","apps/web/src/app/components/settings/tokens.tsx","6","26","component constant"
"--surface-card","SURFACE","components/settings/tokens","apps/web/src/app/components/settings/tokens.tsx","7","29","component constant"
"--border-subtle","BORDER","components/settings/tokens","apps/web/src/app/components/settings/tokens.tsx","8","28","component constant"
"--border-divider","DIVIDER","components/settings/tokens","apps/web/src/app/components/settings/tokens.tsx","9","29","component constant"
"--text-muted","MUTED","components/settings/tokens","apps/web/src/app/components/settings/tokens.tsx","10","27","component constant"
"--text-primary","TEXT","components/settings/tokens","apps/web/src/app/components/settings/tokens.tsx","11","26","component constant"
"--status-danger-fg","CRIT","components/settings/tokens","apps/web/src/app/components/settings/tokens.tsx","12","26","component constant"
"--status-danger-bg","CRIT_BG","components/settings/tokens","apps/web/src/app/components/settings/tokens.tsx","13","29","component constant"
"--brand-primary","inputClass","components/settings/tokens","apps/web/src/app/components/settings/tokens.tsx","16","87","component constant"
"--brand-primary","inputClass","components/settings/tokens","apps/web/src/app/components/settings/tokens.tsx","16","150","component constant"
"--input-border","borderColor","components/settings/tokens","apps/web/src/app/components/settings/tokens.tsx","18","21","direct"
"--type-control-value","fontSize","components/settings/tokens","apps/web/src/app/components/settings/tokens.tsx","21","18","direct"
"--status-info-fg","color","components/settings/tokens","apps/web/src/app/components/settings/tokens.tsx","24","15","direct"
"--type-body-sm","fontSize","components/settings/tokens","apps/web/src/app/components/settings/tokens.tsx","25","18","direct"
"--weight-semibold","fontWeight","components/settings/tokens","apps/web/src/app/components/settings/tokens.tsx","26","20","direct"
"--border-width-hairline","borderBottom","components/settings/tokens","apps/web/src/app/components/settings/tokens.tsx","57","35","direct"
"--border-width-hairline","borderBottom","components/settings/tokens","apps/web/src/app/components/settings/tokens.tsx","104","18","direct"
"--type-body","fontSize","components/settings/tokens","apps/web/src/app/components/settings/tokens.tsx","114","28","direct"
"--weight-semibold","fontWeight","components/settings/tokens","apps/web/src/app/components/settings/tokens.tsx","115","30","direct"
"--type-caption","fontSize","components/settings/tokens","apps/web/src/app/components/settings/tokens.tsx","125","30","direct"
"--type-caption","fontSize","components/settings/tokens","apps/web/src/app/components/settings/tokens.tsx","171","49","direct"
"--status-warning-fg","color","components/statusPresentation","apps/web/src/app/components/statusPresentation.ts","10","19","direct"
"--text-muted","color","components/statusPresentation","apps/web/src/app/components/statusPresentation.ts","17","19","direct"
"--status-success-fg","color","components/statusPresentation","apps/web/src/app/components/statusPresentation.ts","24","19","direct"
"--status-danger-fg","color","components/statusPresentation","apps/web/src/app/components/statusPresentation.ts","30","17","direct"
"--status-success-fg","color","components/statusPresentation","apps/web/src/app/components/statusPresentation.ts","40","38","direct"
"--status-danger-fg","color","components/statusPresentation","apps/web/src/app/components/statusPresentation.ts","41","35","direct"
"--text-primary","ok","components/statusPresentation","apps/web/src/app/components/statusPresentation.ts","45","12","direct"
"--status-warning-fg","warning","components/statusPresentation","apps/web/src/app/components/statusPresentation.ts","46","17","direct"
"--status-danger-fg","critical","components/statusPresentation","apps/web/src/app/components/statusPresentation.ts","47","18","direct"
"--type-heading-md","className","components/ui/alert-dialog","apps/web/src/app/components/ui/alert-dialog.tsx","102","35","direct"
"--focus-ring-width","className","components/ui/button","apps/web/src/app/components/ui/button.tsx","8","394","direct"
"--control-height-default","className","components/ui/button","apps/web/src/app/components/ui/button.tsx","25","19","direct"
"--control-height-default","className","components/ui/button","apps/web/src/app/components/ui/button.tsx","26","26","direct"
"--control-height-default","className","components/ui/button","apps/web/src/app/components/ui/button.tsx","27","21","direct"
"--control-height-compact","className","components/ui/button","apps/web/src/app/components/ui/button.tsx","27","100","direct"
"--control-height-toolbar","className","components/ui/button","apps/web/src/app/components/ui/button.tsx","28","21","direct"
"--control-height-toolbar","className","components/ui/button","apps/web/src/app/components/ui/button.tsx","30","19","direct"
"--control-size-icon","className","components/ui/button","apps/web/src/app/components/ui/button.tsx","31","23","direct"
"--control-size-icon","className","components/ui/button","apps/web/src/app/components/ui/button.tsx","31","52","direct"
"--radius-mini","className","components/ui/checkbox","apps/web/src/app/components/ui/checkbox.tsx","17","87","direct"
"--radius-mini","className","components/ui/checkbox","apps/web/src/app/components/ui/checkbox.tsx","17","275","direct"
"--focus-ring-width","className","components/ui/checkbox","apps/web/src/app/components/ui/checkbox.tsx","17","452","direct"
"--dialog-width-fullscreen","fullscreen","components/ui/dialog","apps/web/src/app/components/ui/dialog.tsx","58","32","direct"
"--type-heading-md","className","components/ui/dialog","apps/web/src/app/components/ui/dialog.tsx","129","23","direct"
"--type-filter-label","className","components/ui/filter-bar","apps/web/src/app/components/ui/filter-bar.tsx","68","98","direct"
"--brand-primary","backgroundColor","components/ui/filter-bar","apps/web/src/app/components/ui/filter-bar.tsx","71","22","direct"
"--surface-stone","backgroundColor","components/ui/filter-bar","apps/web/src/app/components/ui/filter-bar.tsx","72","22","direct"
"--on-brand","color","components/ui/filter-bar","apps/web/src/app/components/ui/filter-bar.tsx","73","34","direct"
"--text-farm","color","components/ui/filter-bar","apps/web/src/app/components/ui/filter-bar.tsx","73","54","direct"
"--control-width-filter-pill-mobile","equalTrackClass","components/ui/filter-bar","apps/web/src/app/components/ui/filter-bar.tsx","145","25","component constant"
"--font-body","fontFamily","components/ui/filter-bar","apps/web/src/app/components/ui/filter-bar.tsx","159","30","direct"
"--type-filter-label","fontSize","components/ui/filter-bar","apps/web/src/app/components/ui/filter-bar.tsx","160","28","direct"
"--weight-bold","fontWeight","components/ui/filter-bar","apps/web/src/app/components/ui/filter-bar.tsx","161","30","direct"
"--leading-snug","lineHeight","components/ui/filter-bar","apps/web/src/app/components/ui/filter-bar.tsx","162","30","direct"
"--tracking-label","letterSpacing","components/ui/filter-bar","apps/web/src/app/components/ui/filter-bar.tsx","163","33","direct"
"--control-width-filter-pill-mobile","equalWidthClass","components/ui/filter-bar","apps/web/src/app/components/ui/filter-bar.tsx","173","21","component constant"
"--control-height-chip-touch","className","components/ui/filter-bar","apps/web/src/app/components/ui/filter-bar.tsx","184","23","direct"
"--ring","className","components/ui/filter-bar","apps/web/src/app/components/ui/filter-bar.tsx","184","210","direct"
"--control-height-chip","className","components/ui/filter-bar","apps/web/src/app/components/ui/filter-bar.tsx","184","261","direct"
"--brand-primary","backgroundColor","components/ui/filter-bar","apps/web/src/app/components/ui/filter-bar.tsx","189","20","direct"
"--surface-card","backgroundColor","components/ui/filter-bar","apps/web/src/app/components/ui/filter-bar.tsx","190","20","direct"
"--on-brand","color","components/ui/filter-bar","apps/web/src/app/components/ui/filter-bar.tsx","191","32","direct"
"--text-muted","color","components/ui/filter-bar","apps/web/src/app/components/ui/filter-bar.tsx","191","52","direct"
"--border-width-hairline","border","components/ui/filter-bar","apps/web/src/app/components/ui/filter-bar.tsx","192","24","direct"
"--brand-primary","border","components/ui/filter-bar","apps/web/src/app/components/ui/filter-bar.tsx","192","71","direct"
"--border-default","border","components/ui/filter-bar","apps/web/src/app/components/ui/filter-bar.tsx","192","96","direct"
"--font-body","fontFamily","components/ui/filter-bar","apps/web/src/app/components/ui/filter-bar.tsx","193","28","direct"
"--type-label","fontSize","components/ui/filter-bar","apps/web/src/app/components/ui/filter-bar.tsx","194","26","direct"
"--weight-bold","fontWeight","components/ui/filter-bar","apps/web/src/app/components/ui/filter-bar.tsx","195","28","direct"
"--leading-snug","lineHeight","components/ui/filter-bar","apps/web/src/app/components/ui/filter-bar.tsx","196","28","direct"
"--tracking-label","letterSpacing","components/ui/filter-bar","apps/web/src/app/components/ui/filter-bar.tsx","197","31","direct"
"--control-height-filter-row","className","components/ui/filter-bar","apps/web/src/app/components/ui/filter-bar.tsx","215","71","direct"
"--surface-page","className","components/ui/filter-bar","apps/web/src/app/components/ui/filter-bar.tsx","215","141","direct"
"--surface-page","className","components/ui/filter-bar","apps/web/src/app/components/ui/filter-bar.tsx","215","167","direct"
"--control-hit-area-icon","className","components/ui/filter-bar","apps/web/src/app/components/ui/filter-bar.tsx","225","68","direct"
"--control-hit-area-icon","className","components/ui/filter-bar","apps/web/src/app/components/ui/filter-bar.tsx","225","105","direct"
"--text-secondary","className","components/ui/filter-bar","apps/web/src/app/components/ui/filter-bar.tsx","225","183","direct"
"--ring","className","components/ui/filter-bar","apps/web/src/app/components/ui/filter-bar.tsx","225","322","direct"
"--control-height-filter-row","className","components/ui/filter-bar","apps/web/src/app/components/ui/filter-bar.tsx","266","72","direct"
"--surface-page","className","components/ui/filter-bar","apps/web/src/app/components/ui/filter-bar.tsx","266","142","direct"
"--surface-page","className","components/ui/filter-bar","apps/web/src/app/components/ui/filter-bar.tsx","266","168","direct"
"--control-hit-area-icon","className","components/ui/filter-bar","apps/web/src/app/components/ui/filter-bar.tsx","276","68","direct"
"--control-hit-area-icon","className","components/ui/filter-bar","apps/web/src/app/components/ui/filter-bar.tsx","276","105","direct"
"--brand-primary","className","components/ui/filter-bar","apps/web/src/app/components/ui/filter-bar.tsx","276","181","direct"
"--ring","className","components/ui/filter-bar","apps/web/src/app/components/ui/filter-bar.tsx","276","319","direct"
"--control-height-toolbar","heightClass","components/ui/input","apps/web/src/app/components/ui/input.tsx","18","17","component constant"
"--control-height-compact","heightClass","components/ui/input","apps/web/src/app/components/ui/input.tsx","20","19","component constant"
"--control-height-default","heightClass","components/ui/input","apps/web/src/app/components/ui/input.tsx","21","19","component constant"
"--focus-ring-width","className","components/ui/input","apps/web/src/app/components/ui/input.tsx","31","94","direct"
"--font-body","fontFamily","components/ui/input","apps/web/src/app/components/ui/input.tsx","36","26","direct"
"--type-control-value","fontSize","components/ui/input","apps/web/src/app/components/ui/input.tsx","41","24","direct"
"--weight-regular","fontWeight","components/ui/input","apps/web/src/app/components/ui/input.tsx","42","26","direct"
"--leading-normal","lineHeight","components/ui/input","apps/web/src/app/components/ui/input.tsx","43","26","direct"
"--font-body","fontFamily","components/ui/label","apps/web/src/app/components/ui/label.tsx","21","26","direct"
"--type-body","fontSize","components/ui/label","apps/web/src/app/components/ui/label.tsx","22","24","direct"
"--weight-medium","fontWeight","components/ui/label","apps/web/src/app/components/ui/label.tsx","23","26","direct"
"--leading-snug","lineHeight","components/ui/label","apps/web/src/app/components/ui/label.tsx","24","26","direct"
"--border-default","BORDER","components/ui/pagination-bar","apps/web/src/app/components/ui/pagination-bar.tsx","12","21","component constant"
"--text-secondary","MUTED","components/ui/pagination-bar","apps/web/src/app/components/ui/pagination-bar.tsx","13","20","component constant"
"--input-border","borderColor","components/ui/pagination-bar","apps/web/src/app/components/ui/pagination-bar.tsx","15","21","direct"
"--surface-tile","backgroundColor","components/ui/pagination-bar","apps/web/src/app/components/ui/pagination-bar.tsx","16","25","direct"
"--type-filter-label","fontSize","components/ui/pagination-bar","apps/web/src/app/components/ui/pagination-bar.tsx","66","49","direct"
"--brand-primary","backgroundColor","components/ui/pagination-bar","apps/web/src/app/components/ui/pagination-bar.tsx","91","43","direct"
"--dot-idle","backgroundColor","components/ui/pagination-bar","apps/web/src/app/components/ui/pagination-bar.tsx","91","68","direct"
"--type-filter-label","fontSize","components/ui/pagination-bar","apps/web/src/app/components/ui/pagination-bar.tsx","99","55","direct"
"--control-height-mobile","className","components/ui/pagination-bar","apps/web/src/app/components/ui/pagination-bar.tsx","108","33","direct"
"--control-height-mobile","className","components/ui/pagination-bar","apps/web/src/app/components/ui/pagination-bar.tsx","129","31","direct"
"--control-height-mobile","className","components/ui/pagination-bar","apps/web/src/app/components/ui/pagination-bar.tsx","129","64","direct"
"--type-filter-label","fontSize","components/ui/pagination-bar","apps/web/src/app/components/ui/pagination-bar.tsx","139","51","direct"
"--control-height-mobile","className","components/ui/pagination-bar","apps/web/src/app/components/ui/pagination-bar.tsx","146","31","direct"
"--control-height-mobile","className","components/ui/pagination-bar","apps/web/src/app/components/ui/pagination-bar.tsx","146","64","direct"
"--radix-popover-content-transform-origin","className","components/ui/popover","apps/web/src/app/components/ui/popover.tsx","33","453","direct"
"--focus-ring-width","className","components/ui/radio-group","apps/web/src/app/components/ui/radio-group.tsx","30","343","direct"
"--control-height-default","compact","components/ui/segmented-control","apps/web/src/app/components/ui/segmented-control.tsx","9","13","direct"
"--control-height-compact","compact","components/ui/segmented-control","apps/web/src/app/components/ui/segmented-control.tsx","9","55","direct"
"--control-height-mobile","default","components/ui/segmented-control","apps/web/src/app/components/ui/segmented-control.tsx","11","13","direct"
"--control-segment-height","default","components/ui/segmented-control","apps/web/src/app/components/ui/segmented-control.tsx","11","54","direct"
"--control-height-mobile","toolbar","components/ui/segmented-control","apps/web/src/app/components/ui/segmented-control.tsx","13","13","direct"
"--control-height-toolbar","toolbar","components/ui/segmented-control","apps/web/src/app/components/ui/segmented-control.tsx","13","54","direct"
"--border-subtle","className","components/ui/segmented-control","apps/web/src/app/components/ui/segmented-control.tsx","28","67","direct"
"--control-height-mobile","className","components/ui/segmented-control","apps/web/src/app/components/ui/segmented-control.tsx","30","21","direct"
"--control-segment-height","className","components/ui/segmented-control","apps/web/src/app/components/ui/segmented-control.tsx","30","67","direct"
"--surface-muted","backgroundColor","components/ui/segmented-control","apps/web/src/app/components/ui/segmented-control.tsx","34","38","direct"
"--ring","className","components/ui/segmented-control","apps/web/src/app/components/ui/segmented-control.tsx","60","192","direct"
"--font-body","fontFamily","components/ui/segmented-control","apps/web/src/app/components/ui/segmented-control.tsx","65","26","direct"
"--type-body-sm","fontSize","components/ui/segmented-control","apps/web/src/app/components/ui/segmented-control.tsx","66","24","direct"
"--weight-semibold","fontWeight","components/ui/segmented-control","apps/web/src/app/components/ui/segmented-control.tsx","67","26","direct"
"--leading-normal","lineHeight","components/ui/segmented-control","apps/web/src/app/components/ui/segmented-control.tsx","68","26","direct"
"--surface-card","backgroundColor","components/ui/segmented-control","apps/web/src/app/components/ui/segmented-control.tsx","69","40","direct"
"--brand-primary","color","components/ui/segmented-control","apps/web/src/app/components/ui/segmented-control.tsx","70","30","direct"
"--text-secondary","color","components/ui/segmented-control","apps/web/src/app/components/ui/segmented-control.tsx","70","55","direct"
"--shadow-lift","boxShadow","components/ui/segmented-control","apps/web/src/app/components/ui/segmented-control.tsx","71","34","direct"
"--control-height-default","micro","components/ui/select","apps/web/src/app/components/ui/select.tsx","46","13","direct"
"--control-height-default","sm","components/ui/select","apps/web/src/app/components/ui/select.tsx","47","15","direct"
"--control-height-compact","sm","components/ui/select","apps/web/src/app/components/ui/select.tsx","47","59","direct"
"--control-height-default","default","components/ui/select","apps/web/src/app/components/ui/select.tsx","48","20","direct"
"--control-height-toolbar","toolbar","components/ui/select","apps/web/src/app/components/ui/select.tsx","49","20","direct"
"--control-height-default","filter","components/ui/select","apps/web/src/app/components/ui/select.tsx","52","13","direct"
"--control-height-toolbar","filter","components/ui/select","apps/web/src/app/components/ui/select.tsx","52","68","direct"
"--focus-ring-width","className","components/ui/select","apps/web/src/app/components/ui/select.tsx","69","496","direct"
"--font-body","fontFamily","components/ui/select","apps/web/src/app/components/ui/select.tsx","74","26","direct"
"--type-control-value","fontSize","components/ui/select","apps/web/src/app/components/ui/select.tsx","75","24","direct"
"--weight-regular","fontWeight","components/ui/select","apps/web/src/app/components/ui/select.tsx","76","26","direct"
"--leading-normal","lineHeight","components/ui/select","apps/web/src/app/components/ui/select.tsx","77","26","direct"
"--type-filter-label","fontSize","components/ui/select","apps/web/src/app/components/ui/select.tsx","80","26","direct"
"--weight-bold","fontWeight","components/ui/select","apps/web/src/app/components/ui/select.tsx","81","28","direct"
"--radix-select-content-available-height","className","components/ui/select","apps/web/src/app/components/ui/select.tsx","107","419","direct"
"--radix-select-content-transform-origin","className","components/ui/select","apps/web/src/app/components/ui/select.tsx","107","483","direct"
"--radix-select-trigger-height","className","components/ui/select","apps/web/src/app/components/ui/select.tsx","120","23","direct"
"--radix-select-trigger-width","className","components/ui/select","apps/web/src/app/components/ui/select.tsx","120","73","direct"
"--control-height-default","className","components/ui/select","apps/web/src/app/components/ui/select.tsx","156","132","direct"
"--font-body","fontFamily","components/ui/select","apps/web/src/app/components/ui/select.tsx","161","26","direct"
"--type-filter-label","fontSize","components/ui/select","apps/web/src/app/components/ui/select.tsx","163","18","direct"
"--type-control-value","fontSize","components/ui/select","apps/web/src/app/components/ui/select.tsx","164","18","direct"
"--weight-bold","fontWeight","components/ui/select","apps/web/src/app/components/ui/select.tsx","165","37","direct"
"--weight-regular","fontWeight","components/ui/select","apps/web/src/app/components/ui/select.tsx","165","60","direct"
"--leading-snug","lineHeight","components/ui/select","apps/web/src/app/components/ui/select.tsx","166","37","direct"
"--leading-normal","lineHeight","components/ui/select","apps/web/src/app/components/ui/select.tsx","166","61","direct"
"--normal-bg","--normal-bg","components/ui/sonner","apps/web/src/app/components/ui/sonner.tsx","15","12","direct"
"--popover","--normal-bg","components/ui/sonner","apps/web/src/app/components/ui/sonner.tsx","15","31","direct"
"--normal-text","--normal-text","components/ui/sonner","apps/web/src/app/components/ui/sonner.tsx","16","12","direct"
"--popover-foreground","--normal-text","components/ui/sonner","apps/web/src/app/components/ui/sonner.tsx","16","33","direct"
"--normal-border","--normal-border","components/ui/sonner","apps/web/src/app/components/ui/sonner.tsx","17","12","direct"
"--border","--normal-border","components/ui/sonner","apps/web/src/app/components/ui/sonner.tsx","17","35","direct"
"--control-height-mobile","className","components/ui/switch","apps/web/src/app/components/ui/switch.tsx","14","35","direct"
"--control-height-mobile","className","components/ui/switch","apps/web/src/app/components/ui/switch.tsx","14","68","direct"
"--focus-ring-width","className","components/ui/switch","apps/web/src/app/components/ui/switch.tsx","20","332","direct"
"--control-height-mobile","className","components/ui/table","apps/web/src/app/components/ui/table.tsx","73","33","direct"
"--type-label","fontSize","components/ui/table","apps/web/src/app/components/ui/table.tsx","77","24","direct"
"--weight-bold","fontWeight","components/ui/table","apps/web/src/app/components/ui/table.tsx","78","26","direct"
"--tracking-label","letterSpacing","components/ui/table","apps/web/src/app/components/ui/table.tsx","79","29","direct"
"--font-display","fontFamily","components/ui/typography","apps/web/src/app/components/ui/typography.tsx","28","22","direct"
"--type-page-title","fontSize","components/ui/typography","apps/web/src/app/components/ui/typography.tsx","29","20","direct"
"--weight-bold","fontWeight","components/ui/typography","apps/web/src/app/components/ui/typography.tsx","30","22","direct"
"--leading-snug","lineHeight","components/ui/typography","apps/web/src/app/components/ui/typography.tsx","31","22","direct"
"--font-display","fontFamily","components/ui/typography","apps/web/src/app/components/ui/typography.tsx","34","22","direct"
"--type-panel-title","fontSize","components/ui/typography","apps/web/src/app/components/ui/typography.tsx","35","20","direct"
"--weight-bold","fontWeight","components/ui/typography","apps/web/src/app/components/ui/typography.tsx","36","22","direct"
"--leading-snug","lineHeight","components/ui/typography","apps/web/src/app/components/ui/typography.tsx","37","22","direct"
"--font-display","fontFamily","components/ui/typography","apps/web/src/app/components/ui/typography.tsx","40","22","direct"
"--type-heading-lg","fontSize","components/ui/typography","apps/web/src/app/components/ui/typography.tsx","41","20","direct"
"--weight-bold","fontWeight","components/ui/typography","apps/web/src/app/components/ui/typography.tsx","42","22","direct"
"--leading-snug","lineHeight","components/ui/typography","apps/web/src/app/components/ui/typography.tsx","43","22","direct"
"--font-display","fontFamily","components/ui/typography","apps/web/src/app/components/ui/typography.tsx","46","22","direct"
"--type-heading-md","fontSize","components/ui/typography","apps/web/src/app/components/ui/typography.tsx","47","20","direct"
"--weight-bold","fontWeight","components/ui/typography","apps/web/src/app/components/ui/typography.tsx","48","22","direct"
"--leading-snug","lineHeight","components/ui/typography","apps/web/src/app/components/ui/typography.tsx","49","22","direct"
"--font-display","fontFamily","components/ui/typography","apps/web/src/app/components/ui/typography.tsx","52","22","direct"
"--type-heading-sm","fontSize","components/ui/typography","apps/web/src/app/components/ui/typography.tsx","53","20","direct"
"--weight-semibold","fontWeight","components/ui/typography","apps/web/src/app/components/ui/typography.tsx","54","22","direct"
"--leading-snug","lineHeight","components/ui/typography","apps/web/src/app/components/ui/typography.tsx","55","22","direct"
"--font-display","fontFamily","components/ui/typography","apps/web/src/app/components/ui/typography.tsx","58","22","direct"
"--type-panel-title","fontSize","components/ui/typography","apps/web/src/app/components/ui/typography.tsx","59","20","direct"
"--weight-extrabold","fontWeight","components/ui/typography","apps/web/src/app/components/ui/typography.tsx","60","22","direct"
"--leading-tight","lineHeight","components/ui/typography","apps/web/src/app/components/ui/typography.tsx","61","22","direct"
"--font-body","fontFamily","components/ui/typography","apps/web/src/app/components/ui/typography.tsx","64","22","direct"
"--type-body","fontSize","components/ui/typography","apps/web/src/app/components/ui/typography.tsx","65","20","direct"
"--weight-regular","fontWeight","components/ui/typography","apps/web/src/app/components/ui/typography.tsx","66","22","direct"
"--leading-normal","lineHeight","components/ui/typography","apps/web/src/app/components/ui/typography.tsx","67","22","direct"
"--font-body","fontFamily","components/ui/typography","apps/web/src/app/components/ui/typography.tsx","70","22","direct"
"--type-body-sm","fontSize","components/ui/typography","apps/web/src/app/components/ui/typography.tsx","71","20","direct"
"--weight-regular","fontWeight","components/ui/typography","apps/web/src/app/components/ui/typography.tsx","72","22","direct"
"--leading-normal","lineHeight","components/ui/typography","apps/web/src/app/components/ui/typography.tsx","73","22","direct"
"--font-body","fontFamily","components/ui/typography","apps/web/src/app/components/ui/typography.tsx","76","22","direct"
"--type-caption","fontSize","components/ui/typography","apps/web/src/app/components/ui/typography.tsx","77","20","direct"
"--weight-regular","fontWeight","components/ui/typography","apps/web/src/app/components/ui/typography.tsx","78","22","direct"
"--leading-normal","lineHeight","components/ui/typography","apps/web/src/app/components/ui/typography.tsx","79","22","direct"
"--font-body","fontFamily","components/ui/typography","apps/web/src/app/components/ui/typography.tsx","82","22","direct"
"--type-label","fontSize","components/ui/typography","apps/web/src/app/components/ui/typography.tsx","83","20","direct"
"--weight-bold","fontWeight","components/ui/typography","apps/web/src/app/components/ui/typography.tsx","84","22","direct"
"--leading-snug","lineHeight","components/ui/typography","apps/web/src/app/components/ui/typography.tsx","85","22","direct"
"--tracking-label","letterSpacing","components/ui/typography","apps/web/src/app/components/ui/typography.tsx","86","25","direct"
"--mobile-bottom-nav-clearance","scroll-padding-bottom","src/styles/index.css","apps/web/src/styles/index.css","7","30","direct"
"--type-control-value","type-filter-value","src/styles/theme.css","apps/web/src/styles/theme.css","16","5","token definition"
"--type-label","type-filter-label","src/styles/theme.css","apps/web/src/styles/theme.css","19","5","token definition"
"--on-brand","status-icon-badge-fg","src/styles/theme.css","apps/web/src/styles/theme.css","83","31","token definition"
"--brand-primary","global-nav-selected-bg","src/styles/theme.css","apps/web/src/styles/theme.css","120","33","token definition"
"--on-brand","global-nav-selected-fg","src/styles/theme.css","apps/web/src/styles/theme.css","121","33","token definition"
"--brand-primary-soft","local-nav-selected-bg","src/styles/theme.css","apps/web/src/styles/theme.css","122","32","token definition"
"--brand-primary-hover","local-nav-selected-fg","src/styles/theme.css","apps/web/src/styles/theme.css","123","32","token definition"
"--control-height-default","overview-action-height-mobile","src/styles/theme.css","apps/web/src/styles/theme.css","129","9","token definition"
"--status-info-bg","surface-neutral","src/styles/theme.css","apps/web/src/styles/theme.css","173","26","token definition"
"--text-toast-dim","toast-neutral","src/styles/theme.css","apps/web/src/styles/theme.css","209","24","token definition"
"--text-faint","overlay-muted","src/styles/theme.css","apps/web/src/styles/theme.css","215","24","token definition"
"--surface-page","background","src/styles/theme.css","apps/web/src/styles/theme.css","310","21","token definition"
"--text-primary","foreground","src/styles/theme.css","apps/web/src/styles/theme.css","311","21","token definition"
"--surface-card","card","src/styles/theme.css","apps/web/src/styles/theme.css","312","15","token definition"
"--text-primary","card-foreground","src/styles/theme.css","apps/web/src/styles/theme.css","313","26","token definition"
"--surface-card","popover","src/styles/theme.css","apps/web/src/styles/theme.css","314","18","token definition"
"--text-primary","popover-foreground","src/styles/theme.css","apps/web/src/styles/theme.css","315","29","token definition"
"--brand-primary","primary","src/styles/theme.css","apps/web/src/styles/theme.css","332","18","token definition"
"--on-brand","primary-foreground","src/styles/theme.css","apps/web/src/styles/theme.css","333","29","token definition"
"--surface-muted","muted","src/styles/theme.css","apps/web/src/styles/theme.css","336","16","token definition"
"--text-secondary","muted-foreground","src/styles/theme.css","apps/web/src/styles/theme.css","337","27","token definition"
"--secondary-foreground","accent-foreground","src/styles/theme.css","apps/web/src/styles/theme.css","339","28","token definition"
"--status-danger-fg","destructive","src/styles/theme.css","apps/web/src/styles/theme.css","340","22","token definition"
"--on-brand","destructive-foreground","src/styles/theme.css","apps/web/src/styles/theme.css","341","33","token definition"
"--wash-brand-soft","border","src/styles/theme.css","apps/web/src/styles/theme.css","342","17","token definition"
"--surface-muted","input-background","src/styles/theme.css","apps/web/src/styles/theme.css","344","27","token definition"
"--chart-series-1","chart-1","src/styles/theme.css","apps/web/src/styles/theme.css","347","18","token definition"
"--chart-series-2","chart-2","src/styles/theme.css","apps/web/src/styles/theme.css","348","18","token definition"
"--chart-series-3","chart-3","src/styles/theme.css","apps/web/src/styles/theme.css","349","18","token definition"
"--chart-series-4","chart-4","src/styles/theme.css","apps/web/src/styles/theme.css","350","18","token definition"
"--chart-series-5","chart-5","src/styles/theme.css","apps/web/src/styles/theme.css","351","18","token definition"
"--legend-green","chart-target-band","src/styles/theme.css","apps/web/src/styles/theme.css","352","28","token definition"
"--surface-card","sidebar","src/styles/theme.css","apps/web/src/styles/theme.css","354","18","token definition"
"--text-primary","sidebar-foreground","src/styles/theme.css","apps/web/src/styles/theme.css","355","29","token definition"
"--brand-primary","sidebar-primary","src/styles/theme.css","apps/web/src/styles/theme.css","356","26","token definition"
"--on-brand","sidebar-primary-foreground","src/styles/theme.css","apps/web/src/styles/theme.css","357","37","token definition"
"--surface-muted","sidebar-accent","src/styles/theme.css","apps/web/src/styles/theme.css","358","25","token definition"
"--text-primary","sidebar-accent-foreground","src/styles/theme.css","apps/web/src/styles/theme.css","359","36","token definition"
"--wash-brand-soft","sidebar-border","src/styles/theme.css","apps/web/src/styles/theme.css","360","25","token definition"
"--ring","sidebar-ring","src/styles/theme.css","apps/web/src/styles/theme.css","361","23","token definition"
"--background","color-background","src/styles/theme.css","apps/web/src/styles/theme.css","417","27","token definition"
"--foreground","color-foreground","src/styles/theme.css","apps/web/src/styles/theme.css","418","27","token definition"
"--card","color-card","src/styles/theme.css","apps/web/src/styles/theme.css","419","21","token definition"
"--card-foreground","color-card-foreground","src/styles/theme.css","apps/web/src/styles/theme.css","420","32","token definition"
"--popover","color-popover","src/styles/theme.css","apps/web/src/styles/theme.css","421","24","token definition"
"--popover-foreground","color-popover-foreground","src/styles/theme.css","apps/web/src/styles/theme.css","422","35","token definition"
"--primary","color-primary","src/styles/theme.css","apps/web/src/styles/theme.css","423","24","token definition"
"--primary-foreground","color-primary-foreground","src/styles/theme.css","apps/web/src/styles/theme.css","424","35","token definition"
"--secondary","color-secondary","src/styles/theme.css","apps/web/src/styles/theme.css","425","26","token definition"
"--secondary-foreground","color-secondary-foreground","src/styles/theme.css","apps/web/src/styles/theme.css","426","37","token definition"
"--muted","color-muted","src/styles/theme.css","apps/web/src/styles/theme.css","427","22","token definition"
"--muted-foreground","color-muted-foreground","src/styles/theme.css","apps/web/src/styles/theme.css","428","33","token definition"
"--accent","color-accent","src/styles/theme.css","apps/web/src/styles/theme.css","429","23","token definition"
"--accent-foreground","color-accent-foreground","src/styles/theme.css","apps/web/src/styles/theme.css","430","34","token definition"
"--destructive","color-destructive","src/styles/theme.css","apps/web/src/styles/theme.css","431","28","token definition"
"--destructive-foreground","color-destructive-foreground","src/styles/theme.css","apps/web/src/styles/theme.css","432","39","token definition"
"--border","color-border","src/styles/theme.css","apps/web/src/styles/theme.css","433","23","token definition"
"--input","color-input","src/styles/theme.css","apps/web/src/styles/theme.css","434","22","token definition"
"--input-background","color-input-background","src/styles/theme.css","apps/web/src/styles/theme.css","435","33","token definition"
"--switch-background","color-switch-background","src/styles/theme.css","apps/web/src/styles/theme.css","436","34","token definition"
"--ring","color-ring","src/styles/theme.css","apps/web/src/styles/theme.css","437","21","token definition"
"--chart-1","color-chart-1","src/styles/theme.css","apps/web/src/styles/theme.css","438","24","token definition"
"--chart-2","color-chart-2","src/styles/theme.css","apps/web/src/styles/theme.css","439","24","token definition"
"--chart-3","color-chart-3","src/styles/theme.css","apps/web/src/styles/theme.css","440","24","token definition"
"--chart-4","color-chart-4","src/styles/theme.css","apps/web/src/styles/theme.css","441","24","token definition"
"--chart-5","color-chart-5","src/styles/theme.css","apps/web/src/styles/theme.css","442","24","token definition"
"--radius","radius-sm","src/styles/theme.css","apps/web/src/styles/theme.css","443","25","token definition"
"--radius","radius-md","src/styles/theme.css","apps/web/src/styles/theme.css","444","25","token definition"
"--radius","radius-lg","src/styles/theme.css","apps/web/src/styles/theme.css","445","20","token definition"
"--radius","radius-xl","src/styles/theme.css","apps/web/src/styles/theme.css","446","25","token definition"
"--sidebar","color-sidebar","src/styles/theme.css","apps/web/src/styles/theme.css","447","24","token definition"
"--sidebar-foreground","color-sidebar-foreground","src/styles/theme.css","apps/web/src/styles/theme.css","448","35","token definition"
"--sidebar-primary","color-sidebar-primary","src/styles/theme.css","apps/web/src/styles/theme.css","449","32","token definition"
"--sidebar-primary-foreground","color-sidebar-primary-foreground","src/styles/theme.css","apps/web/src/styles/theme.css","450","43","token definition"
"--sidebar-accent","color-sidebar-accent","src/styles/theme.css","apps/web/src/styles/theme.css","451","31","token definition"
"--sidebar-accent-foreground","color-sidebar-accent-foreground","src/styles/theme.css","apps/web/src/styles/theme.css","452","42","token definition"
"--sidebar-border","color-sidebar-border","src/styles/theme.css","apps/web/src/styles/theme.css","453","31","token definition"
"--sidebar-ring","color-sidebar-ring","src/styles/theme.css","apps/web/src/styles/theme.css","454","29","token definition"
"--font-body","font-family","src/styles/theme.css","apps/web/src/styles/theme.css","472","22","direct"
"--font-display","font-family","src/styles/theme.css","apps/web/src/styles/theme.css","482","22","direct"
"--type-page-title","font-size","src/styles/theme.css","apps/web/src/styles/theme.css","499","20","direct"
"--weight-semibold","font-weight","src/styles/theme.css","apps/web/src/styles/theme.css","500","22","direct"
"--type-heading-lg","font-size","src/styles/theme.css","apps/web/src/styles/theme.css","505","20","direct"
"--weight-semibold","font-weight","src/styles/theme.css","apps/web/src/styles/theme.css","506","22","direct"
"--type-heading-md","font-size","src/styles/theme.css","apps/web/src/styles/theme.css","511","20","direct"
"--weight-semibold","font-weight","src/styles/theme.css","apps/web/src/styles/theme.css","512","22","direct"
"--type-heading-sm","font-size","src/styles/theme.css","apps/web/src/styles/theme.css","517","20","direct"
"--weight-semibold","font-weight","src/styles/theme.css","apps/web/src/styles/theme.css","518","22","direct"
"--type-body","font-size","src/styles/theme.css","apps/web/src/styles/theme.css","523","20","direct"
"--weight-semibold","font-weight","src/styles/theme.css","apps/web/src/styles/theme.css","524","22","direct"
"--type-body","font-size","src/styles/theme.css","apps/web/src/styles/theme.css","529","20","direct"
"--weight-semibold","font-weight","src/styles/theme.css","apps/web/src/styles/theme.css","530","22","direct"
"--type-control-value","font-size","src/styles/theme.css","apps/web/src/styles/theme.css","535","20","direct"
"--weight-regular","font-weight","src/styles/theme.css","apps/web/src/styles/theme.css","536","22","direct"
